group,status,missing,numerator,denominator,session,repeat,ratio,numerator_config,denominator_config
5eee6ac356f888b3,paired,,pffft-hybrid-float,pffft-scheduled-batch-float,spec012-confirm-01,0,0.8527481208127144,d1f02a2d4f017cc4893f6a6ccee90a873066afcfdab410eb581b5086ba1b1b1f,9a58ed2e77e70523c10fed3cc41dc0f88922140c49088aef2ef969b498fb7246
5eee6ac356f888b3,paired,,pffft-hybrid-float,pffft-scheduled-batch-float,spec012-confirm-01,1,0.8525741945703003,d1f02a2d4f017cc4893f6a6ccee90a873066afcfdab410eb581b5086ba1b1b1f,9a58ed2e77e70523c10fed3cc41dc0f88922140c49088aef2ef969b498fb7246
5eee6ac356f888b3,paired,,pffft-hybrid-float,pffft-scheduled-batch-float,spec012-confirm-01,2,0.8518490862028394,d1f02a2d4f017cc4893f6a6ccee90a873066afcfdab410eb581b5086ba1b1b1f,9a58ed2e77e70523c10fed3cc41dc0f88922140c49088aef2ef969b498fb7246
5eee6ac356f888b3,paired,,pffft-hybrid-float,pffft-scheduled-batch-float,spec012-confirm-02,0,0.8507261951385081,d1f02a2d4f017cc4893f6a6ccee90a873066afcfdab410eb581b5086ba1b1b1f,9a58ed2e77e70523c10fed3cc41dc0f88922140c49088aef2ef969b498fb7246
5eee6ac356f888b3,paired,,pffft-hybrid-float,pffft-scheduled-batch-float,spec012-confirm-02,1,0.852765945695922,d1f02a2d4f017cc4893f6a6ccee90a873066afcfdab410eb581b5086ba1b1b1f,9a58ed2e77e70523c10fed3cc41dc0f88922140c49088aef2ef969b498fb7246
5eee6ac356f888b3,paired,,pffft-hybrid-float,pffft-scheduled-batch-float,spec012-confirm-02,2,0.8522226147619044,d1f02a2d4f017cc4893f6a6ccee90a873066afcfdab410eb581b5086ba1b1b1f,9a58ed2e77e70523c10fed3cc41dc0f88922140c49088aef2ef969b498fb7246
5eee6ac356f888b3,paired,,pffft-hybrid-float,pffft-scheduled-batch-float,spec012-confirm-03,0,0.8507467268121481,d1f02a2d4f017cc4893f6a6ccee90a873066afcfdab410eb581b5086ba1b1b1f,9a58ed2e77e70523c10fed3cc41dc0f88922140c49088aef2ef969b498fb7246
5eee6ac356f888b3,paired,,pffft-hybrid-float,pffft-scheduled-batch-float,spec012-confirm-03,1,0.8515860503405615,d1f02a2d4f017cc4893f6a6ccee90a873066afcfdab410eb581b5086ba1b1b1f,9a58ed2e77e70523c10fed3cc41dc0f88922140c49088aef2ef969b498fb7246
5eee6ac356f888b3,paired,,pffft-hybrid-float,pffft-scheduled-batch-float,spec012-confirm-03,2,0.8881710519487259,d1f02a2d4f017cc4893f6a6ccee90a873066afcfdab410eb581b5086ba1b1b1f,9a58ed2e77e70523c10fed3cc41dc0f88922140c49088aef2ef969b498fb7246
5eee6ac356f888b3,paired,,legacy-incremental-float,legacy-batch-float,spec012-confirm-01,0,0.9244406109218768,b99c817361da0c7edf682b4e1a99e2259b9c69057081388affb3f8368d46fd70,049a1f747350ccaa468459a66fc450d9e3609fdb07ce2576c51a24e19bd7107e
5eee6ac356f888b3,paired,,legacy-incremental-float,legacy-batch-float,spec012-confirm-01,1,0.9318854192779801,b99c817361da0c7edf682b4e1a99e2259b9c69057081388affb3f8368d46fd70,049a1f747350ccaa468459a66fc450d9e3609fdb07ce2576c51a24e19bd7107e
5eee6ac356f888b3,paired,,legacy-incremental-float,legacy-batch-float,spec012-confirm-01,2,0.940081146196125,b99c817361da0c7edf682b4e1a99e2259b9c69057081388affb3f8368d46fd70,049a1f747350ccaa468459a66fc450d9e3609fdb07ce2576c51a24e19bd7107e
5eee6ac356f888b3,paired,,legacy-incremental-float,legacy-batch-float,spec012-confirm-02,0,0.9452548778879002,b99c817361da0c7edf682b4e1a99e2259b9c69057081388affb3f8368d46fd70,049a1f747350ccaa468459a66fc450d9e3609fdb07ce2576c51a24e19bd7107e
5eee6ac356f888b3,paired,,legacy-incremental-float,legacy-batch-float,spec012-confirm-02,1,0.9379353283429086,b99c817361da0c7edf682b4e1a99e2259b9c69057081388affb3f8368d46fd70,049a1f747350ccaa468459a66fc450d9e3609fdb07ce2576c51a24e19bd7107e
5eee6ac356f888b3,paired,,legacy-incremental-float,legacy-batch-float,spec012-confirm-02,2,0.9264625921157165,b99c817361da0c7edf682b4e1a99e2259b9c69057081388affb3f8368d46fd70,049a1f747350ccaa468459a66fc450d9e3609fdb07ce2576c51a24e19bd7107e
5eee6ac356f888b3,paired,,legacy-incremental-float,legacy-batch-float,spec012-confirm-03,0,0.929293817547752,b99c817361da0c7edf682b4e1a99e2259b9c69057081388affb3f8368d46fd70,049a1f747350ccaa468459a66fc450d9e3609fdb07ce2576c51a24e19bd7107e
5eee6ac356f888b3,paired,,legacy-incremental-float,legacy-batch-float,spec012-confirm-03,1,0.8914117044739808,b99c817361da0c7edf682b4e1a99e2259b9c69057081388affb3f8368d46fd70,049a1f747350ccaa468459a66fc450d9e3609fdb07ce2576c51a24e19bd7107e
5eee6ac356f888b3,paired,,legacy-incremental-float,legacy-batch-float,spec012-confirm-03,2,0.9442479757366649,b99c817361da0c7edf682b4e1a99e2259b9c69057081388affb3f8368d46fd70,049a1f747350ccaa468459a66fc450d9e3609fdb07ce2576c51a24e19bd7107e
5eee6ac356f888b3,paired,,pffft-hybrid-float,pffft-analysis-float,spec012-confirm-01,0,2.001409371067548,d1f02a2d4f017cc4893f6a6ccee90a873066afcfdab410eb581b5086ba1b1b1f,b5852bfdb7b7a585ae75601535c3eb3d3b58dee2880d3e2937d0274a7257ef83
5eee6ac356f888b3,paired,,pffft-hybrid-float,pffft-analysis-float,spec012-confirm-01,1,1.996512917277942,d1f02a2d4f017cc4893f6a6ccee90a873066afcfdab410eb581b5086ba1b1b1f,b5852bfdb7b7a585ae75601535c3eb3d3b58dee2880d3e2937d0274a7257ef83
5eee6ac356f888b3,paired,,pffft-hybrid-float,pffft-analysis-float,spec012-confirm-01,2,2.000041252302026,d1f02a2d4f017cc4893f6a6ccee90a873066afcfdab410eb581b5086ba1b1b1f,b5852bfdb7b7a585ae75601535c3eb3d3b58dee2880d3e2937d0274a7257ef83
5eee6ac356f888b3,paired,,pffft-hybrid-float,pffft-analysis-float,spec012-confirm-02,0,2.0286181048437304,d1f02a2d4f017cc4893f6a6ccee90a873066afcfdab410eb581b5086ba1b1b1f,b5852bfdb7b7a585ae75601535c3eb3d3b58dee2880d3e2937d0274a7257ef83
5eee6ac356f888b3,paired,,pffft-hybrid-float,pffft-analysis-float,spec012-confirm-02,1,1.9993662914117771,d1f02a2d4f017cc4893f6a6ccee90a873066afcfdab410eb581b5086ba1b1b1f,b5852bfdb7b7a585ae75601535c3eb3d3b58dee2880d3e2937d0274a7257ef83
5eee6ac356f888b3,paired,,pffft-hybrid-float,pffft-analysis-float,spec012-confirm-02,2,1.99027123404775,d1f02a2d4f017cc4893f6a6ccee90a873066afcfdab410eb581b5086ba1b1b1f,b5852bfdb7b7a585ae75601535c3eb3d3b58dee2880d3e2937d0274a7257ef83
5eee6ac356f888b3,paired,,pffft-hybrid-float,pffft-analysis-float,spec012-confirm-03,0,1.985259484242754,d1f02a2d4f017cc4893f6a6ccee90a873066afcfdab410eb581b5086ba1b1b1f,b5852bfdb7b7a585ae75601535c3eb3d3b58dee2880d3e2937d0274a7257ef83
5eee6ac356f888b3,paired,,pffft-hybrid-float,pffft-analysis-float,spec012-confirm-03,1,1.9982058724642533,d1f02a2d4f017cc4893f6a6ccee90a873066afcfdab410eb581b5086ba1b1b1f,b5852bfdb7b7a585ae75601535c3eb3d3b58dee2880d3e2937d0274a7257ef83
5eee6ac356f888b3,paired,,pffft-hybrid-float,pffft-analysis-float,spec012-confirm-03,2,1.9279954721728794,d1f02a2d4f017cc4893f6a6ccee90a873066afcfdab410eb581b5086ba1b1b1f,b5852bfdb7b7a585ae75601535c3eb3d3b58dee2880d3e2937d0274a7257ef83
5eee6ac356f888b3,paired,,pffft-hybrid-float,core-float,spec012-confirm-01,0,1.022626632017283,d1f02a2d4f017cc4893f6a6ccee90a873066afcfdab410eb581b5086ba1b1b1f,e42b71b5a47e1bc0b945aac7ad07f87a3527482cd6c9419dd4081697f8d201e1
5eee6ac356f888b3,paired,,pffft-hybrid-float,core-float,spec012-confirm-01,1,1.022567136108345,d1f02a2d4f017cc4893f6a6ccee90a873066afcfdab410eb581b5086ba1b1b1f,e42b71b5a47e1bc0b945aac7ad07f87a3527482cd6c9419dd4081697f8d201e1
5eee6ac356f888b3,paired,,pffft-hybrid-float,core-float,spec012-confirm-01,2,1.0242057131015656,d1f02a2d4f017cc4893f6a6ccee90a873066afcfdab410eb581b5086ba1b1b1f,e42b71b5a47e1bc0b945aac7ad07f87a3527482cd6c9419dd4081697f8d201e1
5eee6ac356f888b3,paired,,pffft-hybrid-float,core-float,spec012-confirm-02,0,1.03298091235499,d1f02a2d4f017cc4893f6a6ccee90a873066afcfdab410eb581b5086ba1b1b1f,e42b71b5a47e1bc0b945aac7ad07f87a3527482cd6c9419dd4081697f8d201e1
5eee6ac356f888b3,paired,,pffft-hybrid-float,core-float,spec012-confirm-02,1,1.0085360673028367,d1f02a2d4f017cc4893f6a6ccee90a873066afcfdab410eb581b5086ba1b1b1f,e42b71b5a47e1bc0b945aac7ad07f87a3527482cd6c9419dd4081697f8d201e1
5eee6ac356f888b3,paired,,pffft-hybrid-float,core-float,spec012-confirm-02,2,1.0225137873702042,d1f02a2d4f017cc4893f6a6ccee90a873066afcfdab410eb581b5086ba1b1b1f,e42b71b5a47e1bc0b945aac7ad07f87a3527482cd6c9419dd4081697f8d201e1
5eee6ac356f888b3,paired,,pffft-hybrid-float,core-float,spec012-confirm-03,0,1.0351591124138275,d1f02a2d4f017cc4893f6a6ccee90a873066afcfdab410eb581b5086ba1b1b1f,e42b71b5a47e1bc0b945aac7ad07f87a3527482cd6c9419dd4081697f8d201e1
5eee6ac356f888b3,paired,,pffft-hybrid-float,core-float,spec012-confirm-03,1,0.9987463690567191,d1f02a2d4f017cc4893f6a6ccee90a873066afcfdab410eb581b5086ba1b1b1f,e42b71b5a47e1bc0b945aac7ad07f87a3527482cd6c9419dd4081697f8d201e1
5eee6ac356f888b3,paired,,pffft-hybrid-float,core-float,spec012-confirm-03,2,1.078952796877435,d1f02a2d4f017cc4893f6a6ccee90a873066afcfdab410eb581b5086ba1b1b1f,e42b71b5a47e1bc0b945aac7ad07f87a3527482cd6c9419dd4081697f8d201e1
8ee737c573b2ab56,paired,,pffft-hybrid-float,pffft-scheduled-batch-float,spec012-confirm-01,0,0.8557051996711376,c895619937c80a7ae998d3d5df22b4f9307cb710f1ac4ab5695b6cf379040913,640d4a2c4d6d3b70f5401f5f18c1963c4564928f82671350221bdd58c36b0d64
8ee737c573b2ab56,paired,,pffft-hybrid-float,pffft-scheduled-batch-float,spec012-confirm-01,1,0.8217064444698988,c895619937c80a7ae998d3d5df22b4f9307cb710f1ac4ab5695b6cf379040913,640d4a2c4d6d3b70f5401f5f18c1963c4564928f82671350221bdd58c36b0d64
8ee737c573b2ab56,paired,,pffft-hybrid-float,pffft-scheduled-batch-float,spec012-confirm-01,2,0.8562562331619421,c895619937c80a7ae998d3d5df22b4f9307cb710f1ac4ab5695b6cf379040913,640d4a2c4d6d3b70f5401f5f18c1963c4564928f82671350221bdd58c36b0d64
8ee737c573b2ab56,paired,,pffft-hybrid-float,pffft-scheduled-batch-float,spec012-confirm-02,0,0.8446641840769377,c895619937c80a7ae998d3d5df22b4f9307cb710f1ac4ab5695b6cf379040913,640d4a2c4d6d3b70f5401f5f18c1963c4564928f82671350221bdd58c36b0d64
8ee737c573b2ab56,paired,,pffft-hybrid-float,pffft-scheduled-batch-float,spec012-confirm-02,1,0.8585381117959446,c895619937c80a7ae998d3d5df22b4f9307cb710f1ac4ab5695b6cf379040913,640d4a2c4d6d3b70f5401f5f18c1963c4564928f82671350221bdd58c36b0d64
8ee737c573b2ab56,paired,,pffft-hybrid-float,pffft-scheduled-batch-float,spec012-confirm-02,2,0.8529957149721645,c895619937c80a7ae998d3d5df22b4f9307cb710f1ac4ab5695b6cf379040913,640d4a2c4d6d3b70f5401f5f18c1963c4564928f82671350221bdd58c36b0d64
8ee737c573b2ab56,paired,,pffft-hybrid-float,pffft-scheduled-batch-float,spec012-confirm-03,0,0.8169257564626783,c895619937c80a7ae998d3d5df22b4f9307cb710f1ac4ab5695b6cf379040913,640d4a2c4d6d3b70f5401f5f18c1963c4564928f82671350221bdd58c36b0d64
8ee737c573b2ab56,paired,,pffft-hybrid-float,pffft-scheduled-batch-float,spec012-confirm-03,1,0.8560399946296846,c895619937c80a7ae998d3d5df22b4f9307cb710f1ac4ab5695b6cf379040913,640d4a2c4d6d3b70f5401f5f18c1963c4564928f82671350221bdd58c36b0d64
8ee737c573b2ab56,paired,,pffft-hybrid-float,pffft-scheduled-batch-float,spec012-confirm-03,2,0.8501099473711635,c895619937c80a7ae998d3d5df22b4f9307cb710f1ac4ab5695b6cf379040913,640d4a2c4d6d3b70f5401f5f18c1963c4564928f82671350221bdd58c36b0d64
8ee737c573b2ab56,paired,,legacy-incremental-float,legacy-batch-float,spec012-confirm-01,0,0.9379495449422436,7c71e379d4c8a6420385cd0c6cd10fd8ba275e2ff25c5c4fdddb9da37aea276c,cbe45b1f9a1e02590154cfad800ca724e884985dda0834e4c3b3441bc7c8abcc
8ee737c573b2ab56,paired,,legacy-incremental-float,legacy-batch-float,spec012-confirm-01,1,0.9374604341725098,7c71e379d4c8a6420385cd0c6cd10fd8ba275e2ff25c5c4fdddb9da37aea276c,cbe45b1f9a1e02590154cfad800ca724e884985dda0834e4c3b3441bc7c8abcc
8ee737c573b2ab56,paired,,legacy-incremental-float,legacy-batch-float,spec012-confirm-01,2,0.9412868224237445,7c71e379d4c8a6420385cd0c6cd10fd8ba275e2ff25c5c4fdddb9da37aea276c,cbe45b1f9a1e02590154cfad800ca724e884985dda0834e4c3b3441bc7c8abcc
8ee737c573b2ab56,paired,,legacy-incremental-float,legacy-batch-float,spec012-confirm-02,0,0.9445555005392021,7c71e379d4c8a6420385cd0c6cd10fd8ba275e2ff25c5c4fdddb9da37aea276c,cbe45b1f9a1e02590154cfad800ca724e884985dda0834e4c3b3441bc7c8abcc
8ee737c573b2ab56,paired,,legacy-incremental-float,legacy-batch-float,spec012-confirm-02,1,0.9437826907335984,7c71e379d4c8a6420385cd0c6cd10fd8ba275e2ff25c5c4fdddb9da37aea276c,cbe45b1f9a1e02590154cfad800ca724e884985dda0834e4c3b3441bc7c8abcc
8ee737c573b2ab56,paired,,legacy-incremental-float,legacy-batch-float,spec012-confirm-02,2,0.9412742741603796,7c71e379d4c8a6420385cd0c6cd10fd8ba275e2ff25c5c4fdddb9da37aea276c,cbe45b1f9a1e02590154cfad800ca724e884985dda0834e4c3b3441bc7c8abcc
8ee737c573b2ab56,paired,,legacy-incremental-float,legacy-batch-float,spec012-confirm-03,0,0.9349444048279323,7c71e379d4c8a6420385cd0c6cd10fd8ba275e2ff25c5c4fdddb9da37aea276c,cbe45b1f9a1e02590154cfad800ca724e884985dda0834e4c3b3441bc7c8abcc
8ee737c573b2ab56,paired,,legacy-incremental-float,legacy-batch-float,spec012-confirm-03,1,0.9887438470870247,7c71e379d4c8a6420385cd0c6cd10fd8ba275e2ff25c5c4fdddb9da37aea276c,cbe45b1f9a1e02590154cfad800ca724e884985dda0834e4c3b3441bc7c8abcc
8ee737c573b2ab56,paired,,legacy-incremental-float,legacy-batch-float,spec012-confirm-03,2,0.951241121345686,7c71e379d4c8a6420385cd0c6cd10fd8ba275e2ff25c5c4fdddb9da37aea276c,cbe45b1f9a1e02590154cfad800ca724e884985dda0834e4c3b3441bc7c8abcc
8ee737c573b2ab56,paired,,pffft-hybrid-float,pffft-analysis-float,spec012-confirm-01,0,1.976435336776072,c895619937c80a7ae998d3d5df22b4f9307cb710f1ac4ab5695b6cf379040913,8edc996c43d4eb7c54d3bde78bb261c8049d6b04717b15c7bf5a082c17f3cc3b
8ee737c573b2ab56,paired,,pffft-hybrid-float,pffft-analysis-float,spec012-confirm-01,1,1.995874253340364,c895619937c80a7ae998d3d5df22b4f9307cb710f1ac4ab5695b6cf379040913,8edc996c43d4eb7c54d3bde78bb261c8049d6b04717b15c7bf5a082c17f3cc3b
8ee737c573b2ab56,paired,,pffft-hybrid-float,pffft-analysis-float,spec012-confirm-01,2,1.9792686905885646,c895619937c80a7ae998d3d5df22b4f9307cb710f1ac4ab5695b6cf379040913,8edc996c43d4eb7c54d3bde78bb261c8049d6b04717b15c7bf5a082c17f3cc3b
8ee737c573b2ab56,paired,,pffft-hybrid-float,pffft-analysis-float,spec012-confirm-02,0,1.9761099634929955,c895619937c80a7ae998d3d5df22b4f9307cb710f1ac4ab5695b6cf379040913,8edc996c43d4eb7c54d3bde78bb261c8049d6b04717b15c7bf5a082c17f3cc3b
8ee737c573b2ab56,paired,,pffft-hybrid-float,pffft-analysis-float,spec012-confirm-02,1,1.9916546654709288,c895619937c80a7ae998d3d5df22b4f9307cb710f1ac4ab5695b6cf379040913,8edc996c43d4eb7c54d3bde78bb261c8049d6b04717b15c7bf5a082c17f3cc3b
8ee737c573b2ab56,paired,,pffft-hybrid-float,pffft-analysis-float,spec012-confirm-02,2,2.006801052895389,c895619937c80a7ae998d3d5df22b4f9307cb710f1ac4ab5695b6cf379040913,8edc996c43d4eb7c54d3bde78bb261c8049d6b04717b15c7bf5a082c17f3cc3b
8ee737c573b2ab56,paired,,pffft-hybrid-float,pffft-analysis-float,spec012-confirm-03,0,2.041002428021244,c895619937c80a7ae998d3d5df22b4f9307cb710f1ac4ab5695b6cf379040913,8edc996c43d4eb7c54d3bde78bb261c8049d6b04717b15c7bf5a082c17f3cc3b
8ee737c573b2ab56,paired,,pffft-hybrid-float,pffft-analysis-float,spec012-confirm-03,1,1.9361431217446745,c895619937c80a7ae998d3d5df22b4f9307cb710f1ac4ab5695b6cf379040913,8edc996c43d4eb7c54d3bde78bb261c8049d6b04717b15c7bf5a082c17f3cc3b
8ee737c573b2ab56,paired,,pffft-hybrid-float,pffft-analysis-float,spec012-confirm-03,2,1.9755448155338302,c895619937c80a7ae998d3d5df22b4f9307cb710f1ac4ab5695b6cf379040913,8edc996c43d4eb7c54d3bde78bb261c8049d6b04717b15c7bf5a082c17f3cc3b
8ee737c573b2ab56,paired,,pffft-hybrid-float,core-float,spec012-confirm-01,0,1.024465412941548,c895619937c80a7ae998d3d5df22b4f9307cb710f1ac4ab5695b6cf379040913,ca541c12c56a830ecbe3b9911bf8b1da03ae3f61bfb9fd44ec072a6f173c1b48
8ee737c573b2ab56,paired,,pffft-hybrid-float,core-float,spec012-confirm-01,1,1.032760796588447,c895619937c80a7ae998d3d5df22b4f9307cb710f1ac4ab5695b6cf379040913,ca541c12c56a830ecbe3b9911bf8b1da03ae3f61bfb9fd44ec072a6f173c1b48
8ee737c573b2ab56,paired,,pffft-hybrid-float,core-float,spec012-confirm-01,2,1.0227344067647575,c895619937c80a7ae998d3d5df22b4f9307cb710f1ac4ab5695b6cf379040913,ca541c12c56a830ecbe3b9911bf8b1da03ae3f61bfb9fd44ec072a6f173c1b48
8ee737c573b2ab56,paired,,pffft-hybrid-float,core-float,spec012-confirm-02,0,1.01657409305211,c895619937c80a7ae998d3d5df22b4f9307cb710f1ac4ab5695b6cf379040913,ca541c12c56a830ecbe3b9911bf8b1da03ae3f61bfb9fd44ec072a6f173c1b48
8ee737c573b2ab56,paired,,pffft-hybrid-float,core-float,spec012-confirm-02,1,1.0154694157700266,c895619937c80a7ae998d3d5df22b4f9307cb710f1ac4ab5695b6cf379040913,ca541c12c56a830ecbe3b9911bf8b1da03ae3f61bfb9fd44ec072a6f173c1b48
8ee737c573b2ab56,paired,,pffft-hybrid-float,core-float,spec012-confirm-02,2,1.0132061123708132,c895619937c80a7ae998d3d5df22b4f9307cb710f1ac4ab5695b6cf379040913,ca541c12c56a830ecbe3b9911bf8b1da03ae3f61bfb9fd44ec072a6f173c1b48
8ee737c573b2ab56,paired,,pffft-hybrid-float,core-float,spec012-confirm-03,0,1.0131984959949922,c895619937c80a7ae998d3d5df22b4f9307cb710f1ac4ab5695b6cf379040913,ca541c12c56a830ecbe3b9911bf8b1da03ae3f61bfb9fd44ec072a6f173c1b48
8ee737c573b2ab56,paired,,pffft-hybrid-float,core-float,spec012-confirm-03,1,0.9932200075168797,c895619937c80a7ae998d3d5df22b4f9307cb710f1ac4ab5695b6cf379040913,ca541c12c56a830ecbe3b9911bf8b1da03ae3f61bfb9fd44ec072a6f173c1b48
8ee737c573b2ab56,paired,,pffft-hybrid-float,core-float,spec012-confirm-03,2,0.9955473183467228,c895619937c80a7ae998d3d5df22b4f9307cb710f1ac4ab5695b6cf379040913,ca541c12c56a830ecbe3b9911bf8b1da03ae3f61bfb9fd44ec072a6f173c1b48
