stratum,config_sha256,backend,session,repeat,precision,n,hop,instances,channels_per_instance,mode,state,status,coverage_policy,accuracy_policy,reference,reference_precision,expected_spectra,checked_spectra,expected_bins,checked_bins,max_relative_l2,max_relative_linf,max_abs_error,absolute_error_units,zero_spectra,legacy_pointwise_failures
3aeff8d50243a034,0461a2ece11fd57183199cd87cf63ef181977d9765308d6b027337a3fa267b61,legacy-incremental-float,spec012-confirm-01,0,float,2048,1024,1,1,throughput,steady,full,all-publications-v1,spectrum-norms-v1,independent recursive binary64 FFT / direct DFT; matched float windows; direct bands and EMA,binary64 FFT / long-double direct DFT,64,64,65600,65600,2.15934702845581e-07,2.794693895227653e-07,0.00014317035675048828,unnormalized FFT magnitude,0,0
3aeff8d50243a034,0461a2ece11fd57183199cd87cf63ef181977d9765308d6b027337a3fa267b61,legacy-incremental-float,spec012-confirm-01,1,float,2048,1024,1,1,throughput,steady,full,all-publications-v1,spectrum-norms-v1,independent recursive binary64 FFT / direct DFT; matched float windows; direct bands and EMA,binary64 FFT / long-double direct DFT,64,64,65600,65600,2.15934702845581e-07,2.794693895227653e-07,0.00014317035675048828,unnormalized FFT magnitude,0,0
3aeff8d50243a034,0461a2ece11fd57183199cd87cf63ef181977d9765308d6b027337a3fa267b61,legacy-incremental-float,spec012-confirm-01,2,float,2048,1024,1,1,throughput,steady,full,all-publications-v1,spectrum-norms-v1,independent recursive binary64 FFT / direct DFT; matched float windows; direct bands and EMA,binary64 FFT / long-double direct DFT,64,64,65600,65600,2.15934702845581e-07,2.794693895227653e-07,0.00014317035675048828,unnormalized FFT magnitude,0,0
3aeff8d50243a034,0461a2ece11fd57183199cd87cf63ef181977d9765308d6b027337a3fa267b61,legacy-incremental-float,spec012-confirm-02,0,float,2048,1024,1,1,throughput,steady,full,all-publications-v1,spectrum-norms-v1,independent recursive binary64 FFT / direct DFT; matched float windows; direct bands and EMA,binary64 FFT / long-double direct DFT,64,64,65600,65600,2.15934702845581e-07,2.794693895227653e-07,0.00014317035675048828,unnormalized FFT magnitude,0,0
3aeff8d50243a034,0461a2ece11fd57183199cd87cf63ef181977d9765308d6b027337a3fa267b61,legacy-incremental-float,spec012-confirm-02,1,float,2048,1024,1,1,throughput,steady,full,all-publications-v1,spectrum-norms-v1,independent recursive binary64 FFT / direct DFT; matched float windows; direct bands and EMA,binary64 FFT / long-double direct DFT,64,64,65600,65600,2.15934702845581e-07,2.794693895227653e-07,0.00014317035675048828,unnormalized FFT magnitude,0,0
3aeff8d50243a034,0461a2ece11fd57183199cd87cf63ef181977d9765308d6b027337a3fa267b61,legacy-incremental-float,spec012-confirm-02,2,float,2048,1024,1,1,throughput,steady,full,all-publications-v1,spectrum-norms-v1,independent recursive binary64 FFT / direct DFT; matched float windows; direct bands and EMA,binary64 FFT / long-double direct DFT,64,64,65600,65600,2.15934702845581e-07,2.794693895227653e-07,0.00014317035675048828,unnormalized FFT magnitude,0,0
3aeff8d50243a034,0461a2ece11fd57183199cd87cf63ef181977d9765308d6b027337a3fa267b61,legacy-incremental-float,spec012-confirm-03,0,float,2048,1024,1,1,throughput,steady,full,all-publications-v1,spectrum-norms-v1,independent recursive binary64 FFT / direct DFT; matched float windows; direct bands and EMA,binary64 FFT / long-double direct DFT,64,64,65600,65600,2.15934702845581e-07,2.794693895227653e-07,0.00014317035675048828,unnormalized FFT magnitude,0,0
3aeff8d50243a034,0461a2ece11fd57183199cd87cf63ef181977d9765308d6b027337a3fa267b61,legacy-incremental-float,spec012-confirm-03,1,float,2048,1024,1,1,throughput,steady,full,all-publications-v1,spectrum-norms-v1,independent recursive binary64 FFT / direct DFT; matched float windows; direct bands and EMA,binary64 FFT / long-double direct DFT,64,64,65600,65600,2.15934702845581e-07,2.794693895227653e-07,0.00014317035675048828,unnormalized FFT magnitude,0,0
3aeff8d50243a034,0461a2ece11fd57183199cd87cf63ef181977d9765308d6b027337a3fa267b61,legacy-incremental-float,spec012-confirm-03,2,float,2048,1024,1,1,throughput,steady,full,all-publications-v1,spectrum-norms-v1,independent recursive binary64 FFT / direct DFT; matched float windows; direct bands and EMA,binary64 FFT / long-double direct DFT,64,64,65600,65600,2.15934702845581e-07,2.794693895227653e-07,0.00014317035675048828,unnormalized FFT magnitude,0,0
3aeff8d50243a034,0c9a705ab0e85a609737635797877217fb5f5493b3280d427f7665df2f01bd8b,core-float,spec012-confirm-01,0,float,2048,1024,1,1,callback,steady,full,all-publications-v1,spectrum-norms-v1,independent recursive binary64 FFT / direct DFT; matched float windows; direct bands and EMA,binary64 FFT / long-double direct DFT,64,64,65600,65600,2.15934702845581e-07,2.794693895227653e-07,0.00014317035675048828,unnormalized FFT magnitude,0,0
3aeff8d50243a034,0c9a705ab0e85a609737635797877217fb5f5493b3280d427f7665df2f01bd8b,core-float,spec012-confirm-01,1,float,2048,1024,1,1,callback,steady,full,all-publications-v1,spectrum-norms-v1,independent recursive binary64 FFT / direct DFT; matched float windows; direct bands and EMA,binary64 FFT / long-double direct DFT,64,64,65600,65600,2.15934702845581e-07,2.794693895227653e-07,0.00014317035675048828,unnormalized FFT magnitude,0,0
3aeff8d50243a034,0c9a705ab0e85a609737635797877217fb5f5493b3280d427f7665df2f01bd8b,core-float,spec012-confirm-01,2,float,2048,1024,1,1,callback,steady,full,all-publications-v1,spectrum-norms-v1,independent recursive binary64 FFT / direct DFT; matched float windows; direct bands and EMA,binary64 FFT / long-double direct DFT,64,64,65600,65600,2.15934702845581e-07,2.794693895227653e-07,0.00014317035675048828,unnormalized FFT magnitude,0,0
3aeff8d50243a034,0c9a705ab0e85a609737635797877217fb5f5493b3280d427f7665df2f01bd8b,core-float,spec012-confirm-02,0,float,2048,1024,1,1,callback,steady,full,all-publications-v1,spectrum-norms-v1,independent recursive binary64 FFT / direct DFT; matched float windows; direct bands and EMA,binary64 FFT / long-double direct DFT,64,64,65600,65600,2.15934702845581e-07,2.794693895227653e-07,0.00014317035675048828,unnormalized FFT magnitude,0,0
3aeff8d50243a034,0c9a705ab0e85a609737635797877217fb5f5493b3280d427f7665df2f01bd8b,core-float,spec012-confirm-02,1,float,2048,1024,1,1,callback,steady,full,all-publications-v1,spectrum-norms-v1,independent recursive binary64 FFT / direct DFT; matched float windows; direct bands and EMA,binary64 FFT / long-double direct DFT,64,64,65600,65600,2.15934702845581e-07,2.794693895227653e-07,0.00014317035675048828,unnormalized FFT magnitude,0,0
3aeff8d50243a034,0c9a705ab0e85a609737635797877217fb5f5493b3280d427f7665df2f01bd8b,core-float,spec012-confirm-02,2,float,2048,1024,1,1,callback,steady,full,all-publications-v1,spectrum-norms-v1,independent recursive binary64 FFT / direct DFT; matched float windows; direct bands and EMA,binary64 FFT / long-double direct DFT,64,64,65600,65600,2.15934702845581e-07,2.794693895227653e-07,0.00014317035675048828,unnormalized FFT magnitude,0,0
3aeff8d50243a034,0c9a705ab0e85a609737635797877217fb5f5493b3280d427f7665df2f01bd8b,core-float,spec012-confirm-03,0,float,2048,1024,1,1,callback,steady,full,all-publications-v1,spectrum-norms-v1,independent recursive binary64 FFT / direct DFT; matched float windows; direct bands and EMA,binary64 FFT / long-double direct DFT,64,64,65600,65600,2.15934702845581e-07,2.794693895227653e-07,0.00014317035675048828,unnormalized FFT magnitude,0,0
3aeff8d50243a034,0c9a705ab0e85a609737635797877217fb5f5493b3280d427f7665df2f01bd8b,core-float,spec012-confirm-03,1,float,2048,1024,1,1,callback,steady,full,all-publications-v1,spectrum-norms-v1,independent recursive binary64 FFT / direct DFT; matched float windows; direct bands and EMA,binary64 FFT / long-double direct DFT,64,64,65600,65600,2.15934702845581e-07,2.794693895227653e-07,0.00014317035675048828,unnormalized FFT magnitude,0,0
3aeff8d50243a034,0c9a705ab0e85a609737635797877217fb5f5493b3280d427f7665df2f01bd8b,core-float,spec012-confirm-03,2,float,2048,1024,1,1,callback,steady,full,all-publications-v1,spectrum-norms-v1,independent recursive binary64 FFT / direct DFT; matched float windows; direct bands and EMA,binary64 FFT / long-double direct DFT,64,64,65600,65600,2.15934702845581e-07,2.794693895227653e-07,0.00014317035675048828,unnormalized FFT magnitude,0,0
3aeff8d50243a034,14c3514a4dc743a3a286be3d5201cb70fae2771d14fbe8b5837779ac7cdc53f1,pffft-analysis-float,spec012-confirm-01,0,float,2048,1024,1,1,throughput,steady,existing all-output numerical replay,archived-vector-counts,spectrum-norms-v1,direct DFT or binary64 FFT of matched frame bytes; direct band sums and EMA,see archived reference; precision not separately recorded,64,64,65600,65600,1.2019560717045903e-07,1.191954924079027e-07,6.103515625e-05,unnormalized FFT magnitude,0,0
3aeff8d50243a034,14c3514a4dc743a3a286be3d5201cb70fae2771d14fbe8b5837779ac7cdc53f1,pffft-analysis-float,spec012-confirm-01,1,float,2048,1024,1,1,throughput,steady,existing all-output numerical replay,archived-vector-counts,spectrum-norms-v1,direct DFT or binary64 FFT of matched frame bytes; direct band sums and EMA,see archived reference; precision not separately recorded,64,64,65600,65600,1.2019560717045903e-07,1.191954924079027e-07,6.103515625e-05,unnormalized FFT magnitude,0,0
3aeff8d50243a034,14c3514a4dc743a3a286be3d5201cb70fae2771d14fbe8b5837779ac7cdc53f1,pffft-analysis-float,spec012-confirm-01,2,float,2048,1024,1,1,throughput,steady,existing all-output numerical replay,archived-vector-counts,spectrum-norms-v1,direct DFT or binary64 FFT of matched frame bytes; direct band sums and EMA,see archived reference; precision not separately recorded,64,64,65600,65600,1.2019560717045903e-07,1.191954924079027e-07,6.103515625e-05,unnormalized FFT magnitude,0,0
3aeff8d50243a034,14c3514a4dc743a3a286be3d5201cb70fae2771d14fbe8b5837779ac7cdc53f1,pffft-analysis-float,spec012-confirm-02,0,float,2048,1024,1,1,throughput,steady,existing all-output numerical replay,archived-vector-counts,spectrum-norms-v1,direct DFT or binary64 FFT of matched frame bytes; direct band sums and EMA,see archived reference; precision not separately recorded,64,64,65600,65600,1.2019560717045903e-07,1.191954924079027e-07,6.103515625e-05,unnormalized FFT magnitude,0,0
3aeff8d50243a034,14c3514a4dc743a3a286be3d5201cb70fae2771d14fbe8b5837779ac7cdc53f1,pffft-analysis-float,spec012-confirm-02,1,float,2048,1024,1,1,throughput,steady,existing all-output numerical replay,archived-vector-counts,spectrum-norms-v1,direct DFT or binary64 FFT of matched frame bytes; direct band sums and EMA,see archived reference; precision not separately recorded,64,64,65600,65600,1.2019560717045903e-07,1.191954924079027e-07,6.103515625e-05,unnormalized FFT magnitude,0,0
3aeff8d50243a034,14c3514a4dc743a3a286be3d5201cb70fae2771d14fbe8b5837779ac7cdc53f1,pffft-analysis-float,spec012-confirm-02,2,float,2048,1024,1,1,throughput,steady,existing all-output numerical replay,archived-vector-counts,spectrum-norms-v1,direct DFT or binary64 FFT of matched frame bytes; direct band sums and EMA,see archived reference; precision not separately recorded,64,64,65600,65600,1.2019560717045903e-07,1.191954924079027e-07,6.103515625e-05,unnormalized FFT magnitude,0,0
3aeff8d50243a034,14c3514a4dc743a3a286be3d5201cb70fae2771d14fbe8b5837779ac7cdc53f1,pffft-analysis-float,spec012-confirm-03,0,float,2048,1024,1,1,throughput,steady,existing all-output numerical replay,archived-vector-counts,spectrum-norms-v1,direct DFT or binary64 FFT of matched frame bytes; direct band sums and EMA,see archived reference; precision not separately recorded,64,64,65600,65600,1.2019560717045903e-07,1.191954924079027e-07,6.103515625e-05,unnormalized FFT magnitude,0,0
3aeff8d50243a034,14c3514a4dc743a3a286be3d5201cb70fae2771d14fbe8b5837779ac7cdc53f1,pffft-analysis-float,spec012-confirm-03,1,float,2048,1024,1,1,throughput,steady,existing all-output numerical replay,archived-vector-counts,spectrum-norms-v1,direct DFT or binary64 FFT of matched frame bytes; direct band sums and EMA,see archived reference; precision not separately recorded,64,64,65600,65600,1.2019560717045903e-07,1.191954924079027e-07,6.103515625e-05,unnormalized FFT magnitude,0,0
3aeff8d50243a034,14c3514a4dc743a3a286be3d5201cb70fae2771d14fbe8b5837779ac7cdc53f1,pffft-analysis-float,spec012-confirm-03,2,float,2048,1024,1,1,throughput,steady,existing all-output numerical replay,archived-vector-counts,spectrum-norms-v1,direct DFT or binary64 FFT of matched frame bytes; direct band sums and EMA,see archived reference; precision not separately recorded,64,64,65600,65600,1.2019560717045903e-07,1.191954924079027e-07,6.103515625e-05,unnormalized FFT magnitude,0,0
3aeff8d50243a034,2e554bacc72e99d2aa428ec45afd6d8fb824ab89a0b6c0ccf27814d354d36875,pffft-scheduled-batch-float,spec012-confirm-01,0,float,2048,1024,1,1,callback,steady,existing all-output numerical replay,archived-vector-counts,spectrum-norms-v1,direct DFT or binary64 FFT of matched frame bytes; direct band sums and EMA,see archived reference; precision not separately recorded,64,64,65600,65600,1.2019560717045903e-07,1.191954924079027e-07,6.103515625e-05,unnormalized FFT magnitude,0,0
3aeff8d50243a034,2e554bacc72e99d2aa428ec45afd6d8fb824ab89a0b6c0ccf27814d354d36875,pffft-scheduled-batch-float,spec012-confirm-01,1,float,2048,1024,1,1,callback,steady,existing all-output numerical replay,archived-vector-counts,spectrum-norms-v1,direct DFT or binary64 FFT of matched frame bytes; direct band sums and EMA,see archived reference; precision not separately recorded,64,64,65600,65600,1.2019560717045903e-07,1.191954924079027e-07,6.103515625e-05,unnormalized FFT magnitude,0,0
3aeff8d50243a034,2e554bacc72e99d2aa428ec45afd6d8fb824ab89a0b6c0ccf27814d354d36875,pffft-scheduled-batch-float,spec012-confirm-01,2,float,2048,1024,1,1,callback,steady,existing all-output numerical replay,archived-vector-counts,spectrum-norms-v1,direct DFT or binary64 FFT of matched frame bytes; direct band sums and EMA,see archived reference; precision not separately recorded,64,64,65600,65600,1.2019560717045903e-07,1.191954924079027e-07,6.103515625e-05,unnormalized FFT magnitude,0,0
3aeff8d50243a034,2e554bacc72e99d2aa428ec45afd6d8fb824ab89a0b6c0ccf27814d354d36875,pffft-scheduled-batch-float,spec012-confirm-02,0,float,2048,1024,1,1,callback,steady,existing all-output numerical replay,archived-vector-counts,spectrum-norms-v1,direct DFT or binary64 FFT of matched frame bytes; direct band sums and EMA,see archived reference; precision not separately recorded,64,64,65600,65600,1.2019560717045903e-07,1.191954924079027e-07,6.103515625e-05,unnormalized FFT magnitude,0,0
3aeff8d50243a034,2e554bacc72e99d2aa428ec45afd6d8fb824ab89a0b6c0ccf27814d354d36875,pffft-scheduled-batch-float,spec012-confirm-02,1,float,2048,1024,1,1,callback,steady,existing all-output numerical replay,archived-vector-counts,spectrum-norms-v1,direct DFT or binary64 FFT of matched frame bytes; direct band sums and EMA,see archived reference; precision not separately recorded,64,64,65600,65600,1.2019560717045903e-07,1.191954924079027e-07,6.103515625e-05,unnormalized FFT magnitude,0,0
3aeff8d50243a034,2e554bacc72e99d2aa428ec45afd6d8fb824ab89a0b6c0ccf27814d354d36875,pffft-scheduled-batch-float,spec012-confirm-02,2,float,2048,1024,1,1,callback,steady,existing all-output numerical replay,archived-vector-counts,spectrum-norms-v1,direct DFT or binary64 FFT of matched frame bytes; direct band sums and EMA,see archived reference; precision not separately recorded,64,64,65600,65600,1.2019560717045903e-07,1.191954924079027e-07,6.103515625e-05,unnormalized FFT magnitude,0,0
3aeff8d50243a034,2e554bacc72e99d2aa428ec45afd6d8fb824ab89a0b6c0ccf27814d354d36875,pffft-scheduled-batch-float,spec012-confirm-03,0,float,2048,1024,1,1,callback,steady,existing all-output numerical replay,archived-vector-counts,spectrum-norms-v1,direct DFT or binary64 FFT of matched frame bytes; direct band sums and EMA,see archived reference; precision not separately recorded,64,64,65600,65600,1.2019560717045903e-07,1.191954924079027e-07,6.103515625e-05,unnormalized FFT magnitude,0,0
3aeff8d50243a034,2e554bacc72e99d2aa428ec45afd6d8fb824ab89a0b6c0ccf27814d354d36875,pffft-scheduled-batch-float,spec012-confirm-03,1,float,2048,1024,1,1,callback,steady,existing all-output numerical replay,archived-vector-counts,spectrum-norms-v1,direct DFT or binary64 FFT of matched frame bytes; direct band sums and EMA,see archived reference; precision not separately recorded,64,64,65600,65600,1.2019560717045903e-07,1.191954924079027e-07,6.103515625e-05,unnormalized FFT magnitude,0,0
3aeff8d50243a034,2e554bacc72e99d2aa428ec45afd6d8fb824ab89a0b6c0ccf27814d354d36875,pffft-scheduled-batch-float,spec012-confirm-03,2,float,2048,1024,1,1,callback,steady,existing all-output numerical replay,archived-vector-counts,spectrum-norms-v1,direct DFT or binary64 FFT of matched frame bytes; direct band sums and EMA,see archived reference; precision not separately recorded,64,64,65600,65600,1.2019560717045903e-07,1.191954924079027e-07,6.103515625e-05,unnormalized FFT magnitude,0,0
3aeff8d50243a034,4abad2bebd3027d668f718f5095d2916bfd427ab9fd98c31a50506f0cee73bb7,fftw-analysis-float,spec012-confirm-01,0,float,2048,1024,1,1,throughput,steady,existing all-output numerical replay,archived-vector-counts,spectrum-norms-v1,direct DFT or binary64 FFT of matched frame bytes; direct band sums and EMA,see archived reference; precision not separately recorded,64,64,65600,65600,1.6833401972470574e-07,2.3817976355656692e-07,0.0001220703125,unnormalized FFT magnitude,0,0
3aeff8d50243a034,4abad2bebd3027d668f718f5095d2916bfd427ab9fd98c31a50506f0cee73bb7,fftw-analysis-float,spec012-confirm-01,1,float,2048,1024,1,1,throughput,steady,existing all-output numerical replay,archived-vector-counts,spectrum-norms-v1,direct DFT or binary64 FFT of matched frame bytes; direct band sums and EMA,see archived reference; precision not separately recorded,64,64,65600,65600,1.6833401972470574e-07,2.3817976355656692e-07,0.0001220703125,unnormalized FFT magnitude,0,0
3aeff8d50243a034,4abad2bebd3027d668f718f5095d2916bfd427ab9fd98c31a50506f0cee73bb7,fftw-analysis-float,spec012-confirm-01,2,float,2048,1024,1,1,throughput,steady,existing all-output numerical replay,archived-vector-counts,spectrum-norms-v1,direct DFT or binary64 FFT of matched frame bytes; direct band sums and EMA,see archived reference; precision not separately recorded,64,64,65600,65600,1.6833401972470574e-07,2.3817976355656692e-07,0.0001220703125,unnormalized FFT magnitude,0,0
3aeff8d50243a034,4abad2bebd3027d668f718f5095d2916bfd427ab9fd98c31a50506f0cee73bb7,fftw-analysis-float,spec012-confirm-02,0,float,2048,1024,1,1,throughput,steady,existing all-output numerical replay,archived-vector-counts,spectrum-norms-v1,direct DFT or binary64 FFT of matched frame bytes; direct band sums and EMA,see archived reference; precision not separately recorded,64,64,65600,65600,1.6833401972470574e-07,2.3817976355656692e-07,0.0001220703125,unnormalized FFT magnitude,0,0
3aeff8d50243a034,4abad2bebd3027d668f718f5095d2916bfd427ab9fd98c31a50506f0cee73bb7,fftw-analysis-float,spec012-confirm-02,1,float,2048,1024,1,1,throughput,steady,existing all-output numerical replay,archived-vector-counts,spectrum-norms-v1,direct DFT or binary64 FFT of matched frame bytes; direct band sums and EMA,see archived reference; precision not separately recorded,64,64,65600,65600,1.6833401972470574e-07,2.3817976355656692e-07,0.0001220703125,unnormalized FFT magnitude,0,0
3aeff8d50243a034,4abad2bebd3027d668f718f5095d2916bfd427ab9fd98c31a50506f0cee73bb7,fftw-analysis-float,spec012-confirm-02,2,float,2048,1024,1,1,throughput,steady,existing all-output numerical replay,archived-vector-counts,spectrum-norms-v1,direct DFT or binary64 FFT of matched frame bytes; direct band sums and EMA,see archived reference; precision not separately recorded,64,64,65600,65600,1.6833401972470574e-07,2.3817976355656692e-07,0.0001220703125,unnormalized FFT magnitude,0,0
3aeff8d50243a034,4abad2bebd3027d668f718f5095d2916bfd427ab9fd98c31a50506f0cee73bb7,fftw-analysis-float,spec012-confirm-03,0,float,2048,1024,1,1,throughput,steady,existing all-output numerical replay,archived-vector-counts,spectrum-norms-v1,direct DFT or binary64 FFT of matched frame bytes; direct band sums and EMA,see archived reference; precision not separately recorded,64,64,65600,65600,1.6833401972470574e-07,2.3817976355656692e-07,0.0001220703125,unnormalized FFT magnitude,0,0
3aeff8d50243a034,4abad2bebd3027d668f718f5095d2916bfd427ab9fd98c31a50506f0cee73bb7,fftw-analysis-float,spec012-confirm-03,1,float,2048,1024,1,1,throughput,steady,existing all-output numerical replay,archived-vector-counts,spectrum-norms-v1,direct DFT or binary64 FFT of matched frame bytes; direct band sums and EMA,see archived reference; precision not separately recorded,64,64,65600,65600,1.6833401972470574e-07,2.3817976355656692e-07,0.0001220703125,unnormalized FFT magnitude,0,0
3aeff8d50243a034,4abad2bebd3027d668f718f5095d2916bfd427ab9fd98c31a50506f0cee73bb7,fftw-analysis-float,spec012-confirm-03,2,float,2048,1024,1,1,throughput,steady,existing all-output numerical replay,archived-vector-counts,spectrum-norms-v1,direct DFT or binary64 FFT of matched frame bytes; direct band sums and EMA,see archived reference; precision not separately recorded,64,64,65600,65600,1.6833401972470574e-07,2.3817976355656692e-07,0.0001220703125,unnormalized FFT magnitude,0,0
3aeff8d50243a034,50f84ff0c8a8b63fd1c50b6204b511da5d22c1ce75b0d98c03ec17a3bf2bb449,vdsp-analysis-float,spec012-confirm-01,0,float,2048,1024,1,1,callback,steady,existing all-output numerical replay,archived-vector-counts,spectrum-norms-v1,direct DFT or binary64 FFT of matched frame bytes; direct band sums and EMA,see archived reference; precision not separately recorded,64,64,65600,65600,1.4261480916057953e-07,1.1945004482661556e-07,6.103515625e-05,unnormalized FFT magnitude,0,0
3aeff8d50243a034,50f84ff0c8a8b63fd1c50b6204b511da5d22c1ce75b0d98c03ec17a3bf2bb449,vdsp-analysis-float,spec012-confirm-01,1,float,2048,1024,1,1,callback,steady,existing all-output numerical replay,archived-vector-counts,spectrum-norms-v1,direct DFT or binary64 FFT of matched frame bytes; direct band sums and EMA,see archived reference; precision not separately recorded,64,64,65600,65600,1.4261480916057953e-07,1.1945004482661556e-07,6.103515625e-05,unnormalized FFT magnitude,0,0
3aeff8d50243a034,50f84ff0c8a8b63fd1c50b6204b511da5d22c1ce75b0d98c03ec17a3bf2bb449,vdsp-analysis-float,spec012-confirm-01,2,float,2048,1024,1,1,callback,steady,existing all-output numerical replay,archived-vector-counts,spectrum-norms-v1,direct DFT or binary64 FFT of matched frame bytes; direct band sums and EMA,see archived reference; precision not separately recorded,64,64,65600,65600,1.4261480916057953e-07,1.1945004482661556e-07,6.103515625e-05,unnormalized FFT magnitude,0,0
3aeff8d50243a034,50f84ff0c8a8b63fd1c50b6204b511da5d22c1ce75b0d98c03ec17a3bf2bb449,vdsp-analysis-float,spec012-confirm-02,0,float,2048,1024,1,1,callback,steady,existing all-output numerical replay,archived-vector-counts,spectrum-norms-v1,direct DFT or binary64 FFT of matched frame bytes; direct band sums and EMA,see archived reference; precision not separately recorded,64,64,65600,65600,1.4261480916057953e-07,1.1945004482661556e-07,6.103515625e-05,unnormalized FFT magnitude,0,0
3aeff8d50243a034,50f84ff0c8a8b63fd1c50b6204b511da5d22c1ce75b0d98c03ec17a3bf2bb449,vdsp-analysis-float,spec012-confirm-02,1,float,2048,1024,1,1,callback,steady,existing all-output numerical replay,archived-vector-counts,spectrum-norms-v1,direct DFT or binary64 FFT of matched frame bytes; direct band sums and EMA,see archived reference; precision not separately recorded,64,64,65600,65600,1.4261480916057953e-07,1.1945004482661556e-07,6.103515625e-05,unnormalized FFT magnitude,0,0
3aeff8d50243a034,50f84ff0c8a8b63fd1c50b6204b511da5d22c1ce75b0d98c03ec17a3bf2bb449,vdsp-analysis-float,spec012-confirm-02,2,float,2048,1024,1,1,callback,steady,existing all-output numerical replay,archived-vector-counts,spectrum-norms-v1,direct DFT or binary64 FFT of matched frame bytes; direct band sums and EMA,see archived reference; precision not separately recorded,64,64,65600,65600,1.4261480916057953e-07,1.1945004482661556e-07,6.103515625e-05,unnormalized FFT magnitude,0,0
3aeff8d50243a034,50f84ff0c8a8b63fd1c50b6204b511da5d22c1ce75b0d98c03ec17a3bf2bb449,vdsp-analysis-float,spec012-confirm-03,0,float,2048,1024,1,1,callback,steady,existing all-output numerical replay,archived-vector-counts,spectrum-norms-v1,direct DFT or binary64 FFT of matched frame bytes; direct band sums and EMA,see archived reference; precision not separately recorded,64,64,65600,65600,1.4261480916057953e-07,1.1945004482661556e-07,6.103515625e-05,unnormalized FFT magnitude,0,0
3aeff8d50243a034,50f84ff0c8a8b63fd1c50b6204b511da5d22c1ce75b0d98c03ec17a3bf2bb449,vdsp-analysis-float,spec012-confirm-03,1,float,2048,1024,1,1,callback,steady,existing all-output numerical replay,archived-vector-counts,spectrum-norms-v1,direct DFT or binary64 FFT of matched frame bytes; direct band sums and EMA,see archived reference; precision not separately recorded,64,64,65600,65600,1.4261480916057953e-07,1.1945004482661556e-07,6.103515625e-05,unnormalized FFT magnitude,0,0
3aeff8d50243a034,50f84ff0c8a8b63fd1c50b6204b511da5d22c1ce75b0d98c03ec17a3bf2bb449,vdsp-analysis-float,spec012-confirm-03,2,float,2048,1024,1,1,callback,steady,existing all-output numerical replay,archived-vector-counts,spectrum-norms-v1,direct DFT or binary64 FFT of matched frame bytes; direct band sums and EMA,see archived reference; precision not separately recorded,64,64,65600,65600,1.4261480916057953e-07,1.1945004482661556e-07,6.103515625e-05,unnormalized FFT magnitude,0,0
3aeff8d50243a034,5a9553c3aa621e8371aa0c9441fb5844a8006434699a49a305f87ba82e36fa6d,legacy-batch-float,spec012-confirm-01,0,float,2048,1024,1,1,throughput,steady,full,all-publications-v1,spectrum-norms-v1,independent recursive binary64 FFT / direct DFT; matched float windows; direct bands and EMA,binary64 FFT / long-double direct DFT,64,64,65600,65600,2.15934702845581e-07,2.794693895227653e-07,0.00014317035675048828,unnormalized FFT magnitude,0,0
3aeff8d50243a034,5a9553c3aa621e8371aa0c9441fb5844a8006434699a49a305f87ba82e36fa6d,legacy-batch-float,spec012-confirm-01,1,float,2048,1024,1,1,throughput,steady,full,all-publications-v1,spectrum-norms-v1,independent recursive binary64 FFT / direct DFT; matched float windows; direct bands and EMA,binary64 FFT / long-double direct DFT,64,64,65600,65600,2.15934702845581e-07,2.794693895227653e-07,0.00014317035675048828,unnormalized FFT magnitude,0,0
3aeff8d50243a034,5a9553c3aa621e8371aa0c9441fb5844a8006434699a49a305f87ba82e36fa6d,legacy-batch-float,spec012-confirm-01,2,float,2048,1024,1,1,throughput,steady,full,all-publications-v1,spectrum-norms-v1,independent recursive binary64 FFT / direct DFT; matched float windows; direct bands and EMA,binary64 FFT / long-double direct DFT,64,64,65600,65600,2.15934702845581e-07,2.794693895227653e-07,0.00014317035675048828,unnormalized FFT magnitude,0,0
3aeff8d50243a034,5a9553c3aa621e8371aa0c9441fb5844a8006434699a49a305f87ba82e36fa6d,legacy-batch-float,spec012-confirm-02,0,float,2048,1024,1,1,throughput,steady,full,all-publications-v1,spectrum-norms-v1,independent recursive binary64 FFT / direct DFT; matched float windows; direct bands and EMA,binary64 FFT / long-double direct DFT,64,64,65600,65600,2.15934702845581e-07,2.794693895227653e-07,0.00014317035675048828,unnormalized FFT magnitude,0,0
3aeff8d50243a034,5a9553c3aa621e8371aa0c9441fb5844a8006434699a49a305f87ba82e36fa6d,legacy-batch-float,spec012-confirm-02,1,float,2048,1024,1,1,throughput,steady,full,all-publications-v1,spectrum-norms-v1,independent recursive binary64 FFT / direct DFT; matched float windows; direct bands and EMA,binary64 FFT / long-double direct DFT,64,64,65600,65600,2.15934702845581e-07,2.794693895227653e-07,0.00014317035675048828,unnormalized FFT magnitude,0,0
3aeff8d50243a034,5a9553c3aa621e8371aa0c9441fb5844a8006434699a49a305f87ba82e36fa6d,legacy-batch-float,spec012-confirm-02,2,float,2048,1024,1,1,throughput,steady,full,all-publications-v1,spectrum-norms-v1,independent recursive binary64 FFT / direct DFT; matched float windows; direct bands and EMA,binary64 FFT / long-double direct DFT,64,64,65600,65600,2.15934702845581e-07,2.794693895227653e-07,0.00014317035675048828,unnormalized FFT magnitude,0,0
3aeff8d50243a034,5a9553c3aa621e8371aa0c9441fb5844a8006434699a49a305f87ba82e36fa6d,legacy-batch-float,spec012-confirm-03,0,float,2048,1024,1,1,throughput,steady,full,all-publications-v1,spectrum-norms-v1,independent recursive binary64 FFT / direct DFT; matched float windows; direct bands and EMA,binary64 FFT / long-double direct DFT,64,64,65600,65600,2.15934702845581e-07,2.794693895227653e-07,0.00014317035675048828,unnormalized FFT magnitude,0,0
3aeff8d50243a034,5a9553c3aa621e8371aa0c9441fb5844a8006434699a49a305f87ba82e36fa6d,legacy-batch-float,spec012-confirm-03,1,float,2048,1024,1,1,throughput,steady,full,all-publications-v1,spectrum-norms-v1,independent recursive binary64 FFT / direct DFT; matched float windows; direct bands and EMA,binary64 FFT / long-double direct DFT,64,64,65600,65600,2.15934702845581e-07,2.794693895227653e-07,0.00014317035675048828,unnormalized FFT magnitude,0,0
3aeff8d50243a034,5a9553c3aa621e8371aa0c9441fb5844a8006434699a49a305f87ba82e36fa6d,legacy-batch-float,spec012-confirm-03,2,float,2048,1024,1,1,throughput,steady,full,all-publications-v1,spectrum-norms-v1,independent recursive binary64 FFT / direct DFT; matched float windows; direct bands and EMA,binary64 FFT / long-double direct DFT,64,64,65600,65600,2.15934702845581e-07,2.794693895227653e-07,0.00014317035675048828,unnormalized FFT magnitude,0,0
3aeff8d50243a034,5f6b18e083591eb8da452ccd776db655d6e7dc875bb60fe6095218c49fbc0715,legacy-batch-float,spec012-confirm-01,0,float,2048,1024,1,1,callback,steady,full,all-publications-v1,spectrum-norms-v1,independent recursive binary64 FFT / direct DFT; matched float windows; direct bands and EMA,binary64 FFT / long-double direct DFT,64,64,65600,65600,2.15934702845581e-07,2.794693895227653e-07,0.00014317035675048828,unnormalized FFT magnitude,0,0
3aeff8d50243a034,5f6b18e083591eb8da452ccd776db655d6e7dc875bb60fe6095218c49fbc0715,legacy-batch-float,spec012-confirm-01,1,float,2048,1024,1,1,callback,steady,full,all-publications-v1,spectrum-norms-v1,independent recursive binary64 FFT / direct DFT; matched float windows; direct bands and EMA,binary64 FFT / long-double direct DFT,64,64,65600,65600,2.15934702845581e-07,2.794693895227653e-07,0.00014317035675048828,unnormalized FFT magnitude,0,0
3aeff8d50243a034,5f6b18e083591eb8da452ccd776db655d6e7dc875bb60fe6095218c49fbc0715,legacy-batch-float,spec012-confirm-01,2,float,2048,1024,1,1,callback,steady,full,all-publications-v1,spectrum-norms-v1,independent recursive binary64 FFT / direct DFT; matched float windows; direct bands and EMA,binary64 FFT / long-double direct DFT,64,64,65600,65600,2.15934702845581e-07,2.794693895227653e-07,0.00014317035675048828,unnormalized FFT magnitude,0,0
3aeff8d50243a034,5f6b18e083591eb8da452ccd776db655d6e7dc875bb60fe6095218c49fbc0715,legacy-batch-float,spec012-confirm-02,0,float,2048,1024,1,1,callback,steady,full,all-publications-v1,spectrum-norms-v1,independent recursive binary64 FFT / direct DFT; matched float windows; direct bands and EMA,binary64 FFT / long-double direct DFT,64,64,65600,65600,2.15934702845581e-07,2.794693895227653e-07,0.00014317035675048828,unnormalized FFT magnitude,0,0
3aeff8d50243a034,5f6b18e083591eb8da452ccd776db655d6e7dc875bb60fe6095218c49fbc0715,legacy-batch-float,spec012-confirm-02,1,float,2048,1024,1,1,callback,steady,full,all-publications-v1,spectrum-norms-v1,independent recursive binary64 FFT / direct DFT; matched float windows; direct bands and EMA,binary64 FFT / long-double direct DFT,64,64,65600,65600,2.15934702845581e-07,2.794693895227653e-07,0.00014317035675048828,unnormalized FFT magnitude,0,0
3aeff8d50243a034,5f6b18e083591eb8da452ccd776db655d6e7dc875bb60fe6095218c49fbc0715,legacy-batch-float,spec012-confirm-02,2,float,2048,1024,1,1,callback,steady,full,all-publications-v1,spectrum-norms-v1,independent recursive binary64 FFT / direct DFT; matched float windows; direct bands and EMA,binary64 FFT / long-double direct DFT,64,64,65600,65600,2.15934702845581e-07,2.794693895227653e-07,0.00014317035675048828,unnormalized FFT magnitude,0,0
3aeff8d50243a034,5f6b18e083591eb8da452ccd776db655d6e7dc875bb60fe6095218c49fbc0715,legacy-batch-float,spec012-confirm-03,0,float,2048,1024,1,1,callback,steady,full,all-publications-v1,spectrum-norms-v1,independent recursive binary64 FFT / direct DFT; matched float windows; direct bands and EMA,binary64 FFT / long-double direct DFT,64,64,65600,65600,2.15934702845581e-07,2.794693895227653e-07,0.00014317035675048828,unnormalized FFT magnitude,0,0
3aeff8d50243a034,5f6b18e083591eb8da452ccd776db655d6e7dc875bb60fe6095218c49fbc0715,legacy-batch-float,spec012-confirm-03,1,float,2048,1024,1,1,callback,steady,full,all-publications-v1,spectrum-norms-v1,independent recursive binary64 FFT / direct DFT; matched float windows; direct bands and EMA,binary64 FFT / long-double direct DFT,64,64,65600,65600,2.15934702845581e-07,2.794693895227653e-07,0.00014317035675048828,unnormalized FFT magnitude,0,0
3aeff8d50243a034,5f6b18e083591eb8da452ccd776db655d6e7dc875bb60fe6095218c49fbc0715,legacy-batch-float,spec012-confirm-03,2,float,2048,1024,1,1,callback,steady,full,all-publications-v1,spectrum-norms-v1,independent recursive binary64 FFT / direct DFT; matched float windows; direct bands and EMA,binary64 FFT / long-double direct DFT,64,64,65600,65600,2.15934702845581e-07,2.794693895227653e-07,0.00014317035675048828,unnormalized FFT magnitude,0,0
3aeff8d50243a034,87b03b7e77c68935c7c1109ec6ab27d68088beae55f7c2e748a98d284920aff5,fftw-analysis-float,spec012-confirm-01,0,float,2048,1024,1,1,callback,steady,existing all-output numerical replay,archived-vector-counts,spectrum-norms-v1,direct DFT or binary64 FFT of matched frame bytes; direct band sums and EMA,see archived reference; precision not separately recorded,64,64,65600,65600,1.6833401972470574e-07,2.3817976355656692e-07,0.0001220703125,unnormalized FFT magnitude,0,0
3aeff8d50243a034,87b03b7e77c68935c7c1109ec6ab27d68088beae55f7c2e748a98d284920aff5,fftw-analysis-float,spec012-confirm-01,1,float,2048,1024,1,1,callback,steady,existing all-output numerical replay,archived-vector-counts,spectrum-norms-v1,direct DFT or binary64 FFT of matched frame bytes; direct band sums and EMA,see archived reference; precision not separately recorded,64,64,65600,65600,1.6833401972470574e-07,2.3817976355656692e-07,0.0001220703125,unnormalized FFT magnitude,0,0
3aeff8d50243a034,87b03b7e77c68935c7c1109ec6ab27d68088beae55f7c2e748a98d284920aff5,fftw-analysis-float,spec012-confirm-01,2,float,2048,1024,1,1,callback,steady,existing all-output numerical replay,archived-vector-counts,spectrum-norms-v1,direct DFT or binary64 FFT of matched frame bytes; direct band sums and EMA,see archived reference; precision not separately recorded,64,64,65600,65600,1.6833401972470574e-07,2.3817976355656692e-07,0.0001220703125,unnormalized FFT magnitude,0,0
3aeff8d50243a034,87b03b7e77c68935c7c1109ec6ab27d68088beae55f7c2e748a98d284920aff5,fftw-analysis-float,spec012-confirm-02,0,float,2048,1024,1,1,callback,steady,existing all-output numerical replay,archived-vector-counts,spectrum-norms-v1,direct DFT or binary64 FFT of matched frame bytes; direct band sums and EMA,see archived reference; precision not separately recorded,64,64,65600,65600,1.6833401972470574e-07,2.3817976355656692e-07,0.0001220703125,unnormalized FFT magnitude,0,0
3aeff8d50243a034,87b03b7e77c68935c7c1109ec6ab27d68088beae55f7c2e748a98d284920aff5,fftw-analysis-float,spec012-confirm-02,1,float,2048,1024,1,1,callback,steady,existing all-output numerical replay,archived-vector-counts,spectrum-norms-v1,direct DFT or binary64 FFT of matched frame bytes; direct band sums and EMA,see archived reference; precision not separately recorded,64,64,65600,65600,1.6833401972470574e-07,2.3817976355656692e-07,0.0001220703125,unnormalized FFT magnitude,0,0
3aeff8d50243a034,87b03b7e77c68935c7c1109ec6ab27d68088beae55f7c2e748a98d284920aff5,fftw-analysis-float,spec012-confirm-02,2,float,2048,1024,1,1,callback,steady,existing all-output numerical replay,archived-vector-counts,spectrum-norms-v1,direct DFT or binary64 FFT of matched frame bytes; direct band sums and EMA,see archived reference; precision not separately recorded,64,64,65600,65600,1.6833401972470574e-07,2.3817976355656692e-07,0.0001220703125,unnormalized FFT magnitude,0,0
3aeff8d50243a034,87b03b7e77c68935c7c1109ec6ab27d68088beae55f7c2e748a98d284920aff5,fftw-analysis-float,spec012-confirm-03,0,float,2048,1024,1,1,callback,steady,existing all-output numerical replay,archived-vector-counts,spectrum-norms-v1,direct DFT or binary64 FFT of matched frame bytes; direct band sums and EMA,see archived reference; precision not separately recorded,64,64,65600,65600,1.6833401972470574e-07,2.3817976355656692e-07,0.0001220703125,unnormalized FFT magnitude,0,0
3aeff8d50243a034,87b03b7e77c68935c7c1109ec6ab27d68088beae55f7c2e748a98d284920aff5,fftw-analysis-float,spec012-confirm-03,1,float,2048,1024,1,1,callback,steady,existing all-output numerical replay,archived-vector-counts,spectrum-norms-v1,direct DFT or binary64 FFT of matched frame bytes; direct band sums and EMA,see archived reference; precision not separately recorded,64,64,65600,65600,1.6833401972470574e-07,2.3817976355656692e-07,0.0001220703125,unnormalized FFT magnitude,0,0
3aeff8d50243a034,87b03b7e77c68935c7c1109ec6ab27d68088beae55f7c2e748a98d284920aff5,fftw-analysis-float,spec012-confirm-03,2,float,2048,1024,1,1,callback,steady,existing all-output numerical replay,archived-vector-counts,spectrum-norms-v1,direct DFT or binary64 FFT of matched frame bytes; direct band sums and EMA,see archived reference; precision not separately recorded,64,64,65600,65600,1.6833401972470574e-07,2.3817976355656692e-07,0.0001220703125,unnormalized FFT magnitude,0,0
3aeff8d50243a034,a8fa439e98a0bd4b9c5f068de3328a88eda98062949a4bebea79eb0090c96b70,pffft-hybrid-float,spec012-confirm-01,0,float,2048,1024,1,1,callback,steady,existing all-output numerical replay,archived-vector-counts,spectrum-norms-v1,direct DFT or binary64 FFT of matched frame bytes; direct band sums and EMA,see archived reference; precision not separately recorded,64,64,65600,65600,1.2019560717045903e-07,1.191954924079027e-07,6.103515625e-05,unnormalized FFT magnitude,0,0
3aeff8d50243a034,a8fa439e98a0bd4b9c5f068de3328a88eda98062949a4bebea79eb0090c96b70,pffft-hybrid-float,spec012-confirm-01,1,float,2048,1024,1,1,callback,steady,existing all-output numerical replay,archived-vector-counts,spectrum-norms-v1,direct DFT or binary64 FFT of matched frame bytes; direct band sums and EMA,see archived reference; precision not separately recorded,64,64,65600,65600,1.2019560717045903e-07,1.191954924079027e-07,6.103515625e-05,unnormalized FFT magnitude,0,0
3aeff8d50243a034,a8fa439e98a0bd4b9c5f068de3328a88eda98062949a4bebea79eb0090c96b70,pffft-hybrid-float,spec012-confirm-01,2,float,2048,1024,1,1,callback,steady,existing all-output numerical replay,archived-vector-counts,spectrum-norms-v1,direct DFT or binary64 FFT of matched frame bytes; direct band sums and EMA,see archived reference; precision not separately recorded,64,64,65600,65600,1.2019560717045903e-07,1.191954924079027e-07,6.103515625e-05,unnormalized FFT magnitude,0,0
3aeff8d50243a034,a8fa439e98a0bd4b9c5f068de3328a88eda98062949a4bebea79eb0090c96b70,pffft-hybrid-float,spec012-confirm-02,0,float,2048,1024,1,1,callback,steady,existing all-output numerical replay,archived-vector-counts,spectrum-norms-v1,direct DFT or binary64 FFT of matched frame bytes; direct band sums and EMA,see archived reference; precision not separately recorded,64,64,65600,65600,1.2019560717045903e-07,1.191954924079027e-07,6.103515625e-05,unnormalized FFT magnitude,0,0
3aeff8d50243a034,a8fa439e98a0bd4b9c5f068de3328a88eda98062949a4bebea79eb0090c96b70,pffft-hybrid-float,spec012-confirm-02,1,float,2048,1024,1,1,callback,steady,existing all-output numerical replay,archived-vector-counts,spectrum-norms-v1,direct DFT or binary64 FFT of matched frame bytes; direct band sums and EMA,see archived reference; precision not separately recorded,64,64,65600,65600,1.2019560717045903e-07,1.191954924079027e-07,6.103515625e-05,unnormalized FFT magnitude,0,0
3aeff8d50243a034,a8fa439e98a0bd4b9c5f068de3328a88eda98062949a4bebea79eb0090c96b70,pffft-hybrid-float,spec012-confirm-02,2,float,2048,1024,1,1,callback,steady,existing all-output numerical replay,archived-vector-counts,spectrum-norms-v1,direct DFT or binary64 FFT of matched frame bytes; direct band sums and EMA,see archived reference; precision not separately recorded,64,64,65600,65600,1.2019560717045903e-07,1.191954924079027e-07,6.103515625e-05,unnormalized FFT magnitude,0,0
3aeff8d50243a034,a8fa439e98a0bd4b9c5f068de3328a88eda98062949a4bebea79eb0090c96b70,pffft-hybrid-float,spec012-confirm-03,0,float,2048,1024,1,1,callback,steady,existing all-output numerical replay,archived-vector-counts,spectrum-norms-v1,direct DFT or binary64 FFT of matched frame bytes; direct band sums and EMA,see archived reference; precision not separately recorded,64,64,65600,65600,1.2019560717045903e-07,1.191954924079027e-07,6.103515625e-05,unnormalized FFT magnitude,0,0
3aeff8d50243a034,a8fa439e98a0bd4b9c5f068de3328a88eda98062949a4bebea79eb0090c96b70,pffft-hybrid-float,spec012-confirm-03,1,float,2048,1024,1,1,callback,steady,existing all-output numerical replay,archived-vector-counts,spectrum-norms-v1,direct DFT or binary64 FFT of matched frame bytes; direct band sums and EMA,see archived reference; precision not separately recorded,64,64,65600,65600,1.2019560717045903e-07,1.191954924079027e-07,6.103515625e-05,unnormalized FFT magnitude,0,0
3aeff8d50243a034,a8fa439e98a0bd4b9c5f068de3328a88eda98062949a4bebea79eb0090c96b70,pffft-hybrid-float,spec012-confirm-03,2,float,2048,1024,1,1,callback,steady,existing all-output numerical replay,archived-vector-counts,spectrum-norms-v1,direct DFT or binary64 FFT of matched frame bytes; direct band sums and EMA,see archived reference; precision not separately recorded,64,64,65600,65600,1.2019560717045903e-07,1.191954924079027e-07,6.103515625e-05,unnormalized FFT magnitude,0,0
3aeff8d50243a034,aa746b7ed398fbbe0fdacbec227224e34a8c80f6a1f4867acfd0c766da6d9545,vdsp-analysis-float,spec012-confirm-01,0,float,2048,1024,1,1,throughput,steady,existing all-output numerical replay,archived-vector-counts,spectrum-norms-v1,direct DFT or binary64 FFT of matched frame bytes; direct band sums and EMA,see archived reference; precision not separately recorded,64,64,65600,65600,1.4261480916057953e-07,1.1945004482661556e-07,6.103515625e-05,unnormalized FFT magnitude,0,0
3aeff8d50243a034,aa746b7ed398fbbe0fdacbec227224e34a8c80f6a1f4867acfd0c766da6d9545,vdsp-analysis-float,spec012-confirm-01,1,float,2048,1024,1,1,throughput,steady,existing all-output numerical replay,archived-vector-counts,spectrum-norms-v1,direct DFT or binary64 FFT of matched frame bytes; direct band sums and EMA,see archived reference; precision not separately recorded,64,64,65600,65600,1.4261480916057953e-07,1.1945004482661556e-07,6.103515625e-05,unnormalized FFT magnitude,0,0
3aeff8d50243a034,aa746b7ed398fbbe0fdacbec227224e34a8c80f6a1f4867acfd0c766da6d9545,vdsp-analysis-float,spec012-confirm-01,2,float,2048,1024,1,1,throughput,steady,existing all-output numerical replay,archived-vector-counts,spectrum-norms-v1,direct DFT or binary64 FFT of matched frame bytes; direct band sums and EMA,see archived reference; precision not separately recorded,64,64,65600,65600,1.4261480916057953e-07,1.1945004482661556e-07,6.103515625e-05,unnormalized FFT magnitude,0,0
3aeff8d50243a034,aa746b7ed398fbbe0fdacbec227224e34a8c80f6a1f4867acfd0c766da6d9545,vdsp-analysis-float,spec012-confirm-02,0,float,2048,1024,1,1,throughput,steady,existing all-output numerical replay,archived-vector-counts,spectrum-norms-v1,direct DFT or binary64 FFT of matched frame bytes; direct band sums and EMA,see archived reference; precision not separately recorded,64,64,65600,65600,1.4261480916057953e-07,1.1945004482661556e-07,6.103515625e-05,unnormalized FFT magnitude,0,0
3aeff8d50243a034,aa746b7ed398fbbe0fdacbec227224e34a8c80f6a1f4867acfd0c766da6d9545,vdsp-analysis-float,spec012-confirm-02,1,float,2048,1024,1,1,throughput,steady,existing all-output numerical replay,archived-vector-counts,spectrum-norms-v1,direct DFT or binary64 FFT of matched frame bytes; direct band sums and EMA,see archived reference; precision not separately recorded,64,64,65600,65600,1.4261480916057953e-07,1.1945004482661556e-07,6.103515625e-05,unnormalized FFT magnitude,0,0
3aeff8d50243a034,aa746b7ed398fbbe0fdacbec227224e34a8c80f6a1f4867acfd0c766da6d9545,vdsp-analysis-float,spec012-confirm-02,2,float,2048,1024,1,1,throughput,steady,existing all-output numerical replay,archived-vector-counts,spectrum-norms-v1,direct DFT or binary64 FFT of matched frame bytes; direct band sums and EMA,see archived reference; precision not separately recorded,64,64,65600,65600,1.4261480916057953e-07,1.1945004482661556e-07,6.103515625e-05,unnormalized FFT magnitude,0,0
3aeff8d50243a034,aa746b7ed398fbbe0fdacbec227224e34a8c80f6a1f4867acfd0c766da6d9545,vdsp-analysis-float,spec012-confirm-03,0,float,2048,1024,1,1,throughput,steady,existing all-output numerical replay,archived-vector-counts,spectrum-norms-v1,direct DFT or binary64 FFT of matched frame bytes; direct band sums and EMA,see archived reference; precision not separately recorded,64,64,65600,65600,1.4261480916057953e-07,1.1945004482661556e-07,6.103515625e-05,unnormalized FFT magnitude,0,0
3aeff8d50243a034,aa746b7ed398fbbe0fdacbec227224e34a8c80f6a1f4867acfd0c766da6d9545,vdsp-analysis-float,spec012-confirm-03,1,float,2048,1024,1,1,throughput,steady,existing all-output numerical replay,archived-vector-counts,spectrum-norms-v1,direct DFT or binary64 FFT of matched frame bytes; direct band sums and EMA,see archived reference; precision not separately recorded,64,64,65600,65600,1.4261480916057953e-07,1.1945004482661556e-07,6.103515625e-05,unnormalized FFT magnitude,0,0
3aeff8d50243a034,aa746b7ed398fbbe0fdacbec227224e34a8c80f6a1f4867acfd0c766da6d9545,vdsp-analysis-float,spec012-confirm-03,2,float,2048,1024,1,1,throughput,steady,existing all-output numerical replay,archived-vector-counts,spectrum-norms-v1,direct DFT or binary64 FFT of matched frame bytes; direct band sums and EMA,see archived reference; precision not separately recorded,64,64,65600,65600,1.4261480916057953e-07,1.1945004482661556e-07,6.103515625e-05,unnormalized FFT magnitude,0,0
3aeff8d50243a034,b893917263d2509118b4cfb1515d8f3585364559236cf8302f38fd3f0d0f42e0,pffft-hybrid-float,spec012-confirm-01,0,float,2048,1024,1,1,throughput,steady,existing all-output numerical replay,archived-vector-counts,spectrum-norms-v1,direct DFT or binary64 FFT of matched frame bytes; direct band sums and EMA,see archived reference; precision not separately recorded,64,64,65600,65600,1.2019560717045903e-07,1.191954924079027e-07,6.103515625e-05,unnormalized FFT magnitude,0,0
3aeff8d50243a034,b893917263d2509118b4cfb1515d8f3585364559236cf8302f38fd3f0d0f42e0,pffft-hybrid-float,spec012-confirm-01,1,float,2048,1024,1,1,throughput,steady,existing all-output numerical replay,archived-vector-counts,spectrum-norms-v1,direct DFT or binary64 FFT of matched frame bytes; direct band sums and EMA,see archived reference; precision not separately recorded,64,64,65600,65600,1.2019560717045903e-07,1.191954924079027e-07,6.103515625e-05,unnormalized FFT magnitude,0,0
3aeff8d50243a034,b893917263d2509118b4cfb1515d8f3585364559236cf8302f38fd3f0d0f42e0,pffft-hybrid-float,spec012-confirm-01,2,float,2048,1024,1,1,throughput,steady,existing all-output numerical replay,archived-vector-counts,spectrum-norms-v1,direct DFT or binary64 FFT of matched frame bytes; direct band sums and EMA,see archived reference; precision not separately recorded,64,64,65600,65600,1.2019560717045903e-07,1.191954924079027e-07,6.103515625e-05,unnormalized FFT magnitude,0,0
3aeff8d50243a034,b893917263d2509118b4cfb1515d8f3585364559236cf8302f38fd3f0d0f42e0,pffft-hybrid-float,spec012-confirm-02,0,float,2048,1024,1,1,throughput,steady,existing all-output numerical replay,archived-vector-counts,spectrum-norms-v1,direct DFT or binary64 FFT of matched frame bytes; direct band sums and EMA,see archived reference; precision not separately recorded,64,64,65600,65600,1.2019560717045903e-07,1.191954924079027e-07,6.103515625e-05,unnormalized FFT magnitude,0,0
3aeff8d50243a034,b893917263d2509118b4cfb1515d8f3585364559236cf8302f38fd3f0d0f42e0,pffft-hybrid-float,spec012-confirm-02,1,float,2048,1024,1,1,throughput,steady,existing all-output numerical replay,archived-vector-counts,spectrum-norms-v1,direct DFT or binary64 FFT of matched frame bytes; direct band sums and EMA,see archived reference; precision not separately recorded,64,64,65600,65600,1.2019560717045903e-07,1.191954924079027e-07,6.103515625e-05,unnormalized FFT magnitude,0,0
3aeff8d50243a034,b893917263d2509118b4cfb1515d8f3585364559236cf8302f38fd3f0d0f42e0,pffft-hybrid-float,spec012-confirm-02,2,float,2048,1024,1,1,throughput,steady,existing all-output numerical replay,archived-vector-counts,spectrum-norms-v1,direct DFT or binary64 FFT of matched frame bytes; direct band sums and EMA,see archived reference; precision not separately recorded,64,64,65600,65600,1.2019560717045903e-07,1.191954924079027e-07,6.103515625e-05,unnormalized FFT magnitude,0,0
3aeff8d50243a034,b893917263d2509118b4cfb1515d8f3585364559236cf8302f38fd3f0d0f42e0,pffft-hybrid-float,spec012-confirm-03,0,float,2048,1024,1,1,throughput,steady,existing all-output numerical replay,archived-vector-counts,spectrum-norms-v1,direct DFT or binary64 FFT of matched frame bytes; direct band sums and EMA,see archived reference; precision not separately recorded,64,64,65600,65600,1.2019560717045903e-07,1.191954924079027e-07,6.103515625e-05,unnormalized FFT magnitude,0,0
3aeff8d50243a034,b893917263d2509118b4cfb1515d8f3585364559236cf8302f38fd3f0d0f42e0,pffft-hybrid-float,spec012-confirm-03,1,float,2048,1024,1,1,throughput,steady,existing all-output numerical replay,archived-vector-counts,spectrum-norms-v1,direct DFT or binary64 FFT of matched frame bytes; direct band sums and EMA,see archived reference; precision not separately recorded,64,64,65600,65600,1.2019560717045903e-07,1.191954924079027e-07,6.103515625e-05,unnormalized FFT magnitude,0,0
3aeff8d50243a034,b893917263d2509118b4cfb1515d8f3585364559236cf8302f38fd3f0d0f42e0,pffft-hybrid-float,spec012-confirm-03,2,float,2048,1024,1,1,throughput,steady,existing all-output numerical replay,archived-vector-counts,spectrum-norms-v1,direct DFT or binary64 FFT of matched frame bytes; direct band sums and EMA,see archived reference; precision not separately recorded,64,64,65600,65600,1.2019560717045903e-07,1.191954924079027e-07,6.103515625e-05,unnormalized FFT magnitude,0,0
3aeff8d50243a034,bae613077f2da7789eab7f0409ae84c5aec2f1e4070aa4806d228ed0794a048b,legacy-incremental-float,spec012-confirm-01,0,float,2048,1024,1,1,callback,steady,full,all-publications-v1,spectrum-norms-v1,independent recursive binary64 FFT / direct DFT; matched float windows; direct bands and EMA,binary64 FFT / long-double direct DFT,64,64,65600,65600,2.15934702845581e-07,2.794693895227653e-07,0.00014317035675048828,unnormalized FFT magnitude,0,0
3aeff8d50243a034,bae613077f2da7789eab7f0409ae84c5aec2f1e4070aa4806d228ed0794a048b,legacy-incremental-float,spec012-confirm-01,1,float,2048,1024,1,1,callback,steady,full,all-publications-v1,spectrum-norms-v1,independent recursive binary64 FFT / direct DFT; matched float windows; direct bands and EMA,binary64 FFT / long-double direct DFT,64,64,65600,65600,2.15934702845581e-07,2.794693895227653e-07,0.00014317035675048828,unnormalized FFT magnitude,0,0
3aeff8d50243a034,bae613077f2da7789eab7f0409ae84c5aec2f1e4070aa4806d228ed0794a048b,legacy-incremental-float,spec012-confirm-01,2,float,2048,1024,1,1,callback,steady,full,all-publications-v1,spectrum-norms-v1,independent recursive binary64 FFT / direct DFT; matched float windows; direct bands and EMA,binary64 FFT / long-double direct DFT,64,64,65600,65600,2.15934702845581e-07,2.794693895227653e-07,0.00014317035675048828,unnormalized FFT magnitude,0,0
3aeff8d50243a034,bae613077f2da7789eab7f0409ae84c5aec2f1e4070aa4806d228ed0794a048b,legacy-incremental-float,spec012-confirm-02,0,float,2048,1024,1,1,callback,steady,full,all-publications-v1,spectrum-norms-v1,independent recursive binary64 FFT / direct DFT; matched float windows; direct bands and EMA,binary64 FFT / long-double direct DFT,64,64,65600,65600,2.15934702845581e-07,2.794693895227653e-07,0.00014317035675048828,unnormalized FFT magnitude,0,0
3aeff8d50243a034,bae613077f2da7789eab7f0409ae84c5aec2f1e4070aa4806d228ed0794a048b,legacy-incremental-float,spec012-confirm-02,1,float,2048,1024,1,1,callback,steady,full,all-publications-v1,spectrum-norms-v1,independent recursive binary64 FFT / direct DFT; matched float windows; direct bands and EMA,binary64 FFT / long-double direct DFT,64,64,65600,65600,2.15934702845581e-07,2.794693895227653e-07,0.00014317035675048828,unnormalized FFT magnitude,0,0
3aeff8d50243a034,bae613077f2da7789eab7f0409ae84c5aec2f1e4070aa4806d228ed0794a048b,legacy-incremental-float,spec012-confirm-02,2,float,2048,1024,1,1,callback,steady,full,all-publications-v1,spectrum-norms-v1,independent recursive binary64 FFT / direct DFT; matched float windows; direct bands and EMA,binary64 FFT / long-double direct DFT,64,64,65600,65600,2.15934702845581e-07,2.794693895227653e-07,0.00014317035675048828,unnormalized FFT magnitude,0,0
3aeff8d50243a034,bae613077f2da7789eab7f0409ae84c5aec2f1e4070aa4806d228ed0794a048b,legacy-incremental-float,spec012-confirm-03,0,float,2048,1024,1,1,callback,steady,full,all-publications-v1,spectrum-norms-v1,independent recursive binary64 FFT / direct DFT; matched float windows; direct bands and EMA,binary64 FFT / long-double direct DFT,64,64,65600,65600,2.15934702845581e-07,2.794693895227653e-07,0.00014317035675048828,unnormalized FFT magnitude,0,0
3aeff8d50243a034,bae613077f2da7789eab7f0409ae84c5aec2f1e4070aa4806d228ed0794a048b,legacy-incremental-float,spec012-confirm-03,1,float,2048,1024,1,1,callback,steady,full,all-publications-v1,spectrum-norms-v1,independent recursive binary64 FFT / direct DFT; matched float windows; direct bands and EMA,binary64 FFT / long-double direct DFT,64,64,65600,65600,2.15934702845581e-07,2.794693895227653e-07,0.00014317035675048828,unnormalized FFT magnitude,0,0
3aeff8d50243a034,bae613077f2da7789eab7f0409ae84c5aec2f1e4070aa4806d228ed0794a048b,legacy-incremental-float,spec012-confirm-03,2,float,2048,1024,1,1,callback,steady,full,all-publications-v1,spectrum-norms-v1,independent recursive binary64 FFT / direct DFT; matched float windows; direct bands and EMA,binary64 FFT / long-double direct DFT,64,64,65600,65600,2.15934702845581e-07,2.794693895227653e-07,0.00014317035675048828,unnormalized FFT magnitude,0,0
3aeff8d50243a034,d01c52d3895989fe5f26921cdc8ad2d6a8b079b68f9afd9374c732d8fdbaf953,pffft-scheduled-batch-float,spec012-confirm-01,0,float,2048,1024,1,1,throughput,steady,existing all-output numerical replay,archived-vector-counts,spectrum-norms-v1,direct DFT or binary64 FFT of matched frame bytes; direct band sums and EMA,see archived reference; precision not separately recorded,64,64,65600,65600,1.2019560717045903e-07,1.191954924079027e-07,6.103515625e-05,unnormalized FFT magnitude,0,0
3aeff8d50243a034,d01c52d3895989fe5f26921cdc8ad2d6a8b079b68f9afd9374c732d8fdbaf953,pffft-scheduled-batch-float,spec012-confirm-01,1,float,2048,1024,1,1,throughput,steady,existing all-output numerical replay,archived-vector-counts,spectrum-norms-v1,direct DFT or binary64 FFT of matched frame bytes; direct band sums and EMA,see archived reference; precision not separately recorded,64,64,65600,65600,1.2019560717045903e-07,1.191954924079027e-07,6.103515625e-05,unnormalized FFT magnitude,0,0
3aeff8d50243a034,d01c52d3895989fe5f26921cdc8ad2d6a8b079b68f9afd9374c732d8fdbaf953,pffft-scheduled-batch-float,spec012-confirm-01,2,float,2048,1024,1,1,throughput,steady,existing all-output numerical replay,archived-vector-counts,spectrum-norms-v1,direct DFT or binary64 FFT of matched frame bytes; direct band sums and EMA,see archived reference; precision not separately recorded,64,64,65600,65600,1.2019560717045903e-07,1.191954924079027e-07,6.103515625e-05,unnormalized FFT magnitude,0,0
3aeff8d50243a034,d01c52d3895989fe5f26921cdc8ad2d6a8b079b68f9afd9374c732d8fdbaf953,pffft-scheduled-batch-float,spec012-confirm-02,0,float,2048,1024,1,1,throughput,steady,existing all-output numerical replay,archived-vector-counts,spectrum-norms-v1,direct DFT or binary64 FFT of matched frame bytes; direct band sums and EMA,see archived reference; precision not separately recorded,64,64,65600,65600,1.2019560717045903e-07,1.191954924079027e-07,6.103515625e-05,unnormalized FFT magnitude,0,0
3aeff8d50243a034,d01c52d3895989fe5f26921cdc8ad2d6a8b079b68f9afd9374c732d8fdbaf953,pffft-scheduled-batch-float,spec012-confirm-02,1,float,2048,1024,1,1,throughput,steady,existing all-output numerical replay,archived-vector-counts,spectrum-norms-v1,direct DFT or binary64 FFT of matched frame bytes; direct band sums and EMA,see archived reference; precision not separately recorded,64,64,65600,65600,1.2019560717045903e-07,1.191954924079027e-07,6.103515625e-05,unnormalized FFT magnitude,0,0
3aeff8d50243a034,d01c52d3895989fe5f26921cdc8ad2d6a8b079b68f9afd9374c732d8fdbaf953,pffft-scheduled-batch-float,spec012-confirm-02,2,float,2048,1024,1,1,throughput,steady,existing all-output numerical replay,archived-vector-counts,spectrum-norms-v1,direct DFT or binary64 FFT of matched frame bytes; direct band sums and EMA,see archived reference; precision not separately recorded,64,64,65600,65600,1.2019560717045903e-07,1.191954924079027e-07,6.103515625e-05,unnormalized FFT magnitude,0,0
3aeff8d50243a034,d01c52d3895989fe5f26921cdc8ad2d6a8b079b68f9afd9374c732d8fdbaf953,pffft-scheduled-batch-float,spec012-confirm-03,0,float,2048,1024,1,1,throughput,steady,existing all-output numerical replay,archived-vector-counts,spectrum-norms-v1,direct DFT or binary64 FFT of matched frame bytes; direct band sums and EMA,see archived reference; precision not separately recorded,64,64,65600,65600,1.2019560717045903e-07,1.191954924079027e-07,6.103515625e-05,unnormalized FFT magnitude,0,0
3aeff8d50243a034,d01c52d3895989fe5f26921cdc8ad2d6a8b079b68f9afd9374c732d8fdbaf953,pffft-scheduled-batch-float,spec012-confirm-03,1,float,2048,1024,1,1,throughput,steady,existing all-output numerical replay,archived-vector-counts,spectrum-norms-v1,direct DFT or binary64 FFT of matched frame bytes; direct band sums and EMA,see archived reference; precision not separately recorded,64,64,65600,65600,1.2019560717045903e-07,1.191954924079027e-07,6.103515625e-05,unnormalized FFT magnitude,0,0
3aeff8d50243a034,d01c52d3895989fe5f26921cdc8ad2d6a8b079b68f9afd9374c732d8fdbaf953,pffft-scheduled-batch-float,spec012-confirm-03,2,float,2048,1024,1,1,throughput,steady,existing all-output numerical replay,archived-vector-counts,spectrum-norms-v1,direct DFT or binary64 FFT of matched frame bytes; direct band sums and EMA,see archived reference; precision not separately recorded,64,64,65600,65600,1.2019560717045903e-07,1.191954924079027e-07,6.103515625e-05,unnormalized FFT magnitude,0,0
3aeff8d50243a034,f0b5b042e6652115a256077d3682296059adbe8c2baf85550a9816aa2549dd99,pffft-analysis-float,spec012-confirm-01,0,float,2048,1024,1,1,callback,steady,existing all-output numerical replay,archived-vector-counts,spectrum-norms-v1,direct DFT or binary64 FFT of matched frame bytes; direct band sums and EMA,see archived reference; precision not separately recorded,64,64,65600,65600,1.2019560717045903e-07,1.191954924079027e-07,6.103515625e-05,unnormalized FFT magnitude,0,0
3aeff8d50243a034,f0b5b042e6652115a256077d3682296059adbe8c2baf85550a9816aa2549dd99,pffft-analysis-float,spec012-confirm-01,1,float,2048,1024,1,1,callback,steady,existing all-output numerical replay,archived-vector-counts,spectrum-norms-v1,direct DFT or binary64 FFT of matched frame bytes; direct band sums and EMA,see archived reference; precision not separately recorded,64,64,65600,65600,1.2019560717045903e-07,1.191954924079027e-07,6.103515625e-05,unnormalized FFT magnitude,0,0
3aeff8d50243a034,f0b5b042e6652115a256077d3682296059adbe8c2baf85550a9816aa2549dd99,pffft-analysis-float,spec012-confirm-01,2,float,2048,1024,1,1,callback,steady,existing all-output numerical replay,archived-vector-counts,spectrum-norms-v1,direct DFT or binary64 FFT of matched frame bytes; direct band sums and EMA,see archived reference; precision not separately recorded,64,64,65600,65600,1.2019560717045903e-07,1.191954924079027e-07,6.103515625e-05,unnormalized FFT magnitude,0,0
3aeff8d50243a034,f0b5b042e6652115a256077d3682296059adbe8c2baf85550a9816aa2549dd99,pffft-analysis-float,spec012-confirm-02,0,float,2048,1024,1,1,callback,steady,existing all-output numerical replay,archived-vector-counts,spectrum-norms-v1,direct DFT or binary64 FFT of matched frame bytes; direct band sums and EMA,see archived reference; precision not separately recorded,64,64,65600,65600,1.2019560717045903e-07,1.191954924079027e-07,6.103515625e-05,unnormalized FFT magnitude,0,0
3aeff8d50243a034,f0b5b042e6652115a256077d3682296059adbe8c2baf85550a9816aa2549dd99,pffft-analysis-float,spec012-confirm-02,1,float,2048,1024,1,1,callback,steady,existing all-output numerical replay,archived-vector-counts,spectrum-norms-v1,direct DFT or binary64 FFT of matched frame bytes; direct band sums and EMA,see archived reference; precision not separately recorded,64,64,65600,65600,1.2019560717045903e-07,1.191954924079027e-07,6.103515625e-05,unnormalized FFT magnitude,0,0
3aeff8d50243a034,f0b5b042e6652115a256077d3682296059adbe8c2baf85550a9816aa2549dd99,pffft-analysis-float,spec012-confirm-02,2,float,2048,1024,1,1,callback,steady,existing all-output numerical replay,archived-vector-counts,spectrum-norms-v1,direct DFT or binary64 FFT of matched frame bytes; direct band sums and EMA,see archived reference; precision not separately recorded,64,64,65600,65600,1.2019560717045903e-07,1.191954924079027e-07,6.103515625e-05,unnormalized FFT magnitude,0,0
3aeff8d50243a034,f0b5b042e6652115a256077d3682296059adbe8c2baf85550a9816aa2549dd99,pffft-analysis-float,spec012-confirm-03,0,float,2048,1024,1,1,callback,steady,existing all-output numerical replay,archived-vector-counts,spectrum-norms-v1,direct DFT or binary64 FFT of matched frame bytes; direct band sums and EMA,see archived reference; precision not separately recorded,64,64,65600,65600,1.2019560717045903e-07,1.191954924079027e-07,6.103515625e-05,unnormalized FFT magnitude,0,0
3aeff8d50243a034,f0b5b042e6652115a256077d3682296059adbe8c2baf85550a9816aa2549dd99,pffft-analysis-float,spec012-confirm-03,1,float,2048,1024,1,1,callback,steady,existing all-output numerical replay,archived-vector-counts,spectrum-norms-v1,direct DFT or binary64 FFT of matched frame bytes; direct band sums and EMA,see archived reference; precision not separately recorded,64,64,65600,65600,1.2019560717045903e-07,1.191954924079027e-07,6.103515625e-05,unnormalized FFT magnitude,0,0
3aeff8d50243a034,f0b5b042e6652115a256077d3682296059adbe8c2baf85550a9816aa2549dd99,pffft-analysis-float,spec012-confirm-03,2,float,2048,1024,1,1,callback,steady,existing all-output numerical replay,archived-vector-counts,spectrum-norms-v1,direct DFT or binary64 FFT of matched frame bytes; direct band sums and EMA,see archived reference; precision not separately recorded,64,64,65600,65600,1.2019560717045903e-07,1.191954924079027e-07,6.103515625e-05,unnormalized FFT magnitude,0,0
3aeff8d50243a034,fd335a43fdf070645446c9f209dd2119a4e33eb3de711fb1fa7230e5e78d3615,core-float,spec012-confirm-01,0,float,2048,1024,1,1,throughput,steady,full,all-publications-v1,spectrum-norms-v1,independent recursive binary64 FFT / direct DFT; matched float windows; direct bands and EMA,binary64 FFT / long-double direct DFT,64,64,65600,65600,2.15934702845581e-07,2.794693895227653e-07,0.00014317035675048828,unnormalized FFT magnitude,0,0
3aeff8d50243a034,fd335a43fdf070645446c9f209dd2119a4e33eb3de711fb1fa7230e5e78d3615,core-float,spec012-confirm-01,1,float,2048,1024,1,1,throughput,steady,full,all-publications-v1,spectrum-norms-v1,independent recursive binary64 FFT / direct DFT; matched float windows; direct bands and EMA,binary64 FFT / long-double direct DFT,64,64,65600,65600,2.15934702845581e-07,2.794693895227653e-07,0.00014317035675048828,unnormalized FFT magnitude,0,0
3aeff8d50243a034,fd335a43fdf070645446c9f209dd2119a4e33eb3de711fb1fa7230e5e78d3615,core-float,spec012-confirm-01,2,float,2048,1024,1,1,throughput,steady,full,all-publications-v1,spectrum-norms-v1,independent recursive binary64 FFT / direct DFT; matched float windows; direct bands and EMA,binary64 FFT / long-double direct DFT,64,64,65600,65600,2.15934702845581e-07,2.794693895227653e-07,0.00014317035675048828,unnormalized FFT magnitude,0,0
3aeff8d50243a034,fd335a43fdf070645446c9f209dd2119a4e33eb3de711fb1fa7230e5e78d3615,core-float,spec012-confirm-02,0,float,2048,1024,1,1,throughput,steady,full,all-publications-v1,spectrum-norms-v1,independent recursive binary64 FFT / direct DFT; matched float windows; direct bands and EMA,binary64 FFT / long-double direct DFT,64,64,65600,65600,2.15934702845581e-07,2.794693895227653e-07,0.00014317035675048828,unnormalized FFT magnitude,0,0
3aeff8d50243a034,fd335a43fdf070645446c9f209dd2119a4e33eb3de711fb1fa7230e5e78d3615,core-float,spec012-confirm-02,1,float,2048,1024,1,1,throughput,steady,full,all-publications-v1,spectrum-norms-v1,independent recursive binary64 FFT / direct DFT; matched float windows; direct bands and EMA,binary64 FFT / long-double direct DFT,64,64,65600,65600,2.15934702845581e-07,2.794693895227653e-07,0.00014317035675048828,unnormalized FFT magnitude,0,0
3aeff8d50243a034,fd335a43fdf070645446c9f209dd2119a4e33eb3de711fb1fa7230e5e78d3615,core-float,spec012-confirm-02,2,float,2048,1024,1,1,throughput,steady,full,all-publications-v1,spectrum-norms-v1,independent recursive binary64 FFT / direct DFT; matched float windows; direct bands and EMA,binary64 FFT / long-double direct DFT,64,64,65600,65600,2.15934702845581e-07,2.794693895227653e-07,0.00014317035675048828,unnormalized FFT magnitude,0,0
3aeff8d50243a034,fd335a43fdf070645446c9f209dd2119a4e33eb3de711fb1fa7230e5e78d3615,core-float,spec012-confirm-03,0,float,2048,1024,1,1,throughput,steady,full,all-publications-v1,spectrum-norms-v1,independent recursive binary64 FFT / direct DFT; matched float windows; direct bands and EMA,binary64 FFT / long-double direct DFT,64,64,65600,65600,2.15934702845581e-07,2.794693895227653e-07,0.00014317035675048828,unnormalized FFT magnitude,0,0
3aeff8d50243a034,fd335a43fdf070645446c9f209dd2119a4e33eb3de711fb1fa7230e5e78d3615,core-float,spec012-confirm-03,1,float,2048,1024,1,1,throughput,steady,full,all-publications-v1,spectrum-norms-v1,independent recursive binary64 FFT / direct DFT; matched float windows; direct bands and EMA,binary64 FFT / long-double direct DFT,64,64,65600,65600,2.15934702845581e-07,2.794693895227653e-07,0.00014317035675048828,unnormalized FFT magnitude,0,0
3aeff8d50243a034,fd335a43fdf070645446c9f209dd2119a4e33eb3de711fb1fa7230e5e78d3615,core-float,spec012-confirm-03,2,float,2048,1024,1,1,throughput,steady,full,all-publications-v1,spectrum-norms-v1,independent recursive binary64 FFT / direct DFT; matched float windows; direct bands and EMA,binary64 FFT / long-double direct DFT,64,64,65600,65600,2.15934702845581e-07,2.794693895227653e-07,0.00014317035675048828,unnormalized FFT magnitude,0,0
