stratum,backend,boundary,operation,precision,n,hop,block,channels,mode,state,callback_offset,cost_unit,mean_session_cost,session_min,session_max,sessions,processes,publication_delay_samples,center_offset_samples,playback_delay_samples,cpp_live_heap_bytes_min,cpp_live_heap_bytes_max,native_memory,max_abs_error,max_relative_l2,max_relative_linf,legacy_pointwise_failures,numerical_status,callback_visible_age_min,callback_visible_age_max,config_sha256,host,rate,count,alignment,load,smooth,voices,cache_mib,warm_hops,callbacks,mean_serial_audio_time_percent,callback_budget_us,median_session_p99_us,session_p99_min_us,session_p99_max_us,observed_callback_max_us,p99_budget_percent,process_observations_min,process_observations_max,observation_window_seconds,publication_delay_ms,center_offset_ms,playback_delay_ms,spectrum_center_age_ms
3aeff8d50243a034,inverse-stream-batch-float,inverse-job,inverse,float,2048,1024,1,1,callback,steady,0,ns/engine-sample,53.97197469075521,53.60350036621094,54.46597798665365,3,9,0,0,-1,139600,139600,provider-specific or unknown; see evidence.json,4.053554221172817e-07,unavailable,unavailable,unavailable,per-run numerical report; see reference coverage,0.0,0.0,012ed4fee23d75cc02a470e4fd6068a8ca13c278e6afe1d2113e15cbc11946e0,m1-pro-16gb-local,48000,1,aligned,0,0,1,0,64,65536,0.259065478515625,20.833333333333332,0.042,0.042,0.042,45.209,0.20160000000000003,65536,65536,1.3653333333333333,0.0,0.0,,
3aeff8d50243a034,legacy-incremental-float,analysis,analysis,float,2048,1024,1,1,throughput,steady,0,ns/engine-sample,23.80887179904514,22.096216837565105,26.915237426757812,3,9,1023,1023.5,-1,90712,90712,provider-specific or unknown; see evidence.json,0.00014317035675048828,2.15934702845581e-07,2.794693895227653e-07,0,per-run numerical report; see reference coverage,1023.0,1023.0,0461a2ece11fd57183199cd87cf63ef181977d9765308d6b027337a3fa267b61,m1-pro-16gb-local,48000,1,aligned,0,0,1,0,64,65536,0.11428258463541667,,,,,,,1,1,1.3653333333333333,21.3125,21.322916666666668,,42.63541666666667
3aeff8d50243a034,pffft-ols-fir-float,chain,fir,float,2048,1024,1,1,throughput,steady,0,ns/engine-sample,15.421127319335938,15.264511108398438,15.587916056315104,3,9,0,511.5,1023,90424,90424,provider-specific or unknown; see evidence.json,1.5359765370703826e-07,unavailable,unavailable,unavailable,per-run numerical report; see reference coverage,0.0,0.0,09e29d3313d5ba73d5aac06b244b6091199ea5db8c0385c9e6a5feedf7911b51,m1-pro-16gb-local,48000,1,aligned,0,0,1,0,64,65536,0.0740214111328125,,,,,,,1,1,1.3653333333333333,0.0,10.65625,21.3125,
3aeff8d50243a034,pffft-ols-fir-float,chain,fir,float,2048,1024,1,1,callback,steady,0,ns/engine-sample,29.680769178602432,29.44805399576823,29.914342244466145,3,9,0,511.5,1023,90424,90424,provider-specific or unknown; see evidence.json,1.5359765370703826e-07,unavailable,unavailable,unavailable,per-run numerical report; see reference coverage,0.0,0.0,0b2e8d8785d33c046a885b9028294bda658ebb66caad9e44af912436e8bef8e7,m1-pro-16gb-local,48000,1,aligned,0,0,1,0,64,65536,0.14246769205729168,20.833333333333332,0.042,0.042,0.042,19.834,0.20160000000000003,65536,65536,1.3653333333333333,0.0,10.65625,21.3125,
3aeff8d50243a034,core-float,analysis,analysis,float,2048,1024,1,1,callback,steady,0,ns/engine-sample,27.04806857638889,26.584299723307293,27.358510335286457,3,9,1023,1023.5,-1,565780,565780,provider-specific or unknown; see evidence.json,0.00014317035675048828,2.15934702845581e-07,2.794693895227653e-07,0,per-run numerical report; see reference coverage,1023.0,1023.0,0c9a705ab0e85a609737635797877217fb5f5493b3280d427f7665df2f01bd8b,m1-pro-16gb-local,48000,1,aligned,0,0,1,0,64,65536,0.1298307291666667,20.833333333333332,0.042,0.042,0.042,8.75,0.20160000000000003,65536,65536,1.3653333333333333,21.3125,21.322916666666668,,42.63541666666667
3aeff8d50243a034,ols-identity-batch-float,chain,identity,float,2048,1024,1,1,callback,steady,0,ns/engine-sample,89.65550740559895,87.60317993164062,90.85396321614583,3,9,0,511.5,1023,164304,164304,provider-specific or unknown; see evidence.json,3.2098083124765253e-07,unavailable,unavailable,unavailable,per-run numerical report; see reference coverage,0.0,0.0,127b8cc3268dc849eaad96f3d40a251428ef2b5c8fe172b6bd17c5a273c57350,m1-pro-16gb-local,48000,1,aligned,0,0,1,0,64,65536,0.430346435546875,20.833333333333332,0.042,0.042,0.042,102.084,0.20160000000000003,65536,65536,1.3653333333333333,0.0,10.65625,21.3125,
3aeff8d50243a034,pffft-analysis-float,analysis,analysis,float,2048,1024,1,1,throughput,steady,0,ns/engine-sample,9.975648668077257,9.912073771158854,10.025868733723959,3,9,0,1023.5,-1,62032,62032,provider-specific or unknown; see evidence.json,6.103515625e-05,1.2019560717045903e-07,1.191954924079027e-07,0,per-run numerical report; see reference coverage,0.0,0.0,14c3514a4dc743a3a286be3d5201cb70fae2771d14fbe8b5837779ac7cdc53f1,m1-pro-16gb-local,48000,1,aligned,0,0,1,0,64,65536,0.04788311360677083,,,,,,,1,1,1.3653333333333333,0.0,21.322916666666668,,21.322916666666668
3aeff8d50243a034,ols-fir-incremental-float,chain,fir,float,2048,1024,1,1,callback,steady,0,ns/engine-sample,78.4411841498481,77.04844665527344,79.2354227701823,3,9,1023,511.5,2046,164304,164304,provider-specific or unknown; see evidence.json,1.5557269250621175e-07,unavailable,unavailable,unavailable,per-run numerical report; see reference coverage,1023.0,1023.0,1a08b1697f2c6c677a348e5fee98e55805da2c961e64719bff625ef9e2827c8e,m1-pro-16gb-local,48000,1,aligned,0,0,1,0,64,65536,0.3765176839192709,20.833333333333332,0.125,0.125,0.125,13.125,0.6000000000000001,65536,65536,1.3653333333333333,21.3125,10.65625,42.625,
3aeff8d50243a034,vdsp-ols-identity-float,chain,identity,float,2048,1024,1,1,callback,steady,0,ns/engine-sample,28.643273247612846,28.206776936848957,29.293014526367188,3,9,0,511.5,1023,106816,106816,provider-specific or unknown; see evidence.json,3.9384264027830795e-07,unavailable,unavailable,unavailable,per-run numerical report; see reference coverage,0.0,0.0,1e841b0df73802e9857b436e6e6d475c3ecd464d5c868643859ed22747623150,m1-pro-16gb-local,48000,1,aligned,0,0,1,0,64,65536,0.13748771158854167,20.833333333333332,0.042,0.042,0.042,10.084,0.20160000000000003,65536,65536,1.3653333333333333,0.0,10.65625,21.3125,
3aeff8d50243a034,ols-fir-batch-float,chain,fir,float,2048,1024,1,1,callback,steady,0,ns/engine-sample,88.82362704806857,88.38047790527344,89.15990702311198,3,9,0,511.5,1023,164304,164304,provider-specific or unknown; see evidence.json,1.5557269250621175e-07,unavailable,unavailable,unavailable,per-run numerical report; see reference coverage,0.0,0.0,21571c647cd801963dcb1c7f31c1b0e5f95e68c2fd101c3e8a3a61affa0c32a7,m1-pro-16gb-local,48000,1,aligned,0,0,1,0,64,65536,0.4263534098307292,20.833333333333332,0.042,0.042,0.042,86.75,0.20160000000000003,65536,65536,1.3653333333333333,0.0,10.65625,21.3125,
3aeff8d50243a034,pffft-scheduled-batch-float,analysis,analysis,float,2048,1024,1,1,callback,steady,0,ns/engine-sample,34.476859198676216,34.075215657552086,34.90117899576823,3,9,0,1023.5,-1,66184,66184,provider-specific or unknown; see evidence.json,6.103515625e-05,1.2019560717045903e-07,1.191954924079027e-07,0,per-run numerical report; see reference coverage,0.0,0.0,2e554bacc72e99d2aa428ec45afd6d8fb824ab89a0b6c0ccf27814d354d36875,m1-pro-16gb-local,48000,1,aligned,0,0,1,0,64,65536,0.16548892415364583,20.833333333333332,0.042,0.042,0.042,20.5,0.20160000000000003,65536,65536,1.3653333333333333,0.0,21.322916666666668,,21.322916666666668
3aeff8d50243a034,inverse-stream-incremental-float,inverse-job,inverse,float,2048,1024,1,1,callback,steady,0,ns/engine-sample,39.716895209418404,39.334625244140625,40.01287841796875,3,9,1023,0,-1,139600,139600,provider-specific or unknown; see evidence.json,4.053554221172817e-07,unavailable,unavailable,unavailable,per-run numerical report; see reference coverage,1023.0,1023.0,335b8c6aaea2d415afaf5adb052ff17b38bfa33037014ede02ff079977a7dd2d,m1-pro-16gb-local,48000,1,aligned,0,0,1,0,64,65536,0.19064109700520832,20.833333333333332,0.083,0.083,0.084,7.458,0.39840000000000003,65536,65536,1.3653333333333333,21.3125,0.0,,
3aeff8d50243a034,vdsp-inverse-float,inverse-job,inverse,float,2048,1024,1,1,callback,steady,0,ns/engine-sample,22.263431125217014,21.93401590983073,22.652501424153645,3,9,0,0,-1,98576,98576,provider-specific or unknown; see evidence.json,1.2287812012345967e-07,unavailable,unavailable,unavailable,per-run numerical report; see reference coverage,0.0,0.0,4a9241f6e9322f8b08cb96ca61a0ee461ff6e2cd15fdaad849ead2ce045472e8,m1-pro-16gb-local,48000,1,aligned,0,0,1,0,64,65536,0.10686446940104168,20.833333333333332,0.042,0.042,0.042,58.083,0.20160000000000003,65536,65536,1.3653333333333333,0.0,0.0,,
3aeff8d50243a034,fftw-analysis-float,analysis,analysis,float,2048,1024,1,1,throughput,steady,0,ns/engine-sample,10.690833197699654,10.538747151692709,10.870615641276041,3,9,0,1023.5,-1,62032,62032,provider-specific or unknown; see evidence.json,0.0001220703125,1.6833401972470574e-07,2.3817976355656692e-07,0,per-run numerical report; see reference coverage,0.0,0.0,4abad2bebd3027d668f718f5095d2916bfd427ab9fd98c31a50506f0cee73bb7,m1-pro-16gb-local,48000,1,aligned,0,0,1,0,64,65536,0.051315999348958335,,,,,,,1,1,1.3653333333333333,0.0,21.322916666666668,,21.322916666666668
3aeff8d50243a034,vdsp-analysis-float,analysis,analysis,float,2048,1024,1,1,callback,steady,0,ns/engine-sample,23.94363233778212,23.333506266276043,24.565521240234375,3,9,0,1023.5,-1,70232,70232,provider-specific or unknown; see evidence.json,6.103515625e-05,1.4261480916057953e-07,1.1945004482661556e-07,0,per-run numerical report; see reference coverage,0.0,0.0,50f84ff0c8a8b63fd1c50b6204b511da5d22c1ce75b0d98c03ec17a3bf2bb449,m1-pro-16gb-local,48000,1,aligned,0,0,1,0,64,65536,0.11492943522135417,20.833333333333332,0.042,0.042,0.042,9.125,0.20160000000000003,65536,65536,1.3653333333333333,0.0,21.322916666666668,,21.322916666666668
3aeff8d50243a034,inverse-stream-incremental-float,inverse-job,inverse,float,2048,1024,1,1,throughput,steady,0,ns/engine-sample,36.111194186740455,35.65894063313802,36.548614501953125,3,9,1023,0,-1,139600,139600,provider-specific or unknown; see evidence.json,4.053554221172817e-07,unavailable,unavailable,unavailable,per-run numerical report; see reference coverage,1023.0,1023.0,5479e316c2ea47dc5a5448d77e814d8b852c7230dcdc348073e8cc9532810f57,m1-pro-16gb-local,48000,1,aligned,0,0,1,0,64,65536,0.17333373209635417,,,,,,,1,1,1.3653333333333333,21.3125,0.0,,
3aeff8d50243a034,fftw-ols-fir-float,chain,fir,float,2048,1024,1,1,callback,steady,0,ns/engine-sample,31.021636962890625,30.90778096516927,31.142481486002605,3,9,0,511.5,1023,90424,90424,provider-specific or unknown; see evidence.json,1.8128045553567063e-07,unavailable,unavailable,unavailable,per-run numerical report; see reference coverage,0.0,0.0,565cb7b126f0e2a22863872869a1802904e9e8d834b288512c04a6f1bf23d706,m1-pro-16gb-local,48000,1,aligned,0,0,1,0,64,65536,0.148903857421875,20.833333333333332,0.042,0.042,0.042,15.958,0.20160000000000003,65536,65536,1.3653333333333333,0.0,10.65625,21.3125,
3aeff8d50243a034,legacy-batch-float,analysis,analysis,float,2048,1024,1,1,throughput,steady,0,ns/engine-sample,25.72546895345052,23.890172322591145,28.816431681315105,3,9,0,1023.5,-1,90680,90680,provider-specific or unknown; see evidence.json,0.00014317035675048828,2.15934702845581e-07,2.794693895227653e-07,0,per-run numerical report; see reference coverage,0.0,0.0,5a9553c3aa621e8371aa0c9441fb5844a8006434699a49a305f87ba82e36fa6d,m1-pro-16gb-local,48000,1,aligned,0,0,1,0,64,65536,0.1234822509765625,,,,,,,1,1,1.3653333333333333,0.0,21.322916666666668,,21.322916666666668
3aeff8d50243a034,legacy-batch-float,analysis,analysis,float,2048,1024,1,1,callback,steady,0,ns/engine-sample,39.23042127821181,37.85651143391927,41.825398763020836,3,9,0,1023.5,-1,90680,90680,provider-specific or unknown; see evidence.json,0.00014317035675048828,2.15934702845581e-07,2.794693895227653e-07,0,per-run numerical report; see reference coverage,0.0,0.0,5f6b18e083591eb8da452ccd776db655d6e7dc875bb60fe6095218c49fbc0715,m1-pro-16gb-local,48000,1,aligned,0,0,1,0,64,65536,0.18830602213541667,20.833333333333332,0.042,0.042,0.042,34.625,0.20160000000000003,65536,65536,1.3653333333333333,0.0,21.322916666666668,,21.322916666666668
3aeff8d50243a034,vdsp-ols-fir-float,chain,fir,float,2048,1024,1,1,throughput,steady,0,ns/engine-sample,14.642074584960938,14.266749064127604,14.881556193033854,3,9,0,511.5,1023,106816,106816,provider-specific or unknown; see evidence.json,2.0061301597706915e-07,unavailable,unavailable,unavailable,per-run numerical report; see reference coverage,0.0,0.0,69ff0f3083e8e43cef7b98b38492320c780b633bba6639f399345f00819dbb51,m1-pro-16gb-local,48000,1,aligned,0,0,1,0,64,65536,0.0702819580078125,,,,,,,1,1,1.3653333333333333,0.0,10.65625,21.3125,
3aeff8d50243a034,inverse-stream-batch-float,inverse-job,inverse,float,2048,1024,1,1,throughput,steady,0,ns/engine-sample,38.798083835177955,38.39471435546875,39.00040181477865,3,9,0,0,-1,139600,139600,provider-specific or unknown; see evidence.json,4.053554221172817e-07,unavailable,unavailable,unavailable,per-run numerical report; see reference coverage,0.0,0.0,6c98532d1fa5d393e9da150e6faf134d217528addf37e949c50c479215b0c11b,m1-pro-16gb-local,48000,1,aligned,0,0,1,0,64,65536,0.18623080240885417,,,,,,,1,1,1.3653333333333333,0.0,0.0,,
3aeff8d50243a034,pffft-inverse-float,inverse-job,inverse,float,2048,1024,1,1,throughput,steady,0,ns/engine-sample,8.872490776909721,8.845438639322916,8.916000366210938,3,9,0,0,-1,82184,82184,provider-specific or unknown; see evidence.json,1.884864389012364e-07,unavailable,unavailable,unavailable,per-run numerical report; see reference coverage,0.0,0.0,6e37c3ed1a063d5bb71fc4fbf43cd636b0df33ad7a4214147359a1808f3e4eeb,m1-pro-16gb-local,48000,1,aligned,0,0,1,0,64,65536,0.04258795572916666,,,,,,,1,1,1.3653333333333333,0.0,0.0,,
3aeff8d50243a034,ols-identity-incremental-float,chain,identity,float,2048,1024,1,1,throughput,steady,0,ns/engine-sample,76.05764600965712,75.73403422037761,76.5120137532552,3,9,1023,511.5,2046,164304,164304,provider-specific or unknown; see evidence.json,3.2098083124765253e-07,unavailable,unavailable,unavailable,per-run numerical report; see reference coverage,1023.0,1023.0,83763c3468fb1542aae7f3762d4a8b4c62ad7ebbc2909a8705f01310aac9a7e3,m1-pro-16gb-local,48000,1,aligned,0,0,1,0,64,65536,0.36507670084635413,,,,,,,1,1,1.3653333333333333,21.3125,10.65625,42.625,
3aeff8d50243a034,fftw-ols-identity-float,chain,identity,float,2048,1024,1,1,throughput,steady,0,ns/engine-sample,17.14614529079861,16.986846923828125,17.26214090983073,3,9,0,511.5,1023,90424,90424,provider-specific or unknown; see evidence.json,3.157499577355338e-07,unavailable,unavailable,unavailable,per-run numerical report; see reference coverage,0.0,0.0,847bef36fcffc246e7d61478bd56368309c9b31f22c37ee546274044bc42c824,m1-pro-16gb-local,48000,1,aligned,0,0,1,0,64,65536,0.08230149739583334,,,,,,,1,1,1.3653333333333333,0.0,10.65625,21.3125,
3aeff8d50243a034,fftw-ols-fir-float,chain,fir,float,2048,1024,1,1,throughput,steady,0,ns/engine-sample,17.079037136501736,16.931742350260418,17.168050130208332,3,9,0,511.5,1023,90424,90424,provider-specific or unknown; see evidence.json,1.8128045553567063e-07,unavailable,unavailable,unavailable,per-run numerical report; see reference coverage,0.0,0.0,85aebdd80f8d0e942b7e9311441343bedfa8ca35aacc6068d3b344e93ce5043a,m1-pro-16gb-local,48000,1,aligned,0,0,1,0,64,65536,0.08197937825520833,,,,,,,1,1,1.3653333333333333,0.0,10.65625,21.3125,
3aeff8d50243a034,fftw-analysis-float,analysis,analysis,float,2048,1024,1,1,callback,steady,0,ns/engine-sample,24.646686130099827,24.302256266276043,25.125864664713543,3,9,0,1023.5,-1,62032,62032,provider-specific or unknown; see evidence.json,0.0001220703125,1.6833401972470574e-07,2.3817976355656692e-07,0,per-run numerical report; see reference coverage,0.0,0.0,87b03b7e77c68935c7c1109ec6ab27d68088beae55f7c2e748a98d284920aff5,m1-pro-16gb-local,48000,1,aligned,0,0,1,0,64,65536,0.11830409342447917,20.833333333333332,0.042,0.042,0.042,18.542,0.20160000000000003,65536,65536,1.3653333333333333,0.0,21.322916666666668,,21.322916666666668
3aeff8d50243a034,fftw-ols-identity-float,chain,identity,float,2048,1024,1,1,callback,steady,0,ns/engine-sample,31.346488104926216,30.87566630045573,31.73969014485677,3,9,0,511.5,1023,90424,90424,provider-specific or unknown; see evidence.json,3.157499577355338e-07,unavailable,unavailable,unavailable,per-run numerical report; see reference coverage,0.0,0.0,a4ad6df91e6a8a42d5a4787b2d73229e65f34a0779f7cc7b8350428bf84c4629,m1-pro-16gb-local,48000,1,aligned,0,0,1,0,64,65536,0.15046314290364582,20.833333333333332,0.042,0.042,0.042,45.375,0.20160000000000003,65536,65536,1.3653333333333333,0.0,10.65625,21.3125,
3aeff8d50243a034,pffft-hybrid-float,analysis,analysis,float,2048,1024,1,1,callback,steady,0,ns/engine-sample,24.795779758029514,24.664316813151043,24.965911865234375,3,9,1023,1023.5,-1,66184,66184,provider-specific or unknown; see evidence.json,6.103515625e-05,1.2019560717045903e-07,1.191954924079027e-07,0,per-run numerical report; see reference coverage,1023.0,1023.0,a8fa439e98a0bd4b9c5f068de3328a88eda98062949a4bebea79eb0090c96b70,m1-pro-16gb-local,48000,1,aligned,0,0,1,0,64,65536,0.11901974283854168,20.833333333333332,0.042,0.042,0.042,31.625,0.20160000000000003,65536,65536,1.3653333333333333,21.3125,21.322916666666668,,42.63541666666667
3aeff8d50243a034,vdsp-analysis-float,analysis,analysis,float,2048,1024,1,1,throughput,steady,0,ns/engine-sample,10.045157538519966,9.610702514648438,10.854934692382812,3,9,0,1023.5,-1,70232,70232,provider-specific or unknown; see evidence.json,6.103515625e-05,1.4261480916057953e-07,1.1945004482661556e-07,0,per-run numerical report; see reference coverage,0.0,0.0,aa746b7ed398fbbe0fdacbec227224e34a8c80f6a1f4867acfd0c766da6d9545,m1-pro-16gb-local,48000,1,aligned,0,0,1,0,64,65536,0.048216756184895834,,,,,,,1,1,1.3653333333333333,0.0,21.322916666666668,,21.322916666666668
3aeff8d50243a034,fftw-inverse-float,inverse-job,inverse,float,2048,1024,1,1,throughput,steady,0,ns/engine-sample,9.671105278862846,9.649276733398438,9.682551066080729,3,9,0,0,-1,82184,82184,provider-specific or unknown; see evidence.json,1.3328003944934608e-07,unavailable,unavailable,unavailable,per-run numerical report; see reference coverage,0.0,0.0,afd2baec87c7b2adedfbbb068c0a666ad87bd7925e2ef39b6b70c1dc8b44bea8,m1-pro-16gb-local,48000,1,aligned,0,0,1,0,64,65536,0.04642130533854166,,,,,,,1,1,1.3653333333333333,0.0,0.0,,
3aeff8d50243a034,pffft-hybrid-float,analysis,analysis,float,2048,1024,1,1,throughput,steady,0,ns/engine-sample,16.148954603407116,15.945648193359375,16.39069112141927,3,9,1023,1023.5,-1,66184,66184,provider-specific or unknown; see evidence.json,6.103515625e-05,1.2019560717045903e-07,1.191954924079027e-07,0,per-run numerical report; see reference coverage,1023.0,1023.0,b893917263d2509118b4cfb1515d8f3585364559236cf8302f38fd3f0d0f42e0,m1-pro-16gb-local,48000,1,aligned,0,0,1,0,64,65536,0.07751498209635416,,,,,,,1,1,1.3653333333333333,21.3125,21.322916666666668,,42.63541666666667
3aeff8d50243a034,legacy-incremental-float,analysis,analysis,float,2048,1024,1,1,callback,steady,0,ns/engine-sample,28.861470540364582,28.505213419596355,29.088292439778645,3,9,1023,1023.5,-1,90712,90712,provider-specific or unknown; see evidence.json,0.00014317035675048828,2.15934702845581e-07,2.794693895227653e-07,0,per-run numerical report; see reference coverage,1023.0,1023.0,bae613077f2da7789eab7f0409ae84c5aec2f1e4070aa4806d228ed0794a048b,m1-pro-16gb-local,48000,1,aligned,0,0,1,0,64,65536,0.13853505859375,20.833333333333332,0.042,0.042,0.042,9.916,0.20160000000000003,65536,65536,1.3653333333333333,21.3125,21.322916666666668,,42.63541666666667
3aeff8d50243a034,ols-fir-incremental-float,chain,fir,float,2048,1024,1,1,throughput,steady,0,ns/engine-sample,75.38321940104167,73.94472757975261,76.40160624186198,3,9,1023,511.5,2046,164304,164304,provider-specific or unknown; see evidence.json,1.5557269250621175e-07,unavailable,unavailable,unavailable,per-run numerical report; see reference coverage,1023.0,1023.0,c566a465c174ffbbc4c390428621974a25dbd2634128bb2a394298a418d3cd69,m1-pro-16gb-local,48000,1,aligned,0,0,1,0,64,65536,0.361839453125,,,,,,,1,1,1.3653333333333333,21.3125,10.65625,42.625,
3aeff8d50243a034,pffft-scheduled-batch-float,analysis,analysis,float,2048,1024,1,1,throughput,steady,0,ns/engine-sample,20.692187839084202,20.609110514322918,20.853892008463543,3,9,0,1023.5,-1,66184,66184,provider-specific or unknown; see evidence.json,6.103515625e-05,1.2019560717045903e-07,1.191954924079027e-07,0,per-run numerical report; see reference coverage,0.0,0.0,d01c52d3895989fe5f26921cdc8ad2d6a8b079b68f9afd9374c732d8fdbaf953,m1-pro-16gb-local,48000,1,aligned,0,0,1,0,64,65536,0.09932250162760416,,,,,,,1,1,1.3653333333333333,0.0,21.322916666666668,,21.322916666666668
3aeff8d50243a034,pffft-ols-identity-float,chain,identity,float,2048,1024,1,1,callback,steady,0,ns/engine-sample,29.368815104166668,29.158742268880207,29.626001993815105,3,9,0,511.5,1023,90424,90424,provider-specific or unknown; see evidence.json,3.223614157832344e-07,unavailable,unavailable,unavailable,per-run numerical report; see reference coverage,0.0,0.0,d587231a88cf141f5bde976cd87b4ec37b503644f147fd2d3962779368cf39bc,m1-pro-16gb-local,48000,1,aligned,0,0,1,0,64,65536,0.1409703125,20.833333333333332,0.042,0.042,0.042,17.584,0.20160000000000003,65536,65536,1.3653333333333333,0.0,10.65625,21.3125,
3aeff8d50243a034,ols-identity-batch-float,chain,identity,float,2048,1024,1,1,throughput,steady,0,ns/engine-sample,75.21028984917535,73.58593241373698,76.57878112792969,3,9,0,511.5,1023,164304,164304,provider-specific or unknown; see evidence.json,3.2098083124765253e-07,unavailable,unavailable,unavailable,per-run numerical report; see reference coverage,0.0,0.0,d6d341b29a0bdb69faed620a55e9e783279a000b87d77d0a4b0688d80ce9171f,m1-pro-16gb-local,48000,1,aligned,0,0,1,0,64,65536,0.3610093912760417,,,,,,,1,1,1.3653333333333333,0.0,10.65625,21.3125,
3aeff8d50243a034,vdsp-inverse-float,inverse-job,inverse,float,2048,1024,1,1,throughput,steady,0,ns/engine-sample,8.885206434461805,8.677169799804688,9.229232788085938,3,9,0,0,-1,98576,98576,provider-specific or unknown; see evidence.json,1.2287812012345967e-07,unavailable,unavailable,unavailable,per-run numerical report; see reference coverage,0.0,0.0,d9351ab3beddf7b01c673402dc51b1abbab1a95f8c4e4c1bdc8fca501395266b,m1-pro-16gb-local,48000,1,aligned,0,0,1,0,64,65536,0.04264899088541667,,,,,,,1,1,1.3653333333333333,0.0,0.0,,
3aeff8d50243a034,pffft-inverse-float,inverse-job,inverse,float,2048,1024,1,1,callback,steady,0,ns/engine-sample,22.393900553385418,22.31420389811198,22.546656290690105,3,9,0,0,-1,82184,82184,provider-specific or unknown; see evidence.json,1.884864389012364e-07,unavailable,unavailable,unavailable,per-run numerical report; see reference coverage,0.0,0.0,e06b568347326b84b9cbe93ad9a7d9e679f09be42ec32969a7706b44fabdbc5b,m1-pro-16gb-local,48000,1,aligned,0,0,1,0,64,65536,0.10749072265625,20.833333333333332,0.042,0.042,0.042,7.167,0.20160000000000003,65536,65536,1.3653333333333333,0.0,0.0,,
3aeff8d50243a034,vdsp-ols-identity-float,chain,identity,float,2048,1024,1,1,throughput,steady,0,ns/engine-sample,14.301020304361979,13.797337849934896,14.744654337565104,3,9,0,511.5,1023,106816,106816,provider-specific or unknown; see evidence.json,3.9384264027830795e-07,unavailable,unavailable,unavailable,per-run numerical report; see reference coverage,0.0,0.0,e7b58d28053da7528e79f9a537dc65b08329ae158046583b9d6e101ee929cf46,m1-pro-16gb-local,48000,1,aligned,0,0,1,0,64,65536,0.0686448974609375,,,,,,,1,1,1.3653333333333333,0.0,10.65625,21.3125,
3aeff8d50243a034,pffft-ols-identity-float,chain,identity,float,2048,1024,1,1,throughput,steady,0,ns/engine-sample,15.470506456163195,15.289942423502604,15.613555908203125,3,9,0,511.5,1023,90424,90424,provider-specific or unknown; see evidence.json,3.223614157832344e-07,unavailable,unavailable,unavailable,per-run numerical report; see reference coverage,0.0,0.0,eaba24a30b14dca78395242ffada6fa853819bbb2a84a3a8f53e93885c866e2e,m1-pro-16gb-local,48000,1,aligned,0,0,1,0,64,65536,0.07425843098958333,,,,,,,1,1,1.3653333333333333,0.0,10.65625,21.3125,
3aeff8d50243a034,vdsp-ols-fir-float,chain,fir,float,2048,1024,1,1,callback,steady,0,ns/engine-sample,28.35256110297309,27.67145284016927,28.87958272298177,3,9,0,511.5,1023,106816,106816,provider-specific or unknown; see evidence.json,2.0061301597706915e-07,unavailable,unavailable,unavailable,per-run numerical report; see reference coverage,0.0,0.0,ee65ff2a5dd03eb0fd36ce67d0ff50f46fbcc7ea79b3fd485f3e451f2ec5c5ac,m1-pro-16gb-local,48000,1,aligned,0,0,1,0,64,65536,0.13609229329427083,20.833333333333332,0.042,0.042,0.042,20.417,0.20160000000000003,65536,65536,1.3653333333333333,0.0,10.65625,21.3125,
3aeff8d50243a034,fftw-inverse-float,inverse-job,inverse,float,2048,1024,1,1,callback,steady,0,ns/engine-sample,23.21247016059028,22.94268798828125,23.46209208170573,3,9,0,0,-1,82184,82184,provider-specific or unknown; see evidence.json,1.3328003944934608e-07,unavailable,unavailable,unavailable,per-run numerical report; see reference coverage,0.0,0.0,efc43fab13b15b7ac24a02a17c9e63354c2eda0913f4f418d7da09e01fc5743f,m1-pro-16gb-local,48000,1,aligned,0,0,1,0,64,65536,0.11141985677083333,20.833333333333332,0.042,0.042,0.042,19.25,0.20160000000000003,65536,65536,1.3653333333333333,0.0,0.0,,
3aeff8d50243a034,pffft-analysis-float,analysis,analysis,float,2048,1024,1,1,callback,steady,0,ns/engine-sample,23.38498094346788,23.27581787109375,23.471038818359375,3,9,0,1023.5,-1,62032,62032,provider-specific or unknown; see evidence.json,6.103515625e-05,1.2019560717045903e-07,1.191954924079027e-07,0,per-run numerical report; see reference coverage,0.0,0.0,f0b5b042e6652115a256077d3682296059adbe8c2baf85550a9816aa2549dd99,m1-pro-16gb-local,48000,1,aligned,0,0,1,0,64,65536,0.11224790852864583,20.833333333333332,0.042,0.042,0.042,5.375,0.20160000000000003,65536,65536,1.3653333333333333,0.0,21.322916666666668,,21.322916666666668
3aeff8d50243a034,ols-fir-batch-float,chain,fir,float,2048,1024,1,1,throughput,steady,0,ns/engine-sample,74.9344991048177,74.27745564778645,75.53057861328125,3,9,0,511.5,1023,164304,164304,provider-specific or unknown; see evidence.json,1.5557269250621175e-07,unavailable,unavailable,unavailable,per-run numerical report; see reference coverage,0.0,0.0,f0d6062ca44017ab4d900854d20d74a493619925d66547f1d92706b45823faeb,m1-pro-16gb-local,48000,1,aligned,0,0,1,0,64,65536,0.359685595703125,,,,,,,1,1,1.3653333333333333,0.0,10.65625,21.3125,
3aeff8d50243a034,ols-identity-incremental-float,chain,identity,float,2048,1024,1,1,callback,steady,0,ns/engine-sample,80.85585700141058,78.01741536458333,85.12114969889323,3,9,1023,511.5,2046,164304,164304,provider-specific or unknown; see evidence.json,3.2098083124765253e-07,unavailable,unavailable,unavailable,per-run numerical report; see reference coverage,1023.0,1023.0,f96d8235ebc53f1cf5a2b1f97727ad99b4d43eddd6fc5851933651dae4fdb7bc,m1-pro-16gb-local,48000,1,aligned,0,0,1,0,64,65536,0.3881081136067708,20.833333333333332,0.166,0.125,0.167,30.208,0.7968000000000001,65536,65536,1.3653333333333333,21.3125,10.65625,42.625,
3aeff8d50243a034,core-float,analysis,analysis,float,2048,1024,1,1,throughput,steady,0,ns/engine-sample,20.37253146701389,20.192464192708332,20.506113688151043,3,9,1023,1023.5,-1,565780,565780,provider-specific or unknown; see evidence.json,0.00014317035675048828,2.15934702845581e-07,2.794693895227653e-07,0,per-run numerical report; see reference coverage,1023.0,1023.0,fd335a43fdf070645446c9f209dd2119a4e33eb3de711fb1fa7230e5e78d3615,m1-pro-16gb-local,48000,1,aligned,0,0,1,0,64,65536,0.09778815104166666,,,,,,,1,1,1.3653333333333333,21.3125,21.322916666666668,,42.63541666666667
