group,workload,config_id,backend,native,n,hop,block,regime,compute_ns_per_sample,aggregate_cpu_ns_per_sample,hop_median,hop_p95,hop_p99,block_p99,maximum,compute_misses,release_misses,observations
Baselines,0,905d8b4f94ca8a4b9642a811287aa08281b2f7f3c7776e7c2d96b4707ad5260e,core-matched-batch-float,,2048,1024,64,continuous,59.08740234375,,35401.375,120854.0,121552.25,57739.75,168667.0,0,0,16384
Baselines,1,1a0eb20bcfb66e6245a781b0102587afb3392eed153281b3d213451be9c90ae8,core-matched-batch-float,,4096,1024,64,continuous,68.27670955657959,,52156.375,81041.5,91666.75,62051.75,250875.0,0,0,16384
Baselines,2,380859679db1db1b96dee26dffaf4e55ba7d0c3c41dbe90600bbd22d7cb07244,core-matched-batch-float,,16384,1024,64,continuous,187.28863143920898,,173953.125,247801.75,288458.25,215541.75,322250.0,0,0,16384
Baselines,3,e4609bb1975f2ebdaa81a3c1024729d02038c7a9791648990649811c8494bb37,core-matched-distributed-float,,2048,1024,64,continuous,57.34731388092041,,4187.5,18156.25,28615.0,19354.25,98625.0,0,0,16384
Baselines,4,25e111d7759096c3798821aae9e28eacd5c97026122d726e01c90843f75351f3,core-matched-distributed-float,,4096,1024,64,continuous,80.33920097351074,,6666.75,25385.25,32125.0,20156.25,88375.0,0,0,16384
Baselines,5,919e385dcebe85d1ee966522fa8a34265898cf3267681569f2ff3452e9e4a1b8,core-matched-distributed-float,,16384,1024,64,continuous,170.46711444854736,,19229.25,25531.0,28041.25,23406.5,41833.0,0,0,16384
Baselines,6,ece8451beacccd0ff4b5beaf9cd2ddf9414a2926aeec11dadc1e825d22ef8eca,pffft-native-batch-float,,2048,1024,64,continuous,34.509437561035156,,7739.75,16271.25,29146.0,16135.25,266875.0,0,0,16384
Baselines,7,9965c3394809aa69736994c4c3f62206394396b6936737a8a8c49e21b1e9824a,pffft-native-batch-float,,4096,1024,64,continuous,41.32425498962402,,13681.875,34312.25,37500.25,28916.5,91625.0,0,0,16384
Baselines,8,bca9865e08f4ef376dd980427971214ebd6623b771bead6fb69fcd6db2dbc0fb,pffft-native-batch-float,,16384,1024,64,continuous,71.37686920166016,,44489.625,137781.0,140260.5,68062.5,217292.0,0,0,16384
Baselines,9,2af11ca9f0ac2eed64cb7938450065e4ce0f6ea81ffc156f3a5255877514cbdd,pffft-native-hybrid-float,,2048,1024,64,continuous,55.55192279815674,,6146.0,15052.0,34667.0,13218.5,317625.0,0,0,16384
Baselines,10,562b89523fcc70cbd86c57ce4a75e645bd8f717de68773d2904c8536235509e8,pffft-native-hybrid-float,,4096,1024,64,continuous,49.79827690124512,,8145.75,24323.0,25249.75,16792.0,76958.0,0,0,16384
Baselines,11,fb2de484c79b81e6341f3f0cb6a180160048baca16e03381b9478610d1e6f3c8,pffft-native-hybrid-float,,16384,1024,64,continuous,60.90780162811279,,24349.0,37896.0,53531.5,27604.0,110292.0,0,0,16384
Baselines,12,04e4fabf978f1b91471bfe04502232401830ef0bf944231aaa499ecfe376fd9a,vdsp-native-batch-float,,2048,1024,64,continuous,45.69875717163086,,14583.5,21593.5,32000.0,21458.5,57625.0,0,0,16384
Baselines,13,188177e456908bb4f180916d064d38113f29102e16307654c59a716f85bd26e6,vdsp-native-batch-float,,4096,1024,64,continuous,43.58692169189453,,17083.5,39041.75,46000.25,28260.5,194750.0,0,0,16384
Baselines,14,e9921faf9808da876054d7f6d2bc6606c6157008a201f09b42e1f12a2b295f9c,vdsp-native-batch-float,,16384,1024,64,continuous,61.2714147567749,,38505.5,103895.75,105645.5,62916.75,157208.0,0,0,16384
Baselines,15,8ea6f8cf41c34d2d5f84fe48fa3c601c5c97025471f87fe941d5ce3e41a3f909,vdsp-native-hybrid-float,,2048,1024,64,continuous,54.27204418182373,,4479.25,13822.75,15864.5,12353.75,100000.0,0,0,16384
Baselines,16,a775bad0a51cdba9ebbca5f6f62dba2d475a2d263f85ba9feebc4071f80bd8b7,vdsp-native-hybrid-float,,4096,1024,64,continuous,59.433433532714844,,8916.5,21906.0,48885.25,14791.5,155875.0,0,0,16384
Baselines,17,c449750a7f69178f9a761707580720c3eb9fb5fc474c332ebb6f5b6685f75d25,vdsp-native-hybrid-float,,16384,1024,64,continuous,59.22632122039795,,16124.875,23490.0,45020.5,18354.25,89917.0,0,0,16384
Baselines,18,147288516ead668279b92c001b6414ef3e4452792654b32ab584ac68269d5c7c,fftw-native-batch-float,,2048,1024,64,continuous,38.45808029174805,,11802.25,25187.25,33625.0,25041.5,129667.0,0,0,16384
Baselines,19,db07f51a0111dc06b4d95f36a55aec1dda9fe8438d4876ee5fc0de4d27a112b4,fftw-native-batch-float,,4096,1024,64,continuous,41.31863594055176,,21796.625,43687.5,52937.5,29614.75,161084.0,0,0,16384
Baselines,20,1513ac2ee5734a129d6ae3b246af948ab063018f2050dc9329a9e97b38570c90,fftw-native-batch-float,,16384,1024,64,continuous,70.96549987792969,,52854.25,86843.75,155437.25,78854.25,217041.0,0,0,16384
Baselines,21,f4a3ee45af7b4154ccb8b304a9af3846a4766a0fdaa1e5664953260d33f52963,fftw-native-hybrid-float,,2048,1024,64,continuous,40.927273750305176,,7292.0,20583.75,25291.75,11281.25,78584.0,0,0,16384
Baselines,22,05d13646e9558f39bde16ece0001efe10fe4b116db8ad253e5b0e2727511c27a,fftw-native-hybrid-float,,4096,1024,64,continuous,46.57370948791504,,12505.25,27364.5,38562.0,19687.75,145125.0,0,0,16384
Baselines,23,0bf37c12a0f646dd212fdd780c26b3ffa16805dc43ba033e2b359205dc10fb92,fftw-native-hybrid-float,,16384,1024,64,continuous,77.7972640991211,,42036.625,68822.75,69406.5,49104.25,195291.0,0,0,16384
Granularity,0,2af11ca9f0ac2eed64cb7938450065e4ce0f6ea81ffc156f3a5255877514cbdd,pffft-native-hybrid-float,,2048,1024,64,continuous,46.43529987335205,,5739.5,14979.5,21479.0,10458.25,93500.0,0,0,16384
Granularity,1,54f00a62bcda40e7a11a49243ba757cf9abfed626a6c9f68fc072f12807d4cce,pffft-native-hybrid-float,,2048,1024,64,continuous,44.150145530700684,,6229.0,13114.5,20031.5,12969.0,92125.0,0,0,16384
Granularity,2,282c3ab1ff084e7fa36af965c6f2eb09453f6a328d5ff389dcd6774f41a019ea,pffft-native-hybrid-float,,2048,1024,64,continuous,36.38505554199219,,5906.375,15406.25,26885.5,12927.0,74916.0,0,0,16384
Granularity,3,d93560a990e0e6941416c66de4e8858bd75f9f0d5d704b314d016b5a95523ae4,pffft-native-hybrid-float,,16384,240,64,continuous,221.03935953776042,,33479.0,41697.75,44937.25,42322.75,112625.0,0,0,3840
Granularity,4,86101f861415e33a3b6a6b44bc934706a47f0f822d630979b17f240b0be2d088,pffft-native-hybrid-float,,16384,240,64,continuous,226.77231038411458,,40088.375,51396.0,55010.5,52281.0,69125.0,0,0,3840
Granularity,5,ce69b378e6255580fb9cc80b0a3a2b3f9f3b6db5e4d36e3fbe7dbc35dbd537d0,pffft-native-hybrid-float,,16384,240,64,continuous,216.46532389322917,,44327.875,57833.25,61823.0,58124.75,133083.0,0,0,3840
Granularity,6,8ea6f8cf41c34d2d5f84fe48fa3c601c5c97025471f87fe941d5ce3e41a3f909,vdsp-native-hybrid-float,,2048,1024,64,continuous,51.57235050201416,,5479.25,14062.5,17979.25,9687.5,180958.0,0,0,16384
Granularity,7,24a3561de776ed40809970bce5d94b06d299435119cd30da446d87cc7acd963f,vdsp-native-hybrid-float,,2048,1024,64,continuous,49.25218868255615,,7041.5,15385.75,41718.75,15250.0,140167.0,0,0,16384
Granularity,8,677ce73e8d299bc428233d3c430bb12a70dcad0d923a800d8efd15a29093067f,vdsp-native-hybrid-float,,2048,1024,64,continuous,41.622196197509766,,5510.75,16781.25,35021.0,16687.5,846875.0,0,0,16384
Granularity,9,c13c1e792092e798821ba6582b1cb39599bb071573d75b490b5f9d87524784d8,vdsp-native-hybrid-float,,16384,240,64,continuous,226.57944742838544,,24958.5,30458.25,33895.75,30520.75,113584.0,0,0,3840
Granularity,10,b3358c1530a57be7f15f03d8950f1f641a19ea661ae052cae1244480e1087c20,vdsp-native-hybrid-float,,16384,240,64,continuous,259.6771158854167,,40604.25,55229.0,57448.0,56083.25,138417.0,0,0,3840
Granularity,11,39ca0b014ddab9b857d169aecbe24f43737fa1f5a99b7988ac6842685cdbbbc3,vdsp-native-hybrid-float,,16384,240,64,continuous,210.94672851562498,,43104.125,53145.75,59968.5,53270.75,100875.0,0,0,3840
Granularity,12,f4a3ee45af7b4154ccb8b304a9af3846a4766a0fdaa1e5664953260d33f52963,fftw-native-hybrid-float,,2048,1024,64,continuous,44.955732345581055,,8000.125,21406.0,39145.75,13729.5,122542.0,0,0,16384
Granularity,13,5101656f0158353bbf0ac0ac651287a14349e0e2b4669a313cb80cdf7a277e19,fftw-native-hybrid-float,,2048,1024,64,continuous,35.7626371383667,,6645.75,21490.0,23041.5,12812.5,101167.0,0,0,16384
Granularity,14,10b9b751d51ef23d0225eb6d7d323ba9202f606e9ef1cf0da0b08e429588461b,fftw-native-hybrid-float,,2048,1024,64,continuous,43.87150955200195,,9041.75,21864.5,26146.5,18906.5,85500.0,0,0,16384
Granularity,15,e7ac52f50a87afaaf79a28132ae39e4020c60092145d73ac0321cc9cb7f3f1f5,fftw-native-hybrid-float,,16384,240,64,continuous,276.8044189453125,,46661.375,63510.25,64208.0,63708.5,137375.0,0,0,3840
Granularity,16,62ad09c12a1ed80cc61b3c362bf39ba9c8c36fea60bbd5e656965731e10c6814,fftw-native-hybrid-float,,16384,240,64,continuous,268.05185546875,,50927.125,65572.75,70343.75,66718.5,162417.0,0,0,3840
Granularity,17,6ef8d6b5d41f5ba0f05d4c0e7c8cb566c7a00ec315eeef9fd077c5627277c538,fftw-native-hybrid-float,,16384,240,64,continuous,221.82143554687502,,47552.125,56458.5,57104.0,56531.5,74417.0,0,0,3840
Granularity,18,c633a65cab0356f37fc29d61c83b5f03a1c64e5c99fcf0ba8bd1f63b8ad4e31b,vdsp-native4-hybrid-float,,2048,1024,64,continuous,74.96829986572266,,14723.75,24510.5,53218.5,18020.5,170458.0,0,0,16384
Granularity,19,53345e472811eda7f3693fc528c1289fe31622dd320aaf2e4e4393f5054aed87,vdsp-native4-hybrid-float,,2048,1024,64,continuous,59.83856010437012,,13588.625,31250.0,66104.25,19302.0,246250.0,0,0,16384
Granularity,20,12dc7904ca0e5f46a45dadf8e9a479b10852da6daa59c09dc484051c2ef3904f,vdsp-native4-hybrid-float,,2048,1024,64,continuous,64.12245559692383,,18646.0,36385.5,42156.25,22718.75,103125.0,0,0,16384
Granularity,21,d7b9b93e4cfeef8b3c1b72242f437da53e83aef103ebeb64c91c5298f4c4713f,vdsp-native4-hybrid-float,,16384,240,64,continuous,588.7405192057291,,68619.875,87385.5,91750.5,89729.25,101792.0,0,0,3840
Granularity,22,6d30ed6893f753aa6d5a44953a4469452c4fcc9c930dd7f1ff19c55bb186893e,vdsp-native4-hybrid-float,,16384,240,64,continuous,594.3717366536458,,95422.125,125344.0,136426.75,129124.75,167084.0,0,0,3840
Granularity,23,27ae1e24461d902de1f463dc9c8340f3ce5bee26df05f47cee43073a5dde0b0a,vdsp-native4-hybrid-float,,16384,240,64,continuous,567.9661743164063,,120718.625,150677.0,165114.5,154229.0,185084.0,0,0,3840
Granularity,24,b58ddde7e6784d140269e3399dfe4ae3a062809e1deeaf789429b963a1cf1e08,fftw-native4-hybrid-float,,2048,1024,64,continuous,57.3955135345459,,19416.5,41666.5,64792.0,23468.75,110541.0,0,0,16384
Granularity,25,dc2df5432e913560950206e4ed8a645685e673efe32c71fe269a059f3f5ad413,fftw-native4-hybrid-float,,2048,1024,64,continuous,58.24729633331299,,21016.0,34635.75,61812.75,30062.5,112833.0,0,0,16384
Granularity,26,244d16359f4e149f50602690bcebef5dcb65ca31d0a8e8741faaa61e047bc50e,fftw-native4-hybrid-float,,2048,1024,64,continuous,57.40279293060303,,22885.5,46812.25,66396.0,27573.0,132000.0,0,0,16384
Granularity,27,fd994c7be8baf0e91ffd337fe84dd2b529cab9fe3b39c016e6da96b7a0d3247f,fftw-native4-hybrid-float,,16384,240,64,continuous,658.3420491536458,,119073.0,155041.25,163114.75,157135.5,177417.0,0,0,3840
Granularity,28,756b6ce13dec3def9ca95d771a8516cd1e977b26522458505b641288ce75bef1,fftw-native4-hybrid-float,,16384,240,64,continuous,648.0887532552083,,129572.75,160385.25,167864.5,162323.0,173458.0,0,0,3840
Granularity,29,d05ddadfdd4bd6db9ef7eb4a844f3ca2c28eb6e99d23c778bb2d04eaf5629f03,fftw-native4-hybrid-float,,16384,240,64,continuous,657.7076334635417,,143797.0,187124.75,202750.0,190489.75,210834.0,0,0,3840
Granularity,30,d9feea4b60290a9c9c442d0ca4dec40a7078ca0dc81043c7b974b91f2cc0232f,core-independent4-simd,,2048,1024,64,continuous,69.86400318145752,,5697.875,16885.25,22593.75,15427.25,64375.0,0,0,16384
Granularity,31,e6ac9484e55caf7d0babc6b2b2631c22b86a51b8fb05ce4b28cd1e7a5c9255ef,core-independent4-simd,,16384,240,64,continuous,1079.5316243489583,,93567.75,117500.0,129375.0,117926.75,144833.0,0,0,3840
Granularity,32,0fa5cd2d3ffe44869007792ce348bf035452d2e2011b8be03188e588d605d2c5,pffft-native-batch-float,,16384,240,64,continuous,214.26637369791666,,48703.125,57583.0,65010.75,58979.0,145084.0,0,0,3840
Granularity,33,ae1ec82899e0874ac87099eb47941383d8d60a6d97dd6a36e8817b198f677a81,vdsp-native-batch-float,,16384,240,64,continuous,235.94471028645833,,53109.375,69073.25,70448.0,69042.0,148750.0,0,0,3840
Granularity,34,41854c2481968decc1a137f79b3641b7ae400b4d45c87789f5b231bc08e28066,fftw-native-batch-float,,16384,240,64,continuous,236.42110595703127,,53531.75,62520.75,67469.0,62385.5,79584.0,0,0,3840
Granularity,35,69b9ab99910fdc9491b9dcbdae97008afd1887dd29a72a047ded3b938cecd409,vdsp-native4-batch-float,,2048,1024,64,continuous,56.43130302429199,,29302.0,75500.0,78093.75,35093.75,136417.0,0,0,16384
Granularity,36,a9f6095280774a5dde07c8fb8099ef89066c1b07c9ac2db575f965d0c675631d,vdsp-native4-batch-float,,16384,240,64,continuous,544.4195149739584,,124854.125,151062.5,157958.75,151000.0,203875.0,0,0,3840
Granularity,37,501d46e9b7be2be6bfa7d78b929bb438dbb7b0375b52a64a0389a812c98452b3,fftw-native4-batch-float,,2048,1024,64,continuous,58.75241756439209,,29505.375,72531.5,84833.5,41875.0,115709.0,0,0,16384
Granularity,38,74324d8037f523f0432280a6d0bf25eaaad81ab0363c704404f8677b8d314cae,fftw-native4-batch-float,,16384,240,64,continuous,641.9047973632812,,147140.625,188375.25,195417.0,188322.75,211292.0,0,0,3840
Host,0,e48adeb782bfc7b4e2786dd26c3aae2a45c570a640b1e8d44874f69267f8b2e6,fourier-default,,2048,1440,64,paced,535.5774116516113,856.7934036254883,47817.75,115072.75,692625,59208.5,2402125,2,13,16384
Host,1,22eeffe960695667a592c4156d7e26fac694807d4b7ee6f68921b6a583d86b76,fourier-default,,2048,1440,64,paced,919.4391384124756,62692.97790527344,95854.375,112979.0,911104.25,109854.25,7429208,3,10,16384
Host,2,8ed1c0d2e9a0042e7afd00619440a7b667e961388b788fe70887eb1fc12f3dec,fourier-default,,2048,1440,64,paced,2297.4532957077026,2587.307929992676,201390.75,319781.5,572312.75,249635.5,1016166,0,18,16384
Host,3,672a6b1fd91f3634e716eac90847bc113e4fcc1b12157987fd135c463f335b2b,fourier-default,,2048,1440,64,paced,1090.9544763565063,62610.090255737305,105796.75,119052,134437.5,108729.25,156959,0,0,16384
Host,4,74a25fe392573a096e70c32e2b7ff6c8441d4e436d1c8a223263cf267d4c31e1,fourier-default,,2048,1440,64,paced,1740.0521755218506,63302.67524719238,143848.875,186895.5,2036218.75,173291.5,7589125,4,19,16384
Host,5,538338492e4e8a9fc0d01ebc1a5e58603be8ca7aeb57fcb87d9bf9280137695a,fourier-default,,2048,1440,64,paced,1699.9688520431519,63238.84201049805,144073,160646.0,199604,159416.5,357541,0,0,16384
Host,6,6eface0b99378439362786933e31882aad1a17d17c4f2f711b0e8619c417d2af,fourier-default,,2048,1440,256,paced,1358.830584526062,63566.505432128906,376698,403479.25,469062.75,406396.0,667334,0,0,4096
Host,7,7bbb0329fea4b75d56641f0379215f5c30932bb78f76556d71b56a2482763ad9,fourier-default,,2048,1440,64,paced,1217.5396127700806,62504.87995147705,107625,121739.75,133698,112229.25,144708,0,0,16384
Host,8,12488f786af430b10f23e9304de2726b55ffb72f7d8c67a6e53bd56de0e3d13e,fourier-default,,2048,1440,64,paced,1145.2477674484253,62746.06132507324,110041.75,132927,283104,122875,688459,0,0,16384
Host,9,90c2fc2b527e418dd38073a10aadbd03362beb7fa590ab6b6e7443d8193d3130,fourier-default,,2048,1440,64,paced,1019.550124168396,62942.02709197998,110229.0,125708.5,224541.5,119917,738084,0,0,16384
Host,10,7f2ffbd929826d6b535aee1a2ff8206eed5d2ed57c7bce43ab17a51aee54d9ab,fourier-default,,2048,1440,64,paced,1264.7784481048584,62654.35886383057,140500.25,171573.0,307875.0,160385.5,865750,0,0,16384
Host,11,13888b403b1ed451ef5a906fa1e14690c21cfbdab827966bc8013acbe12db9f5,fourier-default,,2048,1440,64,paced,1119.459508895874,62869.975090026855,140427.0,171124.5,187749.75,158312.5,200417,0,0,16384
Host,12,c17b8ebb452b8643e7d4a0342317c15bf580435ee460449e016be1a58f00878f,fourier-default,,2048,1440,64,paced,1301.25630569458,62778.916358947754,153906,179417.0,199635.5,169010.25,212333,0,0,16384
Host,13,3379428d783cbd8ba068b106a9bfc2c39dcb30007461c50cda02c7f1e5d05a88,fourier-default,vdsp-native4-batch-float,2048,1440,64,paced,466.29636669158936,750.2279281616211,223578.0,243489.5,315041.5,226573.0,728334,0,2,16384
Host,14,e48eb73cff7099140a553bd213d17d2a5d55588d84706fd5886b0a6f85042304,fourier-default,vdsp-native4-batch-float,2048,1440,64,paced,1076.12571144104,62443.46237182617,113010.375,133583.5,152271,121562.5,221916,0,0,16384
Host,15,b4c5d875205c2f425535b29f6e9f0bc6b67fbda9d0d433b35cc4875d0dda54c4,fourier-default,vdsp-native4-batch-float,2048,1440,64,paced,1731.0675039291382,2010.9062194824219,889630.25,981739.25,1097718.5,899198,1270041,0,20,16384
Host,16,d997164f1f8da5ebf832179aabf33cf696ece8c3de7854db46700fec4d3b44f6,fourier-default,vdsp-native4-batch-float,2048,1440,64,paced,994.0204381942749,62721.6215133667,111801.875,142083.5,155739.5,122624.75,187875,0,0,16384
Host,17,d34d0540edb7f1f19c6dc1e576b96a523d48056ba9cd03babb76c788f8f6de23,fourier-default,vdsp-native4-batch-float,2048,1440,64,paced,1755.2144136428833,63571.4807510376,261150.875,304281.25,361489.25,276427,507041,0,0,16384
Host,18,77ae50a597d84fe2e6f3bb733b33913e32bfcd608f34187c986dc8960d596962,fourier-default,vdsp-native4-batch-float,2048,1440,64,paced,1937.848093032837,63597.62191772461,171145.5,200218.75,356802.25,192583.25,14165333,5,36,16384
Host,19,770f37922a2b4e77ce2a04ab1aa5cfc71cedb6aa451ae28c164d3582dfe80aba,fourier-default,vdsp-native4-batch-float,2048,1440,256,paced,1665.590814590454,63881.60037994385,458250,536531.25,1529520.75,537958.0,4395375,0,1,4096
Host,20,f7b86e80e5983c6a3acf6e2eb40703797be18639f0d97021563d9b018080f0dc,fourier-default,vdsp-native4-batch-float,2048,1440,64,paced,1187.9424114227295,62537.98866271973,131833.5,147469.25,174927.25,138114.25,220375,0,0,16384
Host,21,950f9376e5d304114b9f8eba4601e9128da11c6d9cece0f38ed60925bc6baa4c,fourier-default,vdsp-native4-batch-float,2048,1440,64,paced,1119.8412313461304,62991.703033447266,129541.75,149447.75,155969.0,144708.25,191125,0,0,16384
Host,22,221d1cf2b68ca6359d1d7c7637a73a050b8fb168b6986fe8a0a1398731204819,fourier-default,vdsp-native4-batch-float,2048,1440,64,paced,1189.6988649368286,62819.4055557251,138937.5,147333.25,163395.75,142729.25,211125,0,0,16384
Host,23,7ebdd713d6e9e84cbd11967c95078b5336417719f9bb8401f2c57307e0ba3c7d,fourier-default,vdsp-native4-batch-float,2048,1440,64,paced,1152.464955329895,62945.12844085693,140583.5,176573.0,193656.25,155458.5,228250,0,0,16384
Host,24,732f256c01d1cd5f15d470d414a597f27cd1e9cd1600aad43d584c4bb0e41a81,fourier-default,vdsp-native4-batch-float,2048,1440,64,paced,1268.6799335479736,62947.00908660889,150687.5,186510.25,207447.75,167541.75,307125,0,0,16384
Host,25,2e0893bf4460bcdc6e3b7992622ca1f9c35466263db2f847428b520e85c2e18c,fourier-default,vdsp-native4-batch-float,2048,1440,64,paced,1133.5269613265991,63123.215675354004,145302.25,184156.5,580718.5,164677.25,3572417,2,5,16384
Host,26,80761502e4a644135477cd8d27ece63b41cbda5a84e2e9c303e2d441f4a1a663,fourier-default,vdsp-native4-hybrid-float,2048,1440,64,paced,539.9332504272461,825.6092071533203,105890.875,123458.5,218624.75,108229.25,1530417,1,9,16384
Host,27,8ba307cfb51c1c6cd5f00e7efb241595e41c8ab6e076d23725070b886dc88424,fourier-default,vdsp-native4-hybrid-float,2048,1440,64,paced,897.4946908950806,62801.950454711914,100161.625,116531.25,158021,104594,507291,0,0,16384
Host,28,2084046a4a87b0b1a63d6837386cadd3ff3de821ee102310f1168163b1cf6117,fourier-default,vdsp-native4-hybrid-float,2048,1440,64,paced,2042.3789339065552,2348.4373092651367,422911.625,499875.0,834906.5,439270.75,3514500,1,38,16384
Host,29,6c70689714e0436e866174cbc71473baf000b6920ad13f4ef671d2e82af3446f,fourier-default,vdsp-native4-hybrid-float,2048,1440,64,paced,1042.4544105529785,62750.15068054199,106911.5,125781.5,160218.75,115854.25,2045000,1,1,16384
Host,30,25a3a8976e2adf4411634f1a0790e2b545dd7f4c97977bafe92ee5510121d2c6,fourier-default,vdsp-native4-hybrid-float,2048,1440,64,paced,1622.6601362228394,63386.89994812012,153052.125,185583.25,219416.5,176854.25,298375,0,0,16384
Host,31,0805df0dfb1ecf57d74bea11b320b63fa5e8210a7f583a09eb770e48209b8756,fourier-default,vdsp-native4-hybrid-float,2048,1440,64,paced,1791.0152568817139,63393.6653137207,155677.0,172948.0,218333.25,163479.5,277834,0,0,16384
Host,32,c5e2036da3a9c91530e7f8bcc9a48322b7ab8249c6bac4063381b1243d269e48,fourier-default,vdsp-native4-hybrid-float,2048,1440,256,paced,1378.5494546890259,63598.368644714355,385250,406093.5,542240,414833.0,703500,0,0,4096
Host,33,5bc29bd97d65d39a6e732628c1bd9e547885cafd2ecd19955e770bd400e1bcfe,fourier-default,vdsp-native4-hybrid-float,2048,1440,64,paced,975.6845140457153,62774.63912963867,104312.5,115104,142343.75,109749.5,209208,0,0,16384
Host,34,b59261381b1fccf0307b179b70f44f5ae64f445b02e971e9d02a0b2550a59753,fourier-default,vdsp-native4-hybrid-float,2048,1440,64,paced,1062.1103057861328,62795.41778564453,109853.75,123197.75,203896,116698.0,1242750,0,1,16384
Host,35,1dea3046e483e7f3ea293f135cce67e78377f8d0fc5a80a045a6e7cff91e48eb,fourier-default,vdsp-native4-hybrid-float,2048,1440,64,paced,1059.0929517745972,62882.56549835205,110656.5,124177,140135.5,114916.5,181958,0,0,16384
Host,36,4b7583556ad441e73c819834e131000012893ee91ccab8eea5b6fb2c6481fa44,fourier-default,vdsp-native4-hybrid-float,2048,1440,64,paced,1167.0817937850952,62870.96118927002,143187.5,172989.25,207520.75,162916.5,818208,0,0,16384
Host,37,be9868b915e390a481115dfd75df4abc7794771ce848c568bdadb0ce8deebd6c,fourier-default,vdsp-native4-hybrid-float,2048,1440,64,paced,1205.8125076293945,62932.24048614502,149385.25,176916.5,617114.25,164104.0,2278250,2,3,16384
Host,38,26f5f8da121637bc9f92f524ba1694f21c2ef345e9c92c2a2eb740f7974a2930,fourier-default,vdsp-native4-hybrid-float,2048,1440,64,paced,1227.6652393341064,62965.16132354736,145208.5,179333.5,204812.5,163396,573875,0,0,16384
Host,39,1c36e5faf266490ad108b5dad941ace748f6bfdba95bb11a88c6b033bb70615c,fourier-default,fftw-native4-batch-float,2048,1440,64,paced,483.0302200317383,769.3243026733398,244088.5,265281.25,310343.75,247437.75,458500,0,2,16384
Host,40,07a7f464dc83f4bb1bb385c995e37913eed9b2166fefcaeae4cfe332093733e0,fourier-default,fftw-native4-batch-float,2048,1440,64,paced,1035.6047048568726,62416.00227355957,109406.375,124468.75,128948,114896,230000,0,0,16384
Host,41,0a17f3ad59c6b12890bc67864c44f408235245178035fab046b8411577c2e868,fourier-default,fftw-native4-batch-float,2048,1440,64,paced,1653.6717567443848,1933.9351654052734,860750.125,1019489.5,1441604.0,967427.25,1927375,3,419,16384
Host,42,88a6df315e00f394e265ee5e3c1bc0a0a4b5dc2105f7da467b16274495c43ab5,fourier-default,fftw-native4-batch-float,2048,1440,64,paced,1146.3680210113525,62673.42185974121,118291.75,138114.75,172416.5,127406,343542,0,0,16384
Host,43,fee36bd900e912c3532271a68b8ccaa4a1ff5c6f630193dcc6c611b95c0c8a9c,fourier-default,fftw-native4-batch-float,2048,1440,64,paced,1608.4510068893433,63350.40855407715,207427.125,247104.25,255041.5,234635.25,265291,0,0,16384
Host,44,f944c68f67d9b1a65ff58a91c54080882fc4bbcc9cb45b46b58af25d12ef4633,fourier-default,fftw-native4-batch-float,2048,1440,64,paced,1949.8729791641235,63344.67887878418,165656.5,177500.25,226187.25,175062.5,600875,0,0,16384
Host,45,287607a8c48925c3d4638e1b43e32e6c1d603fd7278955e31cd0f929f6e35a8a,fourier-default,fftw-native4-batch-float,2048,1440,256,paced,1501.247326850891,63696.81453704834,415812.5,497302.0,531010.25,495458,4362666,0,1,4096
Host,46,daf4ca19c47a9eaceff626285be018d41dcfb2264fbe41028dbaa946d5bb8888,fourier-default,fftw-native4-batch-float,2048,1440,64,paced,1051.797818183899,62730.549812316895,116469.0,132875,154260.25,126166.25,201334,0,0,16384
Host,47,9af00f333a26dea67e11ab48dc05ed251c660542782b14f9c9d743849fff6633,fourier-default,fftw-native4-batch-float,2048,1440,64,paced,1123.7531929016113,62755.332946777344,127301.75,138448.0,171823.0,132739.75,236875,0,0,16384
Host,48,017bfd46955bd3a6f30537bc962159847206be306f657fea81919f5ccd8f74e5,fourier-default,fftw-native4-batch-float,2048,1440,64,paced,1200.7830753326416,62839.49661254883,133041.75,146281.25,178104.5,138239.75,240459,0,0,16384
Host,49,4d9513438ef88bb55bffe42fb1fbc6f50af8fca59d38187f6e01fe68a4846000,fourier-default,fftw-native4-batch-float,2048,1440,64,paced,1251.5675840377808,62761.44981384277,139802,182666.75,253728.75,160437.5,448042,0,0,16384
Host,50,a59bf9d4cdfc8ac17a48a30d2fc984bb06cb85d41eddb0d539356e50e848b8a5,fourier-default,fftw-native4-batch-float,2048,1440,64,paced,1386.0126609802246,62664.31999206543,156010.5,187781.25,202510,169000,230875,0,0,16384
Host,51,81f11cbb6e71061230a8f41deefef792f178b6a4602d2f33834e20188188cda4,fourier-default,fftw-native4-batch-float,2048,1440,64,paced,1249.5810298919678,62754.48131561279,143979.0,180301.75,205833.25,157968.75,480709,0,0,16384
Host,52,f6dd417dfb081acfb9a8b3fcda11946be24e7bd289745691047c517616c66cc5,fourier-default,fftw-native4-hybrid-float,2048,1440,64,paced,525.8727569580078,860.3448867797852,107864.75,135489.5,271479.25,114562.75,692333,0,14,16384
Host,53,70a73e1992e5d8a748368ecd326a5d9a60b99550d6c5986d245d9b13e034856d,fourier-default,fftw-native4-hybrid-float,2048,1440,64,paced,1034.2902812957764,62435.37425994873,102348.75,111478.75,122427,107437.75,142875,0,0,16384
Host,54,02b0583dcf02beaf02f9698c455415bfb8088b8ea691d07db0699ca010cfbb26,fourier-default,fftw-native4-hybrid-float,2048,1440,64,paced,2010.4835796356201,2288.0630493164062,420026.0,467614.5,618937.25,432833.5,885000,0,30,16384
Host,55,448e1097cb9111053966c04c580437664f031b4f531d96f95b6fe64e603062a4,fourier-default,fftw-native4-hybrid-float,2048,1440,64,paced,908.7212390899658,62802.06394195557,101213.5,114322.75,131958.5,106958.25,151209,0,0,16384
Host,56,af79df924e2378f698168445f96a7de0cd3300bccbc0e44f393743175494a431,fourier-default,fftw-native4-hybrid-float,2048,1440,64,paced,1815.4351301193237,63415.07625579834,165348.875,188364.75,344115.0,193531.25,2171375,1,1,16384
Host,57,9d79183a44f6debcebd55fcbe00ed818e1121f5d938117057af62b3ebb5bfff7,fourier-default,fftw-native4-hybrid-float,2048,1440,64,paced,1809.0773658752441,63359.60102081299,154260.25,172416.75,222698.25,159322.75,304292,0,0,16384
Host,58,a3d1117e7d59f2b3c03b87d898e41de2135d765ce0ad4c20627642cc27174eb6,fourier-default,fftw-native4-hybrid-float,2048,1440,256,paced,1426.3773612976074,63609.12322998047,388718.75,484489.75,685125.0,562135.5,2261917,0,0,4096
Host,59,cf31a412f14ffc7cfdd38cfaf177e64abb16ba868dde2d4d5acc0c93bb8cafe9,fourier-default,fftw-native4-hybrid-float,2048,1440,64,paced,1198.7037506103516,62671.913146972656,112874.75,161948,653719,129812.25,2080500,4,6,16384
Host,60,c40344f81412b29e2bb9fc6030aa2840012903a8e3a504cd0788133df14b3000,fourier-default,fftw-native4-hybrid-float,2048,1440,64,paced,1174.7608728408813,62574.06425476074,111416.5,123250,132645.75,115156.5,148417,0,0,16384
Host,61,986a04e8a4d8f89b85dc64ab722a259c5b32df004be9e063b019b532656a580d,fourier-default,fftw-native4-hybrid-float,2048,1440,64,paced,976.2194671630859,62878.915786743164,106552,119791.75,130385.5,112291.75,177667,0,0,16384
Host,62,e67d3d06b3d67c6b18881380ed6b48c38f7ba3f296fd93da2737a2b56f975d1f,fourier-default,fftw-native4-hybrid-float,2048,1440,64,paced,1165.1995830535889,62814.120292663574,128583.5,170551.75,185458.5,152458.25,215500,0,0,16384
Host,63,3146549b70ec6ae021e0256b37d422ee4d050398576f7e37d7a2e25ae826b3b4,fourier-default,fftw-native4-hybrid-float,2048,1440,64,paced,1152.313401222229,62892.95482635498,141604,170541.5,182229,154510.25,201834,0,0,16384
Host,64,0341b70e4c8bb7452ff54ee11dd5e1036d2a5ad05af07ca006c1866f4da0759d,fourier-default,fftw-native4-hybrid-float,2048,1440,64,paced,1242.3177061080933,62881.44397735596,149312.75,177500,191166.5,164135.5,236167,0,0,16384
Host,65,deaea16e12aeb502d655b6ec6c394ed4386be379685b61a2869284e6170e52e7,spectre-default,,2048,1024,64,paced,332.1254186630249,657.1168899536133,33453.125,51864.25,212969,36364.5,808250,0,10,16384
Host,66,90fa77379cc94151be02a69b446de797de95fd000c47374408eb2e342ddaf27a,spectre-default,,2048,1024,64,paced,1072.7789697647095,62649.35874938965,104916.5,120614.25,157833.0,115646,318500,0,0,16384
Host,67,d6a6bd3cc234d0f9d69fbd4b511c5f3c70aa20fd173aad2250b5946754b0401e,spectre-default,,2048,1024,64,paced,1195.7103252410889,62683.844566345215,136968.75,179427.0,186801.75,167500,211916,0,0,16384
Host,68,2c953692964784f4504d0e60031db72e1c9b581a01ed1e7b8b5bbe5ac10a920c,spectre-default,,2048,1024,64,paced,1113.2957019805908,62811.94591522217,123260.5,175541.5,183708.5,154802.25,210875,0,0,16384
Host,69,e547040afd47357db31225114988ff2f154fcc0233f1629f535c4498bcc4e2bf,spectre-default,pffft-native-batch-float,2048,1024,64,paced,204.84109115600586,562.1604919433594,36562.625,48916.75,96302.0,40020.75,530875,0,4,16384
Host,70,4b4a8dc1d03ada056812d38608391c355ffb42cf097613e1fd2de60ad7bba875,spectre-default,pffft-native-batch-float,2048,1024,64,paced,1094.0780115127563,62789.095878601074,106375,116374.5,127562.5,110864.5,141667,0,0,16384
Host,71,f2313fe10c4a2484cd6ec8bfe72d43fd17e0743e35843dae6404ad9349d324eb,spectre-default,pffft-native-batch-float,2048,1024,64,paced,1144.6614599227905,62726.08947753906,128947.75,170353.75,192124.75,159833.5,1635583,1,5,16384
Host,72,7587839f0bee915ff27104e01cfba3c84281f91c47a5fd9b9c6732176c6e2cd1,spectre-default,pffft-native-batch-float,2048,1024,64,paced,1097.0634536743164,62863.28029632568,123885.25,164687.75,217823,151645.5,1201792,0,1,16384
Host,73,f487aa8bd161ba448649b56fe46391106e6fd752f31d20dfdc5f55ff7f1dd782,spectre-default,pffft-native-hybrid-float,2048,1024,64,paced,268.8944435119629,566.1296844482422,27260.5,47927.25,173854.25,29343.75,913041,0,41,16384
Host,74,054ed44b86d1e8f06a2d0b7a5831ad757994f04ad4fe39b5aa913e38e9ce7e29,spectre-default,pffft-native-hybrid-float,2048,1024,64,paced,1007.504114151001,62609.32731628418,97135.25,114656.25,281729.25,105698.0,1156500,0,1,16384
Host,75,d23e13d0be1e769cb92781d1c047dec43e044413efa8ec40ebd6ac05db4b45a5,spectre-default,pffft-native-hybrid-float,2048,1024,64,paced,1294.5145711898804,62692.216873168945,147447.75,184916.75,199416.5,176135.25,1036708,0,1,16384
Host,76,9fc0e13477c6c372429dd061df4c17d9da792e6eb1f90629f08069900b067354,spectre-default,pffft-native-hybrid-float,2048,1024,64,paced,1119.155086517334,62701.68685913086,121291.75,170698.0,226197.75,148885.25,5956708,2,9,16384
Host,77,65d61345a137fade26848e299efb79643d95725bf357d1d290552e593933e175,fourier-default,,2048,1440,64,paced,83.93209552764893,395.86353302001953,,,,9125.0,197583,0,15,16384
Host,78,c0f025350304f6e23bf21790b45c8828e5c81da85e8f22783e161b46b07eb455,fourier-default,,2048,1440,64,paced,214.13513946533203,531.6867828369141,,,,18667.0,498209,0,27,16384
Host,79,47499161554fdf872183485c44af5dd2ca3a108c8632dc9a2f4dac8907044ec0,fourier-default,,2048,1440,64,paced,609.8738384246826,910.3507995605469,,,,56885.75,887875,0,24,16384
Host,80,23119c7bcb245a21b251013b7c7f1220f664f377bf428448c10029070c054dc3,fourier-default,,2048,1440,64,paced,766.018741607666,62745.704650878906,,,,105958.25,2298500,5,9,16384
Host,81,b5fee26ac6e494fa53483258b45e17a1b3434fa08d2817402071ace470a8bb90,fourier-default,,2048,1440,64,paced,1016.6465482711792,62469.79331970215,,,,98677.25,172583,0,0,16384
Host,82,e89b6741a2440e216360b9e2e6303d2c8e903fbe4842c7630da42c71776cb9b6,fourier-default,,2048,1440,64,paced,788.0822219848633,62643.144607543945,,,,84427,150583,0,0,16384
Lifecycle,0,232b58aca87dbe877398b008136fd6b5bd77721dada9e9268fab68e5876e5176,fourier,,2048,1440,64,continuous,895.8858108520508,2802.9937744140625,,,,108614.75,275459,0,0,4096
Lifecycle,1,6d2d57592184bcf57780b3594e01f634383a8130f1f73ff7d11c2b7de35449d2,fourier,vdsp-native4-batch-float,2048,1440,64,continuous,795.2004814147949,2884.4032287597656,,,,99396,148000,0,0,4096
Lifecycle,2,299b7ce47f8c49f06b8404bd9bdc1e1951735ca12170200e3642a1a8700aa846,fourier,vdsp-native4-hybrid-float,2048,1440,64,continuous,969.1756172180176,3354.7019958496094,,,,110687.5,807083,0,0,4096
Lifecycle,3,56ab5f12a89557c6869b58818b6b08f26daf82870bfcff227b240cead40fab0c,spectre,,2048,1024,64,continuous,843.1476631164551,2608.2382202148438,,,,96614.75,205708,0,0,4096
Lifecycle,4,1f4748c59d1680a10b58f151d509d78e3d1d14806829a4185abd7d766586b153,spectre,pffft-native-batch-float,2048,1024,64,continuous,1118.3072662353516,3195.9609985351562,,,,117312.5,285000,0,0,4096
Lifecycle,5,87738e15769fc75962330f6648eb5684203af83d92593ec9cb8e53ae94b98780,spectre,pffft-native-hybrid-float,2048,1024,64,continuous,912.8672981262207,2723.552703857422,,,,96593.5,186291,0,0,4096
Lifecycle,6,c0aeeb724730839e23d14db0219cf6349f00798940c09cdedb7f34eabbf45046,fourier-default,,2048,1440,64,continuous,84.32813429832458,85.21890640258789,5937.5,11125.5,16249.75,11291.75,47959,0,0,65536
Lifecycle,7,6cc0a604e0e1c883e73ee1fd0f551f020c1e8f794fc731cd8d090c76f143de3d,fourier-default,vdsp-native4-hybrid-float,2048,1440,64,continuous,78.23137021064758,79.1018009185791,10250.25,19364.5,28531.25,13739.5,73250,0,0,65536
Lifecycle,8,c24d31d1af84366b4548f3c28e948adffb0ddafbc7b0fd6b5712586e695f3151,fourier-default,fftw-native4-hybrid-float,2048,1440,64,continuous,79.58332300186157,80.45530319213867,13536.625,22833.5,26635.5,19229.5,117709,0,0,65536
Lifecycle,9,f849b2c8bf9a669e84c6941edbd31623350c2b0c09d58260b1ebc84ecf0b25c9,spectre-default,,2048,1024,64,continuous,67.02594637870789,67.97909736633301,5364.75,9000,18583.25,11416.75,102833,0,0,65536
Lifecycle,10,30526b19bf5e8d9f613128fb304b55673cce7290985811332e320d06a7944230,spectre-default,pffft-native-hybrid-float,2048,1024,64,continuous,64.53179144859314,65.51408767700195,5072.5,9229.25,16979,11541.75,133834,0,0,65536
Modules,0,899275f4ad11ab9b529ed58a8b070e17722ec510065cdae3f05fdbd73685b295,fourier-default,,2048,1440,64,paced,448.4107537163629,,41625.0,109687.75,221072.75,49344.0,517500.0,0,21,23040
Modules,1,a7e14b73a5cf9f619bc49163c3590b52c255590f57339fd7e2ec3b0186388dea,spectre-default,,2048,1024,64,paced,227.57447052001953,,26078.0,50343.75,172583.0,30489.5,719000.0,0,33,16384
Modules,2,e820cb0f9de9be8e9492b338636e3490f96939b640ecd1af0371f1a4e8789a78,fourier,,16384,240,64,paced,7726.0040568033855,,996640.625,1133958.5,1814333.25,1152312.25,7337542.0,10,256,3840
Modules,3,ad0d715eeae72d398e806d3ecdd6bad0c888f71888b7586bdac28e66a2544b43,fourier,,16384,240,64,paced,6658.873575846354,,764057.375,868521.0,1083020.75,873489.5,3961250.0,5,36,3840
Modules,4,6755b93b447ee07e8880c303929a1b6d7fca726264de2a965e76ab6f7a395bff,fourier,,16384,240,64,paced,7970.731742350261,,1009791.875,1150989.75,1358864.75,1155375.0,2398667.0,8,283,3840
Modules,5,8765d96ac498036be34ccf897ad4eb67b0a719e6617ace55af61c8190e21abec,fourier,,16384,240,64,paced,6800.87352701823,,916656.5,1044937.75,1300958.75,1048989.5,3769958.0,54,311,3840
Modules,6,4dee54b5a068f7f26419e89b5c8d6567f911f14173c3bd76998317f451097af2,fourier,,16384,240,64,paced,6741.644453938802,,885291.875,1045302.25,1484031.25,1050718.75,2812250.0,9,236,3840
Modules,7,934414cbaeab76ff72cc4ec15adbd4a47c88f923eb191ef5363156d5b42dc68b,fourier,,16384,240,64,paced,8517.97528889974,,1222411.375,1415781.5,1514739.75,1421708.5,5051459.0,196,583,3840
Modules,8,8e42202114d8a039ca5159bb4b579cedf4fc93fa9223629a82cd78b91c193075,spectre,,2048,1024,64,paced,246.07699394226074,,27895.875,65010.5,127885.25,38145.75,760625.0,0,6,16384
Scaling,0,b5c7dbb1f37fa4c7e76866ab2c977d98c6d2b6228cdd3c97156f882b851260cd,core-matched-distributed-float,,2048,1024,16,continuous,58.488091468811035,,1427.5,5312.75,19864.75,3208.25,96083.0,0,0,65536
Scaling,1,57686f85a542feb69525296ba97b62f7267623b7fa00701e7d17ee6e67248a4c,core-matched-distributed-float,,2048,1024,256,continuous,58.30282020568848,,12635.5,45416.5,57031.25,48875.0,129583.0,0,0,4096
Scaling,2,f1fe87766d02e529e07e245c743aa5aa8804eaec3b750004e1ced9eb21b14c00,core-matched-distributed-float,,1024,512,64,continuous,81.57026863098145,,6911.125,20885.5,29291.5,20854.5,115125.0,0,0,8192
Scaling,3,acc2f95e237ed90d3f980fa8deac9ec4aed92fc4b760b0c72051d056ea0ab73b,core-matched-distributed-float,,4096,2048,64,continuous,47.74627351760864,,4146.25,10271.0,15656.25,7843.75,101292.0,0,0,32768
Scaling,4,d6bcf21e7c558d8ef97c3938699c8866b97700aa474d6f6d3eb4bea398b8c77e,core-matched-distributed-double,,2048,1024,16,continuous,59.948394775390625,,1271.0,3198.25,9083.25,3041.5,64833.0,0,0,65536
Scaling,5,729bccd5df1604c05a38e331b5f18be2b73f2726cac67b5448a44cf91ba62b6e,core-matched-distributed-double,,2048,1024,256,continuous,56.74212646484375,,15796.875,47812.5,61146.0,56010.5,104000.0,0,0,4096
Scaling,6,d05bf49a1a839ed02c5a190937b00b73ecec20e62b1c1f1222c65241c27818fa,core-matched-distributed-double,,1024,512,64,continuous,96.55988121032715,,7312.5,21104.25,37000.0,21062.5,123000.0,0,0,8192
Scaling,7,7bd001d5c07425a738207ba191455586cd4bdac5b11fbb323c6ad75622619ca6,core-matched-distributed-double,,4096,2048,64,continuous,42.89715623855591,,3635.5,8406.0,24614.75,7312.75,118792.0,0,0,32768
Scaling,8,9a521c4ca5854ad7b0c0180d827be8245f8d7010a9fe6c7781d02b3f7499180b,vdsp-native-hybrid-float,,2048,1024,16,continuous,43.33284950256348,,2875.125,7885.25,9750.0,2729.25,58958.0,0,0,65536
Scaling,9,9cad96e7d2da4e48e7ed9623bd0e77377525d12a56732fed54543a7c559c4aa3,vdsp-native-hybrid-float,,2048,1024,256,continuous,51.907752990722656,,14645.75,31229.5,38083.25,31291.75,176542.0,0,0,4096
Scaling,10,f723033d13fdc3186a257f2619fa80aeb7c5efcf01c2d3850e279e632ef7fdd8,vdsp-native-hybrid-float,,1024,512,64,continuous,68.29624938964844,,5021.0,10583.5,22395.75,10573.0,86875.0,0,0,8192
Scaling,11,6bf6aa414c16c78e209a80a105b5822f0d252c21c5c49f25c2b61b9c95b46b17,vdsp-native-hybrid-float,,4096,2048,64,continuous,36.54831790924072,,6250.0,16854.25,22458.25,7500.25,103875.0,0,0,32768
Scaling,12,26940af2bd2f70a5de739e73ab122140a93378be8a581644a0bd9fbf854b283b,vdsp-native-hybrid-double,,2048,1024,16,continuous,50.0101203918457,,6635.625,18562.5,27145.75,6552.0,126875.0,0,0,65536
Scaling,13,9a79f42803546f65f237a74763184caae9e33f893cdb153ad32ce5f344da71e8,vdsp-native-hybrid-double,,2048,1024,256,continuous,50.86757564544678,,17166.75,34948.0,46354.25,35135.25,160042.0,0,0,4096
Scaling,14,735c8ee478eba92fd28bb5e1d1149a43e07eae2e9ef05f868652373001d02c4c,vdsp-native-hybrid-double,,1024,512,64,continuous,64.4141845703125,,7379.875,15823.25,17156.25,15771.0,132333.0,0,0,8192
Scaling,15,5711812d32d5d0caddccc750586d90059dc3f33ffea96f0e0c3fb97b11b55c58,vdsp-native-hybrid-double,,4096,2048,64,continuous,36.6902232170105,,14291.5,20614.5,42760.5,14771.0,102500.0,0,0,32768
Stress,0,6a9012e33b0383109b7f731b58ea8b251981029f95893bccba84cc6649faaa77,core-matched-distributed-float,,2048,509,64,continuous,144.24418283398822,,11604.125,35781.0,57916.5,35094.0,117250.0,0,0,8144
Stress,1,a7010e45d694e5d53f6c933f7bb3310d70eb0c9f9edb7d28964f58c8be9862d5,core-matched-distributed-float,,16384,257,64,continuous,679.9510160809825,,57583.375,73010.25,80520.75,73791.75,345750.0,0,0,4112
Stress,2,05f7464fcb987c6c68b190298e96e678cbcbc17fb27beca0bdd92c6a5a767c3c,core-matched-distributed-float,,2048,4096,64,continuous,24.68622064590454,,1812.75,4427.25,18156.5,4302.25,102458.0,0,0,65536
Stress,3,99d473ae7e60514f1ff0cff47a4a2010e88db8869725815e971c59a090454db4,core-matched-distributed-float,,2048,1024,64,continuous,53.97812747955322,,4073.0,15156.5,32552.0,14051.75,71083.0,0,0,16384
Stress,4,0fc7634ae3caaee3bb0c29672efe284f5807e150e0a4602a46d79987fef0dd97,pffft-native-hybrid-float,,2048,509,64,continuous,85.42951866404715,,6963.5,16520.5,49010.25,16354.0,158625.0,0,0,8144
Stress,5,12414285ebb7951c97c227cf6deb941ad0dea73904daaf7e9a5e9e724987c8c6,pffft-native-hybrid-float,,16384,257,64,continuous,263.5074363144455,,36401.0,48708.5,50906.0,49198.0,57583.0,0,0,4112
Stress,6,e2949d4d18ae19bd1b57dfbbcf5861737528ec53c1ddc9d2dfb87710d65226d5,pffft-native-hybrid-float,,2048,4096,64,continuous,23.145823001861572,,3603.75,8333.25,10385.25,4572.75,73083.0,0,0,65536
Stress,7,994ef771f4914d35888972209d0edfa57bcf819b8203495900a2905e58930d42,pffft-native-hybrid-float,,2048,1024,64,continuous,53.99448776245117,,6260.75,11666.5,24573.0,11760.5,81041.0,0,0,16384
Stress,8,42e0cac2418164b4f1bf899e0d6f408f61b9a50aa69a2b63646aa36b102cde8c,vdsp-native-hybrid-float,,2048,509,64,continuous,91.78192342522102,,7416.75,15229.25,50073.0,15125.0,171625.0,0,0,8144
Stress,9,f48196b9bd60a124873b702ab6fb7012b18eb072370fd8474f353b2eb28a3a6d,vdsp-native-hybrid-float,,16384,257,64,continuous,298.06763360286965,,30354.25,42791.25,44364.25,43072.75,102500.0,0,0,4112
Stress,10,e5126d47142f18621df582e2dc8486eee14af8921d77f99989de89fb0d48eb9f,vdsp-native-hybrid-float,,2048,4096,64,continuous,22.641566514968872,,3198.0,7229.25,10739.75,4552.25,84291.0,0,0,65536
Stress,11,12d4933feedb43a9636566b79d6345a1e78c6f8d84599d205ab6ca8202db877d,vdsp-native-hybrid-float,,2048,1024,64,continuous,44.559359550476074,,4463.375,13010.5,29760.75,7823.25,227917.0,0,0,16384
