group,workload,config_id,backend,native,n,hop,block,regime,session,compute_ns_per_sample,aggregate_cpu_ns_per_sample,block_p99,hop_median,hop_p95,hop_p99
Baselines,0,905d8b4f94ca8a4b9642a811287aa08281b2f7f3c7776e7c2d96b4707ad5260e,core-matched-batch-float,,2048,1024,64,continuous,pilot-01,52.14716720581055,,33396.0,27958.5,120354.0,121083.5
Baselines,0,905d8b4f94ca8a4b9642a811287aa08281b2f7f3c7776e7c2d96b4707ad5260e,core-matched-batch-float,,2048,1024,64,continuous,pilot-02,66.02763748168945,,82083.5,42844.25,121354.0,122021.0
Baselines,1,1a0eb20bcfb66e6245a781b0102587afb3392eed153281b3d213451be9c90ae8,core-matched-batch-float,,4096,1024,64,continuous,pilot-01,67.5530834197998,,58875.0,51198.25,92833.5,95333.5
Baselines,1,1a0eb20bcfb66e6245a781b0102587afb3392eed153281b3d213451be9c90ae8,core-matched-batch-float,,4096,1024,64,continuous,pilot-02,69.00033569335938,,65228.5,53114.5,69249.5,88000.0
Baselines,2,380859679db1db1b96dee26dffaf4e55ba7d0c3c41dbe90600bbd22d7cb07244,core-matched-batch-float,,16384,1024,64,continuous,pilot-01,190.6699733734131,,221458.5,175270.75,254645.5,298958.5
Baselines,2,380859679db1db1b96dee26dffaf4e55ba7d0c3c41dbe90600bbd22d7cb07244,core-matched-batch-float,,16384,1024,64,continuous,pilot-02,183.90728950500488,,209625.0,172635.5,240958.0,277958.0
Baselines,3,e4609bb1975f2ebdaa81a3c1024729d02038c7a9791648990649811c8494bb37,core-matched-distributed-float,,2048,1024,64,continuous,pilot-01,56.53536796569824,,22500.0,3875.0,22542.0,22709.0
Baselines,3,e4609bb1975f2ebdaa81a3c1024729d02038c7a9791648990649811c8494bb37,core-matched-distributed-float,,2048,1024,64,continuous,pilot-02,58.15925979614258,,16208.5,4500.0,13770.5,34521.0
Baselines,4,25e111d7759096c3798821aae9e28eacd5c97026122d726e01c90843f75351f3,core-matched-distributed-float,,4096,1024,64,continuous,pilot-01,89.82147598266602,,23437.5,7083.5,30937.5,44354.0
Baselines,4,25e111d7759096c3798821aae9e28eacd5c97026122d726e01c90843f75351f3,core-matched-distributed-float,,4096,1024,64,continuous,pilot-02,70.85692596435547,,16875.0,6250.0,19833.0,19896.0
Baselines,5,919e385dcebe85d1ee966522fa8a34265898cf3267681569f2ff3452e9e4a1b8,core-matched-distributed-float,,16384,1024,64,continuous,pilot-01,171.9120750427246,,23417.0,19708.5,26520.5,29395.5
Baselines,5,919e385dcebe85d1ee966522fa8a34265898cf3267681569f2ff3452e9e4a1b8,core-matched-distributed-float,,16384,1024,64,continuous,pilot-02,169.02215385437012,,23396.0,18750.0,24541.5,26687.0
Baselines,6,ece8451beacccd0ff4b5beaf9cd2ddf9414a2926aeec11dadc1e825d22ef8eca,pffft-native-batch-float,,2048,1024,64,continuous,pilot-01,37.839094161987305,,18104.0,8541.5,18250.5,23875.0
Baselines,6,ece8451beacccd0ff4b5beaf9cd2ddf9414a2926aeec11dadc1e825d22ef8eca,pffft-native-batch-float,,2048,1024,64,continuous,pilot-02,31.179780960083008,,14166.5,6938.0,14292.0,34417.0
Baselines,7,9965c3394809aa69736994c4c3f62206394396b6936737a8a8c49e21b1e9824a,pffft-native-batch-float,,4096,1024,64,continuous,pilot-01,46.91518783569336,,34125.0,14301.75,34250.0,37959.0
Baselines,7,9965c3394809aa69736994c4c3f62206394396b6936737a8a8c49e21b1e9824a,pffft-native-batch-float,,4096,1024,64,continuous,pilot-02,35.73332214355469,,23708.0,13062.0,34374.5,37041.5
Baselines,8,bca9865e08f4ef376dd980427971214ebd6623b771bead6fb69fcd6db2dbc0fb,pffft-native-batch-float,,16384,1024,64,continuous,pilot-01,75.63862228393555,,77791.5,49083.25,116687.0,119500.0
Baselines,8,bca9865e08f4ef376dd980427971214ebd6623b771bead6fb69fcd6db2dbc0fb,pffft-native-batch-float,,16384,1024,64,continuous,pilot-02,67.11511611938477,,58333.5,39896.0,158875.0,161021.0
Baselines,9,2af11ca9f0ac2eed64cb7938450065e4ce0f6ea81ffc156f3a5255877514cbdd,pffft-native-hybrid-float,,2048,1024,64,continuous,pilot-01,58.35882759094238,,14833.0,6292.0,15041.5,24813.0
Baselines,9,2af11ca9f0ac2eed64cb7938450065e4ce0f6ea81ffc156f3a5255877514cbdd,pffft-native-hybrid-float,,2048,1024,64,continuous,pilot-02,52.745018005371094,,11604.0,6000.0,15062.5,44521.0
Baselines,10,562b89523fcc70cbd86c57ce4a75e645bd8f717de68773d2904c8536235509e8,pffft-native-hybrid-float,,4096,1024,64,continuous,pilot-01,54.69032669067383,,17063.0,8896.0,24333.5,24604.0
Baselines,10,562b89523fcc70cbd86c57ce4a75e645bd8f717de68773d2904c8536235509e8,pffft-native-hybrid-float,,4096,1024,64,continuous,pilot-02,44.906227111816406,,16521.0,7395.5,24312.5,25895.5
Baselines,11,fb2de484c79b81e6341f3f0cb6a180160048baca16e03381b9478610d1e6f3c8,pffft-native-hybrid-float,,16384,1024,64,continuous,pilot-01,66.33378219604492,,29000.0,25489.5,47104.5,77708.5
Baselines,11,fb2de484c79b81e6341f3f0cb6a180160048baca16e03381b9478610d1e6f3c8,pffft-native-hybrid-float,,16384,1024,64,continuous,pilot-02,55.481821060180664,,26208.0,23208.5,28687.5,29354.5
Baselines,12,04e4fabf978f1b91471bfe04502232401830ef0bf944231aaa499ecfe376fd9a,vdsp-native-batch-float,,2048,1024,64,continuous,pilot-01,45.44292449951172,,21375.0,13354.5,21520.5,36062.5
Baselines,12,04e4fabf978f1b91471bfe04502232401830ef0bf944231aaa499ecfe376fd9a,vdsp-native-batch-float,,2048,1024,64,continuous,pilot-02,45.95458984375,,21542.0,15812.5,21666.5,27937.5
Baselines,13,188177e456908bb4f180916d064d38113f29102e16307654c59a716f85bd26e6,vdsp-native-batch-float,,4096,1024,64,continuous,pilot-01,45.0864315032959,,28958.0,17375.0,39312.5,52833.5
Baselines,13,188177e456908bb4f180916d064d38113f29102e16307654c59a716f85bd26e6,vdsp-native-batch-float,,4096,1024,64,continuous,pilot-02,42.087411880493164,,27563.0,16792.0,38771.0,39167.0
Baselines,14,e9921faf9808da876054d7f6d2bc6606c6157008a201f09b42e1f12a2b295f9c,vdsp-native-batch-float,,16384,1024,64,continuous,pilot-01,57.66023254394531,,58979.0,37011.0,103979.0,105624.5
Baselines,14,e9921faf9808da876054d7f6d2bc6606c6157008a201f09b42e1f12a2b295f9c,vdsp-native-batch-float,,16384,1024,64,continuous,pilot-02,64.88259696960449,,66854.5,40000.0,103812.5,105666.5
Baselines,15,8ea6f8cf41c34d2d5f84fe48fa3c601c5c97025471f87fe941d5ce3e41a3f909,vdsp-native-hybrid-float,,2048,1024,64,continuous,pilot-01,52.634782791137695,,11145.5,3958.5,14020.5,17854.0
Baselines,15,8ea6f8cf41c34d2d5f84fe48fa3c601c5c97025471f87fe941d5ce3e41a3f909,vdsp-native-hybrid-float,,2048,1024,64,continuous,pilot-02,55.909305572509766,,13562.0,5000.0,13625.0,13875.0
Baselines,16,a775bad0a51cdba9ebbca5f6f62dba2d475a2d263f85ba9feebc4071f80bd8b7,vdsp-native-hybrid-float,,4096,1024,64,continuous,pilot-01,57.790184020996094,,13270.5,8979.0,23958.0,27812.5
Baselines,16,a775bad0a51cdba9ebbca5f6f62dba2d475a2d263f85ba9feebc4071f80bd8b7,vdsp-native-hybrid-float,,4096,1024,64,continuous,pilot-02,61.076683044433594,,16312.5,8854.0,19854.0,69958.0
Baselines,17,c449750a7f69178f9a761707580720c3eb9fb5fc474c332ebb6f5b6685f75d25,vdsp-native-hybrid-float,,16384,1024,64,continuous,pilot-01,69.04165458679199,,23771.0,20104.0,24708.5,24791.0
Baselines,17,c449750a7f69178f9a761707580720c3eb9fb5fc474c332ebb6f5b6685f75d25,vdsp-native-hybrid-float,,16384,1024,64,continuous,pilot-02,49.410987854003906,,12937.5,12145.75,22271.5,65250.0
Baselines,18,147288516ead668279b92c001b6414ef3e4452792654b32ab584ac68269d5c7c,fftw-native-batch-float,,2048,1024,64,continuous,pilot-01,37.312896728515625,,25041.5,11813.0,25228.5,36312.5
Baselines,18,147288516ead668279b92c001b6414ef3e4452792654b32ab584ac68269d5c7c,fftw-native-batch-float,,2048,1024,64,continuous,pilot-02,39.60326385498047,,25041.5,11791.5,25146.0,30937.5
Baselines,19,db07f51a0111dc06b4d95f36a55aec1dda9fe8438d4876ee5fc0de4d27a112b4,fftw-native-batch-float,,4096,1024,64,continuous,pilot-01,42.506521224975586,,38312.5,22916.5,38500.0,55854.5
Baselines,19,db07f51a0111dc06b4d95f36a55aec1dda9fe8438d4876ee5fc0de4d27a112b4,fftw-native-batch-float,,4096,1024,64,continuous,pilot-02,40.13075065612793,,20917.0,20676.75,48875.0,50020.5
Baselines,20,1513ac2ee5734a129d6ae3b246af948ab063018f2050dc9329a9e97b38570c90,fftw-native-batch-float,,16384,1024,64,continuous,pilot-01,63.40408706665039,,79604.5,46062.5,80021.0,212979.0
Baselines,20,1513ac2ee5734a129d6ae3b246af948ab063018f2050dc9329a9e97b38570c90,fftw-native-batch-float,,16384,1024,64,continuous,pilot-02,78.52691268920898,,78104.0,59646.0,93666.5,97895.5
Baselines,21,f4a3ee45af7b4154ccb8b304a9af3846a4766a0fdaa1e5664953260d33f52963,fftw-native-hybrid-float,,2048,1024,64,continuous,pilot-01,46.533477783203125,,15625.0,8604.5,19834.0,29145.5
Baselines,21,f4a3ee45af7b4154ccb8b304a9af3846a4766a0fdaa1e5664953260d33f52963,fftw-native-hybrid-float,,2048,1024,64,continuous,pilot-02,35.32106971740723,,6937.5,5979.5,21333.5,21438.0
Baselines,22,05d13646e9558f39bde16ece0001efe10fe4b116db8ad253e5b0e2727511c27a,fftw-native-hybrid-float,,4096,1024,64,continuous,pilot-01,42.22787284851074,,13354.5,11646.0,28562.0,28978.5
Baselines,22,05d13646e9558f39bde16ece0001efe10fe4b116db8ad253e5b0e2727511c27a,fftw-native-hybrid-float,,4096,1024,64,continuous,pilot-02,50.919546127319336,,26021.0,13364.5,26167.0,48145.5
Baselines,23,0bf37c12a0f646dd212fdd780c26b3ffa16805dc43ba033e2b359205dc10fb92,fftw-native-hybrid-float,,16384,1024,64,continuous,pilot-01,70.56616592407227,,45396.0,39521.0,51708.0,52000.5
Baselines,23,0bf37c12a0f646dd212fdd780c26b3ffa16805dc43ba033e2b359205dc10fb92,fftw-native-hybrid-float,,16384,1024,64,continuous,pilot-02,85.02836227416992,,52812.5,44552.25,85937.5,86812.5
Granularity,0,2af11ca9f0ac2eed64cb7938450065e4ce0f6ea81ffc156f3a5255877514cbdd,pffft-native-hybrid-float,,2048,1024,64,continuous,pilot-01,43.032344818115234,,8375.0,5041.5,14958.5,16104.0
Granularity,0,2af11ca9f0ac2eed64cb7938450065e4ce0f6ea81ffc156f3a5255877514cbdd,pffft-native-hybrid-float,,2048,1024,64,continuous,pilot-02,49.83825492858887,,12541.5,6437.5,15000.5,26854.0
Granularity,1,54f00a62bcda40e7a11a49243ba757cf9abfed626a6c9f68fc072f12807d4cce,pffft-native-hybrid-float,,2048,1024,64,continuous,pilot-01,41.15380096435547,,14896.0,5937.5,15062.5,16187.5
Granularity,1,54f00a62bcda40e7a11a49243ba757cf9abfed626a6c9f68fc072f12807d4cce,pffft-native-hybrid-float,,2048,1024,64,continuous,pilot-02,47.1464900970459,,11042.0,6520.5,11166.5,23875.5
Granularity,2,282c3ab1ff084e7fa36af965c6f2eb09453f6a328d5ff389dcd6774f41a019ea,pffft-native-hybrid-float,,2048,1024,64,continuous,pilot-01,40.44158172607422,,12937.5,7145.75,15396.0,37917.0
Granularity,2,282c3ab1ff084e7fa36af965c6f2eb09453f6a328d5ff389dcd6774f41a019ea,pffft-native-hybrid-float,,2048,1024,64,continuous,pilot-02,32.328529357910156,,12916.5,4667.0,15416.5,15854.0
Granularity,3,d93560a990e0e6941416c66de4e8858bd75f9f0d5d704b314d016b5a95523ae4,pffft-native-hybrid-float,,16384,240,64,continuous,pilot-01,244.23715006510417,,49625.0,36947.75,48458.5,53624.5
Granularity,3,d93560a990e0e6941416c66de4e8858bd75f9f0d5d704b314d016b5a95523ae4,pffft-native-hybrid-float,,16384,240,64,continuous,pilot-02,197.84156901041666,,35020.5,30010.25,34937.0,36250.0
Granularity,4,86101f861415e33a3b6a6b44bc934706a47f0f822d630979b17f240b0be2d088,pffft-native-hybrid-float,,16384,240,64,continuous,pilot-01,217.4788818359375,,49124.5,38604.0,48729.5,50646.0
Granularity,4,86101f861415e33a3b6a6b44bc934706a47f0f822d630979b17f240b0be2d088,pffft-native-hybrid-float,,16384,240,64,continuous,pilot-02,236.06573893229165,,55437.5,41572.75,54062.5,59375.0
Granularity,5,ce69b378e6255580fb9cc80b0a3a2b3f9f3b6db5e4d36e3fbe7dbc35dbd537d0,pffft-native-hybrid-float,,16384,240,64,continuous,pilot-01,215.14307454427086,,58520.5,43489.5,58208.0,62354.5
Granularity,5,ce69b378e6255580fb9cc80b0a3a2b3f9f3b6db5e4d36e3fbe7dbc35dbd537d0,pffft-native-hybrid-float,,16384,240,64,continuous,pilot-02,217.78757324218748,,57729.0,45166.25,57458.5,61291.5
Granularity,6,8ea6f8cf41c34d2d5f84fe48fa3c601c5c97025471f87fe941d5ce3e41a3f909,vdsp-native-hybrid-float,,2048,1024,64,continuous,pilot-01,44.8216552734375,,7979.0,4875.0,14041.5,15479.0
Granularity,6,8ea6f8cf41c34d2d5f84fe48fa3c601c5c97025471f87fe941d5ce3e41a3f909,vdsp-native-hybrid-float,,2048,1024,64,continuous,pilot-02,58.32304573059082,,11396.0,6083.5,14083.5,20479.5
Granularity,7,24a3561de776ed40809970bce5d94b06d299435119cd30da446d87cc7acd963f,vdsp-native-hybrid-float,,2048,1024,64,continuous,pilot-01,46.76318168640137,,15229.0,6896.0,15396.5,47917.0
Granularity,7,24a3561de776ed40809970bce5d94b06d299435119cd30da446d87cc7acd963f,vdsp-native-hybrid-float,,2048,1024,64,continuous,pilot-02,51.74119567871094,,15271.0,7187.0,15375.0,35520.5
Granularity,8,677ce73e8d299bc428233d3c430bb12a70dcad0d923a800d8efd15a29093067f,vdsp-native-hybrid-float,,2048,1024,64,continuous,pilot-01,43.52327537536621,,16708.0,6917.0,16812.5,32291.5
Granularity,8,677ce73e8d299bc428233d3c430bb12a70dcad0d923a800d8efd15a29093067f,vdsp-native-hybrid-float,,2048,1024,64,continuous,pilot-02,39.72111701965332,,16667.0,4104.5,16750.0,37750.5
Granularity,9,c13c1e792092e798821ba6582b1cb39599bb071573d75b490b5f9d87524784d8,vdsp-native-hybrid-float,,16384,240,64,continuous,pilot-01,220.989892578125,,29250.0,24104.5,29187.5,35729.0
Granularity,9,c13c1e792092e798821ba6582b1cb39599bb071573d75b490b5f9d87524784d8,vdsp-native-hybrid-float,,16384,240,64,continuous,pilot-02,232.16900227864585,,31791.5,25812.5,31729.0,32062.5
Granularity,10,b3358c1530a57be7f15f03d8950f1f641a19ea661ae052cae1244480e1087c20,vdsp-native-hybrid-float,,16384,240,64,continuous,pilot-01,265.36067708333337,,58020.5,41479.0,56375.0,60562.5
Granularity,10,b3358c1530a57be7f15f03d8950f1f641a19ea661ae052cae1244480e1087c20,vdsp-native-hybrid-float,,16384,240,64,continuous,pilot-02,253.99355468749997,,54146.0,39729.5,54083.0,54333.5
Granularity,11,39ca0b014ddab9b857d169aecbe24f43737fa1f5a99b7988ac6842685cdbbbc3,vdsp-native-hybrid-float,,16384,240,64,continuous,pilot-01,224.726611328125,,57687.5,45041.5,57458.5,65916.5
Granularity,11,39ca0b014ddab9b857d169aecbe24f43737fa1f5a99b7988ac6842685cdbbbc3,vdsp-native-hybrid-float,,16384,240,64,continuous,pilot-02,197.16684570312498,,48854.0,41166.75,48833.0,54020.5
Granularity,12,f4a3ee45af7b4154ccb8b304a9af3846a4766a0fdaa1e5664953260d33f52963,fftw-native-hybrid-float,,2048,1024,64,continuous,pilot-01,49.20808982849121,,16229.5,8646.0,21416.5,43916.5
Granularity,12,f4a3ee45af7b4154ccb8b304a9af3846a4766a0fdaa1e5664953260d33f52963,fftw-native-hybrid-float,,2048,1024,64,continuous,pilot-02,40.7033748626709,,11229.5,7354.25,21395.5,34375.0
Granularity,13,5101656f0158353bbf0ac0ac651287a14349e0e2b4669a313cb80cdf7a277e19,fftw-native-hybrid-float,,2048,1024,64,continuous,pilot-01,34.58929443359375,,9812.5,6687.5,21438.0,21771.0
Granularity,13,5101656f0158353bbf0ac0ac651287a14349e0e2b4669a313cb80cdf7a277e19,fftw-native-hybrid-float,,2048,1024,64,continuous,pilot-02,36.93597984313965,,15812.5,6604.0,21542.0,24312.0
Granularity,14,10b9b751d51ef23d0225eb6d7d323ba9202f606e9ef1cf0da0b08e429588461b,fftw-native-hybrid-float,,2048,1024,64,continuous,pilot-01,41.42657470703125,,16042.0,10250.0,21874.5,23334.0
Granularity,14,10b9b751d51ef23d0225eb6d7d323ba9202f606e9ef1cf0da0b08e429588461b,fftw-native-hybrid-float,,2048,1024,64,continuous,pilot-02,46.316444396972656,,21771.0,7833.5,21854.5,28959.0
Granularity,15,e7ac52f50a87afaaf79a28132ae39e4020c60092145d73ac0321cc9cb7f3f1f5,fftw-native-hybrid-float,,16384,240,64,continuous,pilot-01,256.37998046875,,54167.0,44656.25,53875.0,54749.5
Granularity,15,e7ac52f50a87afaaf79a28132ae39e4020c60092145d73ac0321cc9cb7f3f1f5,fftw-native-hybrid-float,,16384,240,64,continuous,pilot-02,297.228857421875,,73250.0,48666.5,73145.5,73666.5
Granularity,16,62ad09c12a1ed80cc61b3c362bf39ba9c8c36fea60bbd5e656965731e10c6814,fftw-native-hybrid-float,,16384,240,64,continuous,pilot-01,283.3044108072917,,73437.5,53343.75,72021.0,79583.5
Granularity,16,62ad09c12a1ed80cc61b3c362bf39ba9c8c36fea60bbd5e656965731e10c6814,fftw-native-hybrid-float,,16384,240,64,continuous,pilot-02,252.79930013020834,,59999.5,48510.5,59124.5,61104.0
Granularity,17,6ef8d6b5d41f5ba0f05d4c0e7c8cb566c7a00ec315eeef9fd077c5627277c538,fftw-native-hybrid-float,,16384,240,64,continuous,pilot-01,257.71099446614585,,67583.5,54354.0,67458.0,67895.5
Granularity,17,6ef8d6b5d41f5ba0f05d4c0e7c8cb566c7a00ec315eeef9fd077c5627277c538,fftw-native-hybrid-float,,16384,240,64,continuous,pilot-02,185.93187662760417,,45479.5,40750.25,45459.0,46312.5
Granularity,18,c633a65cab0356f37fc29d61c83b5f03a1c64e5c99fcf0ba8bd1f63b8ad4e31b,vdsp-native4-hybrid-float,,2048,1024,64,continuous,pilot-01,70.70352554321289,,17687.5,14312.25,19000.0,50625.0
Granularity,18,c633a65cab0356f37fc29d61c83b5f03a1c64e5c99fcf0ba8bd1f63b8ad4e31b,vdsp-native4-hybrid-float,,2048,1024,64,continuous,pilot-02,79.23307418823242,,18353.5,15135.25,30021.0,55812.0
Granularity,19,53345e472811eda7f3693fc528c1289fe31622dd320aaf2e4e4393f5054aed87,vdsp-native4-hybrid-float,,2048,1024,64,continuous,pilot-01,54.94528388977051,,19187.5,11416.5,30062.5,88916.5
Granularity,19,53345e472811eda7f3693fc528c1289fe31622dd320aaf2e4e4393f5054aed87,vdsp-native4-hybrid-float,,2048,1024,64,continuous,pilot-02,64.73183631896973,,19416.5,15760.75,32437.5,43292.0
Granularity,20,12dc7904ca0e5f46a45dadf8e9a479b10852da6daa59c09dc484051c2ef3904f,vdsp-native4-hybrid-float,,2048,1024,64,continuous,pilot-01,64.19794082641602,,22729.0,17927.25,46020.5,47375.0
Granularity,20,12dc7904ca0e5f46a45dadf8e9a479b10852da6daa59c09dc484051c2ef3904f,vdsp-native4-hybrid-float,,2048,1024,64,continuous,pilot-02,64.04697036743164,,22708.5,19364.75,26750.5,36937.5
Granularity,21,d7b9b93e4cfeef8b3c1b72242f437da53e83aef103ebeb64c91c5298f4c4713f,vdsp-native4-hybrid-float,,16384,240,64,continuous,pilot-01,587.4506917317708,,90458.5,68396.0,87417.0,91667.0
Granularity,21,d7b9b93e4cfeef8b3c1b72242f437da53e83aef103ebeb64c91c5298f4c4713f,vdsp-native4-hybrid-float,,16384,240,64,continuous,pilot-02,590.0303466796875,,89000.0,68843.75,87354.0,91834.0
Granularity,22,6d30ed6893f753aa6d5a44953a4469452c4fcc9c930dd7f1ff19c55bb186893e,vdsp-native4-hybrid-float,,16384,240,64,continuous,pilot-01,566.7750895182292,,119770.5,91864.75,117083.5,123479.0
Granularity,22,6d30ed6893f753aa6d5a44953a4469452c4fcc9c930dd7f1ff19c55bb186893e,vdsp-native4-hybrid-float,,16384,240,64,continuous,pilot-02,621.9683837890625,,138479.0,98979.5,133604.5,149374.5
Granularity,23,27ae1e24461d902de1f463dc9c8340f3ce5bee26df05f47cee43073a5dde0b0a,vdsp-native4-hybrid-float,,16384,240,64,continuous,pilot-01,561.0185791015625,,154354.0,118396.0,148604.0,161292.0
Granularity,23,27ae1e24461d902de1f463dc9c8340f3ce5bee26df05f47cee43073a5dde0b0a,vdsp-native4-hybrid-float,,16384,240,64,continuous,pilot-02,574.91376953125,,154104.0,123041.25,152750.0,168937.0
Granularity,24,b58ddde7e6784d140269e3399dfe4ae3a062809e1deeaf789429b963a1cf1e08,fftw-native4-hybrid-float,,2048,1024,64,continuous,pilot-01,54.69735336303711,,18104.0,16708.0,53312.5,73667.0
Granularity,24,b58ddde7e6784d140269e3399dfe4ae3a062809e1deeaf789429b963a1cf1e08,fftw-native4-hybrid-float,,2048,1024,64,continuous,pilot-02,60.09367370605469,,28833.5,22125.0,30020.5,55917.0
Granularity,25,dc2df5432e913560950206e4ed8a645685e673efe32c71fe269a059f3f5ad413,fftw-native4-hybrid-float,,2048,1024,64,continuous,pilot-01,64.78665351867676,,35812.5,22542.0,39729.5,59292.0
Granularity,25,dc2df5432e913560950206e4ed8a645685e673efe32c71fe269a059f3f5ad413,fftw-native4-hybrid-float,,2048,1024,64,continuous,pilot-02,51.70793914794922,,24312.5,19490.0,29542.0,64333.5
Granularity,26,244d16359f4e149f50602690bcebef5dcb65ca31d0a8e8741faaa61e047bc50e,fftw-native4-hybrid-float,,2048,1024,64,continuous,pilot-01,65.2819881439209,,34750.0,25593.75,39249.5,57875.0
Granularity,26,244d16359f4e149f50602690bcebef5dcb65ca31d0a8e8741faaa61e047bc50e,fftw-native4-hybrid-float,,2048,1024,64,continuous,pilot-02,49.523597717285156,,20396.0,20177.25,54375.0,74917.0
Granularity,27,fd994c7be8baf0e91ffd337fe84dd2b529cab9fe3b39c016e6da96b7a0d3247f,fftw-native4-hybrid-float,,16384,240,64,continuous,pilot-01,656.4750732421875,,157375.5,118739.75,155249.5,163167.0
Granularity,27,fd994c7be8baf0e91ffd337fe84dd2b529cab9fe3b39c016e6da96b7a0d3247f,fftw-native4-hybrid-float,,16384,240,64,continuous,pilot-02,660.2090250651042,,156895.5,119406.25,154833.0,163062.5
Granularity,28,756b6ce13dec3def9ca95d771a8516cd1e977b26522458505b641288ce75bef1,fftw-native4-hybrid-float,,16384,240,64,continuous,pilot-01,645.8228678385417,,159771.0,129989.5,158166.5,165354.0
Granularity,28,756b6ce13dec3def9ca95d771a8516cd1e977b26522458505b641288ce75bef1,fftw-native4-hybrid-float,,16384,240,64,continuous,pilot-02,650.354638671875,,164875.0,129156.0,162604.0,170375.0
Granularity,29,d05ddadfdd4bd6db9ef7eb4a844f3ca2c28eb6e99d23c778bb2d04eaf5629f03,fftw-native4-hybrid-float,,16384,240,64,continuous,pilot-01,645.4220377604167,,184708.5,140448.0,181479.0,196583.5
Granularity,29,d05ddadfdd4bd6db9ef7eb4a844f3ca2c28eb6e99d23c778bb2d04eaf5629f03,fftw-native4-hybrid-float,,16384,240,64,continuous,pilot-02,669.9932291666667,,196271.0,147146.0,192770.5,208916.5
Granularity,30,d9feea4b60290a9c9c442d0ca4dec40a7078ca0dc81043c7b974b91f2cc0232f,core-independent4-simd,,2048,1024,64,continuous,pilot-01,74.40733909606934,,13562.5,6520.5,14604.0,17354.0
Granularity,30,d9feea4b60290a9c9c442d0ca4dec40a7078ca0dc81043c7b974b91f2cc0232f,core-independent4-simd,,2048,1024,64,continuous,pilot-02,65.3206672668457,,17292.0,4875.25,19166.5,27833.5
Granularity,31,e6ac9484e55caf7d0babc6b2b2631c22b86a51b8fb05ce4b28cd1e7a5c9255ef,core-independent4-simd,,16384,240,64,continuous,pilot-01,1083.661092122396,,118479.0,93624.75,117958.5,130291.5
Granularity,31,e6ac9484e55caf7d0babc6b2b2631c22b86a51b8fb05ce4b28cd1e7a5c9255ef,core-independent4-simd,,16384,240,64,continuous,pilot-02,1075.4021565755208,,117374.5,93510.75,117041.5,128458.5
Granularity,32,0fa5cd2d3ffe44869007792ce348bf035452d2e2011b8be03188e588d605d2c5,pffft-native-batch-float,,16384,240,64,continuous,pilot-01,222.92413736979165,,62958.0,49010.5,59999.5,69584.0
Granularity,32,0fa5cd2d3ffe44869007792ce348bf035452d2e2011b8be03188e588d605d2c5,pffft-native-batch-float,,16384,240,64,continuous,pilot-02,205.60861002604167,,55000.0,48395.75,55166.5,60437.5
Granularity,33,ae1ec82899e0874ac87099eb47941383d8d60a6d97dd6a36e8817b198f677a81,vdsp-native-batch-float,,16384,240,64,continuous,pilot-01,247.72958984374998,,73354.5,55541.5,73292.0,75083.0
Granularity,33,ae1ec82899e0874ac87099eb47941383d8d60a6d97dd6a36e8817b198f677a81,vdsp-native-batch-float,,16384,240,64,continuous,pilot-02,224.15983072916669,,64729.5,50677.25,64854.5,65813.0
Granularity,34,41854c2481968decc1a137f79b3641b7ae400b4d45c87789f5b231bc08e28066,fftw-native-batch-float,,16384,240,64,continuous,pilot-01,243.51678059895835,,65271.0,55438.0,65312.5,67042.0
Granularity,34,41854c2481968decc1a137f79b3641b7ae400b4d45c87789f5b231bc08e28066,fftw-native-batch-float,,16384,240,64,continuous,pilot-02,229.32543131510417,,59500.0,51625.5,59729.0,67896.0
Granularity,35,69b9ab99910fdc9491b9dcbdae97008afd1887dd29a72a047ded3b938cecd409,vdsp-native4-batch-float,,2048,1024,64,continuous,pilot-01,63.496150970458984,,39979.5,32750.0,75604.0,78312.5
Granularity,35,69b9ab99910fdc9491b9dcbdae97008afd1887dd29a72a047ded3b938cecd409,vdsp-native4-batch-float,,2048,1024,64,continuous,pilot-02,49.366455078125,,30208.0,25854.0,75396.0,77875.0
Granularity,36,a9f6095280774a5dde07c8fb8099ef89066c1b07c9ac2db575f965d0c675631d,vdsp-native4-batch-float,,16384,240,64,continuous,pilot-01,562.2879557291667,,156500.0,127562.5,156500.0,167396.5
Granularity,36,a9f6095280774a5dde07c8fb8099ef89066c1b07c9ac2db575f965d0c675631d,vdsp-native4-batch-float,,16384,240,64,continuous,pilot-02,526.55107421875,,145500.0,122145.75,145625.0,148521.0
Granularity,37,501d46e9b7be2be6bfa7d78b929bb438dbb7b0375b52a64a0389a812c98452b3,fftw-native4-batch-float,,2048,1024,64,continuous,pilot-01,64.31846618652344,,49375.0,32271.0,75083.5,97042.0
Granularity,37,501d46e9b7be2be6bfa7d78b929bb438dbb7b0375b52a64a0389a812c98452b3,fftw-native4-batch-float,,2048,1024,64,continuous,pilot-02,53.18636894226074,,34375.0,26739.75,69979.5,72625.0
Granularity,38,74324d8037f523f0432280a6d0bf25eaaad81ab0363c704404f8677b8d314cae,fftw-native4-batch-float,,16384,240,64,continuous,pilot-01,663.8460123697917,,204312.5,148906.25,204375.0,207042.0
Granularity,38,74324d8037f523f0432280a6d0bf25eaaad81ab0363c704404f8677b8d314cae,fftw-native4-batch-float,,16384,240,64,continuous,pilot-02,619.9635823567709,,172333.0,145375.0,172375.5,183792.0
Host,0,e48adeb782bfc7b4e2786dd26c3aae2a45c570a640b1e8d44874f69267f8b2e6,fourier-default,,2048,1440,64,paced,pilot-01,504.6951789855957,858.2725524902344,57667,47458.5,115458.5,301500
Host,0,e48adeb782bfc7b4e2786dd26c3aae2a45c570a640b1e8d44874f69267f8b2e6,fourier-default,,2048,1440,64,paced,pilot-02,566.459644317627,855.3142547607422,60750,48177.0,114687,1083750
Host,1,22eeffe960695667a592c4156d7e26fac694807d4b7ee6f68921b6a583d86b76,fourier-default,,2048,1440,64,paced,pilot-01,922.9950675964355,62650.814056396484,115458.5,90000.0,112791.5,1689354
Host,1,22eeffe960695667a592c4156d7e26fac694807d4b7ee6f68921b6a583d86b76,fourier-default,,2048,1440,64,paced,pilot-02,915.8832092285156,62735.14175415039,104250,101708.75,113166.5,132854.5
Host,2,8ed1c0d2e9a0042e7afd00619440a7b667e961388b788fe70887eb1fc12f3dec,fourier-default,,2048,1440,64,paced,pilot-01,2246.6582984924316,2516.847610473633,239646,196864.5,302229.5,556271
Host,2,8ed1c0d2e9a0042e7afd00619440a7b667e961388b788fe70887eb1fc12f3dec,fourier-default,,2048,1440,64,paced,pilot-02,2348.2482929229736,2657.7682495117188,259625,205917.0,337333.5,588354.5
Host,3,672a6b1fd91f3634e716eac90847bc113e4fcc1b12157987fd135c463f335b2b,fourier-default,,2048,1440,64,paced,pilot-01,1015.6227111816406,62626.18827819824,104271,102770.5,108854,124000
Host,3,672a6b1fd91f3634e716eac90847bc113e4fcc1b12157987fd135c463f335b2b,fourier-default,,2048,1440,64,paced,pilot-02,1166.286241531372,62593.99223327637,113187.5,108823.0,129250,144875
Host,4,74a25fe392573a096e70c32e2b7ff6c8441d4e436d1c8a223263cf267d4c31e1,fourier-default,,2048,1440,64,paced,pilot-01,1875.791301727295,63309.61227416992,201416.5,148687.25,220520.5,3905500
Host,4,74a25fe392573a096e70c32e2b7ff6c8441d4e436d1c8a223263cf267d4c31e1,fourier-default,,2048,1440,64,paced,pilot-02,1604.3130493164062,63295.738220214844,145166.5,139010.5,153270.5,166937.5
Host,5,538338492e4e8a9fc0d01ebc1a5e58603be8ca7aeb57fcb87d9bf9280137695a,fourier-default,,2048,1440,64,paced,pilot-01,1608.971227645874,63405.09796142578,151604.5,144375,159687.5,176875
Host,5,538338492e4e8a9fc0d01ebc1a5e58603be8ca7aeb57fcb87d9bf9280137695a,fourier-default,,2048,1440,64,paced,pilot-02,1790.9664764404297,63072.58605957031,167228.5,143771,161604.5,222333
Host,6,6eface0b99378439362786933e31882aad1a17d17c4f2f711b0e8619c417d2af,fourier-default,,2048,1440,256,paced,pilot-01,1315.6463146209717,63567.94738769531,392937.5,370271,387083,511583.5
Host,6,6eface0b99378439362786933e31882aad1a17d17c4f2f711b0e8619c417d2af,fourier-default,,2048,1440,256,paced,pilot-02,1402.0148544311523,63565.0634765625,419854.5,383125,419875.5,426542
Host,7,7bbb0329fea4b75d56641f0379215f5c30932bb78f76556d71b56a2482763ad9,fourier-default,,2048,1440,64,paced,pilot-01,1160.8905220031738,62591.217041015625,109417,107250,117833.5,127688
Host,7,7bbb0329fea4b75d56641f0379215f5c30932bb78f76556d71b56a2482763ad9,fourier-default,,2048,1440,64,paced,pilot-02,1274.1887035369873,62418.54286193848,115041.5,108000,125646,139708
Host,8,12488f786af430b10f23e9304de2726b55ffb72f7d8c67a6e53bd56de0e3d13e,fourier-default,,2048,1440,64,paced,pilot-01,1022.6902656555176,62789.41345214844,122604,105917,128271,384458
Host,8,12488f786af430b10f23e9304de2726b55ffb72f7d8c67a6e53bd56de0e3d13e,fourier-default,,2048,1440,64,paced,pilot-02,1267.805269241333,62702.70919799805,123146,114166.5,137583,181750
Host,9,90c2fc2b527e418dd38073a10aadbd03362beb7fa590ab6b6e7443d8193d3130,fourier-default,,2048,1440,64,paced,pilot-01,913.9639854431152,62951.34353637695,112396,106291.5,120104.5,278375
Host,9,90c2fc2b527e418dd38073a10aadbd03362beb7fa590ab6b6e7443d8193d3130,fourier-default,,2048,1440,64,paced,pilot-02,1125.1362628936768,62932.71064758301,127438,114166.5,131312.5,170708
Host,10,7f2ffbd929826d6b535aee1a2ff8206eed5d2ed57c7bce43ab17a51aee54d9ab,fourier-default,,2048,1440,64,paced,pilot-01,1154.8949432373047,62731.75048828125,151937.5,130333.5,166416.5,181333.5
Host,10,7f2ffbd929826d6b535aee1a2ff8206eed5d2ed57c7bce43ab17a51aee54d9ab,fourier-default,,2048,1440,64,paced,pilot-02,1374.661952972412,62576.96723937988,168833.5,150667,176729.5,434416.5
Host,11,13888b403b1ed451ef5a906fa1e14690c21cfbdab827966bc8013acbe12db9f5,fourier-default,,2048,1440,64,paced,pilot-01,1197.211374282837,62765.83480834961,161958.5,147749.5,169770.5,182124.5
Host,11,13888b403b1ed451ef5a906fa1e14690c21cfbdab827966bc8013acbe12db9f5,fourier-default,,2048,1440,64,paced,pilot-02,1041.7076435089111,62974.1153717041,154666.5,133104.5,172478.5,193375
Host,12,c17b8ebb452b8643e7d4a0342317c15bf580435ee460449e016be1a58f00878f,fourier-default,,2048,1440,64,paced,pilot-01,1278.8924045562744,62886.18278503418,167354,151500,181833.5,204604
Host,12,c17b8ebb452b8643e7d4a0342317c15bf580435ee460449e016be1a58f00878f,fourier-default,,2048,1440,64,paced,pilot-02,1323.6202068328857,62671.64993286133,170666.5,156312,177000.5,194667
Host,13,3379428d783cbd8ba068b106a9bfc2c39dcb30007461c50cda02c7f1e5d05a88,fourier-default,vdsp-native4-batch-float,2048,1440,64,paced,pilot-01,470.62472915649414,756.0806274414062,228875.5,226531.5,242354,329520.5
Host,13,3379428d783cbd8ba068b106a9bfc2c39dcb30007461c50cda02c7f1e5d05a88,fourier-default,vdsp-native4-batch-float,2048,1440,64,paced,pilot-02,461.96800422668457,744.3752288818359,224270.5,220624.5,244625,300562.5
Host,14,e48eb73cff7099140a553bd213d17d2a5d55588d84706fd5886b0a6f85042304,fourier-default,vdsp-native4-batch-float,2048,1440,64,paced,pilot-01,1062.8715991973877,62428.76434326172,120166.5,112135.5,131791.5,142500
Host,14,e48eb73cff7099140a553bd213d17d2a5d55588d84706fd5886b0a6f85042304,fourier-default,vdsp-native4-batch-float,2048,1440,64,paced,pilot-02,1089.3798236846924,62458.160400390625,122958.5,113885.25,135375.5,162042
Host,15,b4c5d875205c2f425535b29f6e9f0bc6b67fbda9d0d433b35cc4875d0dda54c4,fourier-default,vdsp-native4-batch-float,2048,1440,64,paced,pilot-01,1733.3604698181152,2023.7388610839844,906979,894292.0,1021937,1163770.5
Host,15,b4c5d875205c2f425535b29f6e9f0bc6b67fbda9d0d433b35cc4875d0dda54c4,fourier-default,vdsp-native4-batch-float,2048,1440,64,paced,pilot-02,1728.7745380401611,1998.0735778808594,891417,884968.5,941541.5,1031666.5
Host,16,d997164f1f8da5ebf832179aabf33cf696ece8c3de7854db46700fec4d3b44f6,fourier-default,vdsp-native4-batch-float,2048,1440,64,paced,pilot-01,1009.3107452392578,62730.39245605469,127416.5,108385.25,142750,166291.5
Host,16,d997164f1f8da5ebf832179aabf33cf696ece8c3de7854db46700fec4d3b44f6,fourier-default,vdsp-native4-batch-float,2048,1440,64,paced,pilot-02,978.730131149292,62712.85057067871,117833,115218.5,141417,145187.5
Host,17,d34d0540edb7f1f19c6dc1e576b96a523d48056ba9cd03babb76c788f8f6de23,fourier-default,vdsp-native4-batch-float,2048,1440,64,paced,pilot-01,1671.4198188781738,63607.425689697266,269437,252947.75,296041.5,310000
Host,17,d34d0540edb7f1f19c6dc1e576b96a523d48056ba9cd03babb76c788f8f6de23,fourier-default,vdsp-native4-batch-float,2048,1440,64,paced,pilot-02,1839.0090084075928,63535.53581237793,283417,269354.0,312521,412978.5
Host,18,77ae50a597d84fe2e6f3bb733b33913e32bfcd608f34187c986dc8960d596962,fourier-default,vdsp-native4-batch-float,2048,1440,64,paced,pilot-01,1995.0370864868164,63552.84118652344,209937,170645.5,220000,524812.5
Host,18,77ae50a597d84fe2e6f3bb733b33913e32bfcd608f34187c986dc8960d596962,fourier-default,vdsp-native4-batch-float,2048,1440,64,paced,pilot-02,1880.6590995788574,63642.40264892578,175229.5,171645.5,180437.5,188792
Host,19,770f37922a2b4e77ce2a04ab1aa5cfc71cedb6aa451ae28c164d3582dfe80aba,fourier-default,vdsp-native4-batch-float,2048,1440,256,paced,pilot-01,1652.9619464874268,63892.21000671387,483645.5,459833,483750,635000
Host,19,770f37922a2b4e77ce2a04ab1aa5cfc71cedb6aa451ae28c164d3582dfe80aba,fourier-default,vdsp-native4-batch-float,2048,1440,256,paced,pilot-02,1678.2196826934814,63870.99075317383,592270.5,456667,589312.5,2424041.5
Host,20,f7b86e80e5983c6a3acf6e2eb40703797be18639f0d97021563d9b018080f0dc,fourier-default,vdsp-native4-batch-float,2048,1440,64,paced,pilot-01,1256.1542434692383,62454.750061035156,142062,134687.5,156938,190292
Host,20,f7b86e80e5983c6a3acf6e2eb40703797be18639f0d97021563d9b018080f0dc,fourier-default,vdsp-native4-batch-float,2048,1440,64,paced,pilot-02,1119.7305793762207,62621.2272644043,134166.5,128979.5,138000.5,159562.5
Host,21,950f9376e5d304114b9f8eba4601e9128da11c6d9cece0f38ed60925bc6baa4c,fourier-default,vdsp-native4-batch-float,2048,1440,64,paced,pilot-01,1098.6426029205322,63077.29148864746,145666.5,130062.5,149812.5,155125.5
Host,21,950f9376e5d304114b9f8eba4601e9128da11c6d9cece0f38ed60925bc6baa4c,fourier-default,vdsp-native4-batch-float,2048,1440,64,paced,pilot-02,1141.0398597717285,62906.11457824707,143750,129021,149083,156812.5
Host,22,221d1cf2b68ca6359d1d7c7637a73a050b8fb168b6986fe8a0a1398731204819,fourier-default,vdsp-native4-batch-float,2048,1440,64,paced,pilot-01,1136.9669494628906,62808.87985229492,141375,135750,144979,165854
Host,22,221d1cf2b68ca6359d1d7c7637a73a050b8fb168b6986fe8a0a1398731204819,fourier-default,vdsp-native4-batch-float,2048,1440,64,paced,pilot-02,1242.4307804107666,62829.93125915527,144083.5,142125,149687.5,160937.5
Host,23,7ebdd713d6e9e84cbd11967c95078b5336417719f9bb8401f2c57307e0ba3c7d,fourier-default,vdsp-native4-batch-float,2048,1440,64,paced,pilot-01,1108.02712059021,63145.92170715332,160083.5,142792,183479.5,204187.5
Host,23,7ebdd713d6e9e84cbd11967c95078b5336417719f9bb8401f2c57307e0ba3c7d,fourier-default,vdsp-native4-batch-float,2048,1440,64,paced,pilot-02,1196.90279006958,62744.33517456055,150833.5,138375,169666.5,183125
Host,24,732f256c01d1cd5f15d470d414a597f27cd1e9cd1600aad43d584c4bb0e41a81,fourier-default,vdsp-native4-batch-float,2048,1440,64,paced,pilot-01,1214.0041027069092,62906.23664855957,160791.5,143979,178729,198875
Host,24,732f256c01d1cd5f15d470d414a597f27cd1e9cd1600aad43d584c4bb0e41a81,fourier-default,vdsp-native4-batch-float,2048,1440,64,paced,pilot-02,1323.355764389038,62987.7815246582,174292,157396,194291.5,216020.5
Host,25,2e0893bf4460bcdc6e3b7992622ca1f9c35466263db2f847428b520e85c2e18c,fourier-default,vdsp-native4-batch-float,2048,1440,64,paced,pilot-01,1099.8992671966553,62976.14860534668,154854.5,137625,174313,216270.5
Host,25,2e0893bf4460bcdc6e3b7992622ca1f9c35466263db2f847428b520e85c2e18c,fourier-default,vdsp-native4-batch-float,2048,1440,64,paced,pilot-02,1167.154655456543,63270.28274536133,174500,152979.5,194000,945166.5
Host,26,80761502e4a644135477cd8d27ece63b41cbda5a84e2e9c303e2d441f4a1a663,fourier-default,vdsp-native4-hybrid-float,2048,1440,64,paced,pilot-01,546.7696495056152,840.6524658203125,109646,106989.75,128562.5,267666.5
Host,26,80761502e4a644135477cd8d27ece63b41cbda5a84e2e9c303e2d441f4a1a663,fourier-default,vdsp-native4-hybrid-float,2048,1440,64,paced,pilot-02,533.096851348877,810.5659484863281,106812.5,104792.0,118354.5,169583
Host,27,8ba307cfb51c1c6cd5f00e7efb241595e41c8ab6e076d23725070b886dc88424,fourier-default,vdsp-native4-hybrid-float,2048,1440,64,paced,pilot-01,1053.2351894378662,62808.61282348633,110688,104416.5,127958.5,152438
Host,27,8ba307cfb51c1c6cd5f00e7efb241595e41c8ab6e076d23725070b886dc88424,fourier-default,vdsp-native4-hybrid-float,2048,1440,64,paced,pilot-02,741.7541923522949,62795.2880859375,98500,95906.75,105104,163604
Host,28,2084046a4a87b0b1a63d6837386cadd3ff3de821ee102310f1168163b1cf6117,fourier-default,vdsp-native4-hybrid-float,2048,1440,64,paced,pilot-01,1981.3471126556396,2312.906265258789,439625,417375.0,485958.5,857500
Host,28,2084046a4a87b0b1a63d6837386cadd3ff3de821ee102310f1168163b1cf6117,fourier-default,vdsp-native4-hybrid-float,2048,1440,64,paced,pilot-02,2103.4107551574707,2383.9683532714844,438916.5,428448.25,513791.5,812313
Host,29,6c70689714e0436e866174cbc71473baf000b6920ad13f4ef671d2e82af3446f,fourier-default,vdsp-native4-hybrid-float,2048,1440,64,paced,pilot-01,1170.4384021759033,62620.95069885254,115625,109937.75,122771,146271
Host,29,6c70689714e0436e866174cbc71473baf000b6920ad13f4ef671d2e82af3446f,fourier-default,vdsp-native4-hybrid-float,2048,1440,64,paced,pilot-02,914.4704189300537,62879.350662231445,116083.5,103885.25,128792,174166.5
Host,30,25a3a8976e2adf4411634f1a0790e2b545dd7f4c97977bafe92ee5510121d2c6,fourier-default,vdsp-native4-hybrid-float,2048,1440,64,paced,pilot-01,1536.122320175171,63432.661056518555,171354.5,146114.5,183166.5,203812.5
Host,30,25a3a8976e2adf4411634f1a0790e2b545dd7f4c97977bafe92ee5510121d2c6,fourier-default,vdsp-native4-hybrid-float,2048,1440,64,paced,pilot-02,1709.1979522705078,63341.13883972168,182354,159989.75,188000,235020.5
Host,31,0805df0dfb1ecf57d74bea11b320b63fa5e8210a7f583a09eb770e48209b8756,fourier-default,vdsp-native4-hybrid-float,2048,1440,64,paced,pilot-01,1851.2401523590088,63442.535400390625,168937.5,158687.5,177208.5,221979
Host,31,0805df0dfb1ecf57d74bea11b320b63fa5e8210a7f583a09eb770e48209b8756,fourier-default,vdsp-native4-hybrid-float,2048,1440,64,paced,pilot-02,1730.790361404419,63344.79522705078,158021.5,152666.5,168687.5,214687.5
Host,32,c5e2036da3a9c91530e7f8bcc9a48322b7ab8249c6bac4063381b1243d269e48,fourier-default,vdsp-native4-hybrid-float,2048,1440,256,paced,pilot-01,1365.777639389038,63624.900817871094,419062.5,384125,400437.5,556542
Host,32,c5e2036da3a9c91530e7f8bcc9a48322b7ab8249c6bac4063381b1243d269e48,fourier-default,vdsp-native4-hybrid-float,2048,1440,256,paced,pilot-02,1391.3212699890137,63571.83647155762,410603.5,386375,411749.5,527938
Host,33,5bc29bd97d65d39a6e732628c1bd9e547885cafd2ecd19955e770bd400e1bcfe,fourier-default,vdsp-native4-hybrid-float,2048,1440,64,paced,pilot-01,910.9875087738037,62774.0364074707,105437,101812.5,109229,125521
Host,33,5bc29bd97d65d39a6e732628c1bd9e547885cafd2ecd19955e770bd400e1bcfe,fourier-default,vdsp-native4-hybrid-float,2048,1440,64,paced,pilot-02,1040.381519317627,62775.24185180664,114062,106812.5,120979,159166.5
Host,34,b59261381b1fccf0307b179b70f44f5ae64f445b02e971e9d02a0b2550a59753,fourier-default,vdsp-native4-hybrid-float,2048,1440,64,paced,pilot-01,1150.4712505340576,62772.63259887695,122791.5,112687,125521,276646
Host,34,b59261381b1fccf0307b179b70f44f5ae64f445b02e971e9d02a0b2550a59753,fourier-default,vdsp-native4-hybrid-float,2048,1440,64,paced,pilot-02,973.749361038208,62818.20297241211,110604.5,107020.5,120874.5,131146
Host,35,1dea3046e483e7f3ea293f135cce67e78377f8d0fc5a80a045a6e7cff91e48eb,fourier-default,vdsp-native4-hybrid-float,2048,1440,64,paced,pilot-01,1001.2360382080078,62831.23779296875,110708,107083.5,117854,128021
Host,35,1dea3046e483e7f3ea293f135cce67e78377f8d0fc5a80a045a6e7cff91e48eb,fourier-default,vdsp-native4-hybrid-float,2048,1440,64,paced,pilot-02,1116.9498653411865,62933.89320373535,119125,114229.5,130500,152250
Host,36,4b7583556ad441e73c819834e131000012893ee91ccab8eea5b6fb2c6481fa44,fourier-default,vdsp-native4-hybrid-float,2048,1440,64,paced,pilot-01,985.0706176757812,62950.02555847168,150104,126020.5,159687,212250
Host,36,4b7583556ad441e73c819834e131000012893ee91ccab8eea5b6fb2c6481fa44,fourier-default,vdsp-native4-hybrid-float,2048,1440,64,paced,pilot-02,1349.0929698944092,62791.89682006836,175729,160354.5,186291.5,202791.5
Host,37,be9868b915e390a481115dfd75df4abc7794771ce848c568bdadb0ce8deebd6c,fourier-default,vdsp-native4-hybrid-float,2048,1440,64,paced,pilot-01,1184.5906314849854,62892.38929748535,158395.5,147541.5,171791.5,180958
Host,37,be9868b915e390a481115dfd75df4abc7794771ce848c568bdadb0ce8deebd6c,fourier-default,vdsp-native4-hybrid-float,2048,1440,64,paced,pilot-02,1227.0343837738037,62972.09167480469,169812.5,151229,182041.5,1053270.5
Host,38,26f5f8da121637bc9f92f524ba1694f21c2ef345e9c92c2a2eb740f7974a2930,fourier-default,vdsp-native4-hybrid-float,2048,1440,64,paced,pilot-01,1345.12455368042,63062.374114990234,176271,162250,193771.5,225979
Host,38,26f5f8da121637bc9f92f524ba1694f21c2ef345e9c92c2a2eb740f7974a2930,fourier-default,vdsp-native4-hybrid-float,2048,1440,64,paced,pilot-02,1110.205924987793,62867.94853210449,150521,128167,164895.5,183646
Host,39,1c36e5faf266490ad108b5dad941ace748f6bfdba95bb11a88c6b033bb70615c,fourier-default,fftw-native4-batch-float,2048,1440,64,paced,pilot-01,488.029691696167,781.8946838378906,249104.5,246562.5,262437.5,320604
Host,39,1c36e5faf266490ad108b5dad941ace748f6bfdba95bb11a88c6b033bb70615c,fourier-default,fftw-native4-batch-float,2048,1440,64,paced,pilot-02,478.03074836730957,756.7539215087891,245771,241614.5,268125,300083.5
Host,40,07a7f464dc83f4bb1bb385c995e37913eed9b2166fefcaeae4cfe332093733e0,fourier-default,fftw-native4-batch-float,2048,1440,64,paced,pilot-01,980.9745616912842,62470.956802368164,117000,108697.75,124416.5,128667
Host,40,07a7f464dc83f4bb1bb385c995e37913eed9b2166fefcaeae4cfe332093733e0,fourier-default,fftw-native4-batch-float,2048,1440,64,paced,pilot-02,1090.234848022461,62361.04774475098,112792,110115.0,124521,129229
Host,41,0a17f3ad59c6b12890bc67864c44f408235245178035fab046b8411577c2e868,fourier-default,fftw-native4-batch-float,2048,1440,64,paced,pilot-01,1550.594560623169,1856.3652038574219,974542,767291.75,1018458.5,1406749.5
Host,41,0a17f3ad59c6b12890bc67864c44f408235245178035fab046b8411577c2e868,fourier-default,fftw-native4-batch-float,2048,1440,64,paced,pilot-02,1756.7489528656006,2011.505126953125,960312.5,954208.5,1020520.5,1476458.5
Host,42,88a6df315e00f394e265ee5e3c1bc0a0a4b5dc2105f7da467b16274495c43ab5,fourier-default,fftw-native4-batch-float,2048,1440,64,paced,pilot-01,1146.0925388336182,62606.245040893555,126208,116885.5,136187.5,164354
Host,42,88a6df315e00f394e265ee5e3c1bc0a0a4b5dc2105f7da467b16274495c43ab5,fourier-default,fftw-native4-batch-float,2048,1440,64,paced,pilot-02,1146.643503189087,62740.59867858887,128604,119698.0,140042,180479
Host,43,fee36bd900e912c3532271a68b8ccaa4a1ff5c6f630193dcc6c611b95c0c8a9c,fourier-default,fftw-native4-batch-float,2048,1440,64,paced,pilot-01,1657.5455570220947,63322.78823852539,238312,218021.0,248854.5,257416.5
Host,43,fee36bd900e912c3532271a68b8ccaa4a1ff5c6f630193dcc6c611b95c0c8a9c,fourier-default,fftw-native4-batch-float,2048,1440,64,paced,pilot-02,1559.3564567565918,63378.028869628906,230958.5,196833.25,245354,252666.5
Host,44,f944c68f67d9b1a65ff58a91c54080882fc4bbcc9cb45b46b58af25d12ef4633,fourier-default,fftw-native4-batch-float,2048,1440,64,paced,pilot-01,1826.0545043945312,63531.25190734863,178854,164229.5,171271,252583
Host,44,f944c68f67d9b1a65ff58a91c54080882fc4bbcc9cb45b46b58af25d12ef4633,fourier-default,fftw-native4-batch-float,2048,1440,64,paced,pilot-02,2073.691453933716,63158.10585021973,171271,167083.5,183729.5,199791.5
Host,45,287607a8c48925c3d4638e1b43e32e6c1d603fd7278955e31cd0f929f6e35a8a,fourier-default,fftw-native4-batch-float,2048,1440,256,paced,pilot-01,1485.3588619232178,63734.66873168945,564187,412646,566020.5,623520.5
Host,45,287607a8c48925c3d4638e1b43e32e6c1d603fd7278955e31cd0f929f6e35a8a,fourier-default,fftw-native4-batch-float,2048,1440,256,paced,pilot-02,1517.1357917785645,63658.96034240723,426729,418979,428583.5,438500
Host,46,daf4ca19c47a9eaceff626285be018d41dcfb2264fbe41028dbaa946d5bb8888,fourier-default,fftw-native4-batch-float,2048,1440,64,paced,pilot-01,812.7833290100098,63003.41796875,119958,104833.5,129250,161041.5
Host,46,daf4ca19c47a9eaceff626285be018d41dcfb2264fbe41028dbaa946d5bb8888,fourier-default,fftw-native4-batch-float,2048,1440,64,paced,pilot-02,1290.812307357788,62457.68165588379,132374.5,128104.5,136500,147479
Host,47,9af00f333a26dea67e11ab48dc05ed251c660542782b14f9c9d743849fff6633,fourier-default,fftw-native4-batch-float,2048,1440,64,paced,pilot-01,1098.5333366394043,62785.1619720459,132771,127520.5,137791.5,176624.5
Host,47,9af00f333a26dea67e11ab48dc05ed251c660542782b14f9c9d743849fff6633,fourier-default,fftw-native4-batch-float,2048,1440,64,paced,pilot-02,1148.9730491638184,62725.50392150879,132708.5,127083,139104.5,167021.5
Host,48,017bfd46955bd3a6f30537bc962159847206be306f657fea81919f5ccd8f74e5,fourier-default,fftw-native4-batch-float,2048,1440,64,paced,pilot-01,1049.885347366333,62895.42770385742,133271,128604.5,144354,175688
Host,48,017bfd46955bd3a6f30537bc962159847206be306f657fea81919f5ccd8f74e5,fourier-default,fftw-native4-batch-float,2048,1440,64,paced,pilot-02,1351.6808032989502,62783.565521240234,143208.5,137479,148208.5,180521
Host,49,4d9513438ef88bb55bffe42fb1fbc6f50af8fca59d38187f6e01fe68a4846000,fourier-default,fftw-native4-batch-float,2048,1440,64,paced,pilot-01,1311.813196182251,62814.979553222656,169374.5,147750,190896,317708
Host,49,4d9513438ef88bb55bffe42fb1fbc6f50af8fca59d38187f6e01fe68a4846000,fourier-default,fftw-native4-batch-float,2048,1440,64,paced,pilot-02,1191.3219718933105,62707.92007446289,151500.5,131854,174437.5,189749.5
Host,50,a59bf9d4cdfc8ac17a48a30d2fc984bb06cb85d41eddb0d539356e50e848b8a5,fourier-default,fftw-native4-batch-float,2048,1440,64,paced,pilot-01,1422.003225326538,62755.96618652344,180104,166521,197312.5,218604
Host,50,a59bf9d4cdfc8ac17a48a30d2fc984bb06cb85d41eddb0d539356e50e848b8a5,fourier-default,fftw-native4-batch-float,2048,1440,64,paced,pilot-02,1350.0220966339111,62572.67379760742,157896,145500,178250,186416
Host,51,81f11cbb6e71061230a8f41deefef792f178b6a4602d2f33834e20188188cda4,fourier-default,fftw-native4-batch-float,2048,1440,64,paced,pilot-01,1258.839162826538,62776.55792236328,162687.5,146541.5,186166.5,212583
Host,51,81f11cbb6e71061230a8f41deefef792f178b6a4602d2f33834e20188188cda4,fourier-default,fftw-native4-batch-float,2048,1440,64,paced,pilot-02,1240.3228969573975,62732.404708862305,153250,141416.5,174437,199083.5
Host,52,f6dd417dfb081acfb9a8b3fcda11946be24e7bd289745691047c517616c66cc5,fourier-default,fftw-native4-hybrid-float,2048,1440,64,paced,pilot-01,507.9745407104492,847.1012115478516,110167,108198.25,140437.5,298146
Host,52,f6dd417dfb081acfb9a8b3fcda11946be24e7bd289745691047c517616c66cc5,fourier-default,fftw-native4-hybrid-float,2048,1440,64,paced,pilot-02,543.7709732055664,873.5885620117188,118958.5,107531.25,130541.5,244812.5
Host,53,70a73e1992e5d8a748368ecd326a5d9a60b99550d6c5986d245d9b13e034856d,fourier-default,fftw-native4-hybrid-float,2048,1440,64,paced,pilot-01,1177.9319744110107,62300.6477355957,110917,104333.0,112645.5,122812
Host,53,70a73e1992e5d8a748368ecd326a5d9a60b99550d6c5986d245d9b13e034856d,fourier-default,fftw-native4-hybrid-float,2048,1440,64,paced,pilot-02,890.648588180542,62570.10078430176,103958.5,100364.5,110312,122042
Host,54,02b0583dcf02beaf02f9698c455415bfb8088b8ea691d07db0699ca010cfbb26,fourier-default,fftw-native4-hybrid-float,2048,1440,64,paced,pilot-01,1999.5723915100098,2299.6654510498047,434937.5,417468.75,455333,682583
Host,54,02b0583dcf02beaf02f9698c455415bfb8088b8ea691d07db0699ca010cfbb26,fourier-default,fftw-native4-hybrid-float,2048,1440,64,paced,pilot-02,2021.3947677612305,2276.460647583008,430729.5,422583.25,479896,555291.5
Host,55,448e1097cb9111053966c04c580437664f031b4f531d96f95b6fe64e603062a4,fourier-default,fftw-native4-hybrid-float,2048,1440,64,paced,pilot-01,874.7787780761719,62845.48759460449,106291.5,99708.25,114333.5,134500
Host,55,448e1097cb9111053966c04c580437664f031b4f531d96f95b6fe64e603062a4,fourier-default,fftw-native4-hybrid-float,2048,1440,64,paced,pilot-02,942.6637001037598,62758.64028930664,107625,102718.75,114312,129417
Host,56,af79df924e2378f698168445f96a7de0cd3300bccbc0e44f393743175494a431,fourier-default,fftw-native4-hybrid-float,2048,1440,64,paced,pilot-01,1814.8737964630127,63318.97735595703,191562.5,164812.5,186166.5,437729.5
Host,56,af79df924e2378f698168445f96a7de0cd3300bccbc0e44f393743175494a431,fourier-default,fftw-native4-hybrid-float,2048,1440,64,paced,pilot-02,1815.9964637756348,63511.17515563965,195500,165885.25,190563,250500.5
Host,57,9d79183a44f6debcebd55fcbe00ed818e1121f5d938117057af62b3ebb5bfff7,fourier-default,fftw-native4-hybrid-float,2048,1440,64,paced,pilot-01,1729.6948490142822,63512.447357177734,159854,154416.5,172646,260167
Host,57,9d79183a44f6debcebd55fcbe00ed818e1121f5d938117057af62b3ebb5bfff7,fourier-default,fftw-native4-hybrid-float,2048,1440,64,paced,pilot-02,1888.459882736206,63206.75468444824,158791.5,154104,172187.5,185229.5
Host,58,a3d1117e7d59f2b3c03b87d898e41de2135d765ce0ad4c20627642cc27174eb6,fourier-default,fftw-native4-hybrid-float,2048,1440,256,paced,pilot-01,1375.6951808929443,63537.46795654297,555687.5,372916.5,528875,604020.5
Host,58,a3d1117e7d59f2b3c03b87d898e41de2135d765ce0ad4c20627642cc27174eb6,fourier-default,fftw-native4-hybrid-float,2048,1440,256,paced,pilot-02,1477.0595417022705,63680.77850341797,568583.5,404521,440104.5,766229.5
Host,59,cf31a412f14ffc7cfdd38cfaf177e64abb16ba868dde2d4d5acc0c93bb8cafe9,fourier-default,fftw-native4-hybrid-float,2048,1440,64,paced,pilot-01,1196.4865264892578,62684.566497802734,127104,111979,154063,831792
Host,59,cf31a412f14ffc7cfdd38cfaf177e64abb16ba868dde2d4d5acc0c93bb8cafe9,fourier-default,fftw-native4-hybrid-float,2048,1440,64,paced,pilot-02,1200.9209747314453,62659.25979614258,132520.5,113770.5,169833,475646
Host,60,c40344f81412b29e2bb9fc6030aa2840012903a8e3a504cd0788133df14b3000,fourier-default,fftw-native4-hybrid-float,2048,1440,64,paced,pilot-01,1233.1331939697266,62484.82131958008,115688,113312,126854,142395.5
Host,60,c40344f81412b29e2bb9fc6030aa2840012903a8e3a504cd0788133df14b3000,fourier-default,fftw-native4-hybrid-float,2048,1440,64,paced,pilot-02,1116.3885517120361,62663.307189941406,114625,109521,119646,122896
Host,61,986a04e8a4d8f89b85dc64ab722a259c5b32df004be9e063b019b532656a580d,fourier-default,fftw-native4-hybrid-float,2048,1440,64,paced,pilot-01,1010.3864078521729,62805.81092834473,112229,106729,120625,132021
Host,61,986a04e8a4d8f89b85dc64ab722a259c5b32df004be9e063b019b532656a580d,fourier-default,fftw-native4-hybrid-float,2048,1440,64,paced,pilot-02,942.052526473999,62952.0206451416,112354.5,106375,118958.5,128750
Host,62,e67d3d06b3d67c6b18881380ed6b48c38f7ba3f296fd93da2737a2b56f975d1f,fourier-default,fftw-native4-hybrid-float,2048,1440,64,paced,pilot-01,1270.7277908325195,62833.93478393555,162083.5,140208.5,177124.5,190792
Host,62,e67d3d06b3d67c6b18881380ed6b48c38f7ba3f296fd93da2737a2b56f975d1f,fourier-default,fftw-native4-hybrid-float,2048,1440,64,paced,pilot-02,1059.6713752746582,62794.3058013916,142833,116958.5,163979,180125
Host,63,3146549b70ec6ae021e0256b37d422ee4d050398576f7e37d7a2e25ae826b3b4,fourier-default,fftw-native4-hybrid-float,2048,1440,64,paced,pilot-01,1106.3029804229736,62971.818923950195,150270.5,136062,165833.5,179375
Host,63,3146549b70ec6ae021e0256b37d422ee4d050398576f7e37d7a2e25ae826b3b4,fourier-default,fftw-native4-hybrid-float,2048,1440,64,paced,pilot-02,1198.3238220214844,62814.090728759766,158750,147146,175249.5,185083
Host,64,0341b70e4c8bb7452ff54ee11dd5e1036d2a5ad05af07ca006c1866f4da0759d,fourier-default,fftw-native4-hybrid-float,2048,1440,64,paced,pilot-01,1239.8016090393066,62961.70234680176,166791.5,153729.5,177375,187249.5
Host,64,0341b70e4c8bb7452ff54ee11dd5e1036d2a5ad05af07ca006c1866f4da0759d,fourier-default,fftw-native4-hybrid-float,2048,1440,64,paced,pilot-02,1244.8338031768799,62801.185607910156,161479.5,144896,177625,195083.5
Host,65,deaea16e12aeb502d655b6ec6c394ed4386be379685b61a2869284e6170e52e7,spectre-default,,2048,1024,64,paced,pilot-01,319.32899284362793,653.7723541259766,34271,33447.75,44020.5,156521
Host,65,deaea16e12aeb502d655b6ec6c394ed4386be379685b61a2869284e6170e52e7,spectre-default,,2048,1024,64,paced,pilot-02,344.9218444824219,660.46142578125,38458,33458.5,59708,269417
Host,66,90fa77379cc94151be02a69b446de797de95fd000c47374408eb2e342ddaf27a,spectre-default,,2048,1024,64,paced,pilot-01,1039.1986656188965,62549.33166503906,113396,101250,121916.5,158520.5
Host,66,90fa77379cc94151be02a69b446de797de95fd000c47374408eb2e342ddaf27a,spectre-default,,2048,1024,64,paced,pilot-02,1106.3592739105225,62749.385833740234,117896,108583,119312,157145.5
Host,67,d6a6bd3cc234d0f9d69fbd4b511c5f3c70aa20fd173aad2250b5946754b0401e,spectre-default,,2048,1024,64,paced,pilot-01,1294.4846477508545,62660.95733642578,180000,146000,185666.5,197520.5
Host,67,d6a6bd3cc234d0f9d69fbd4b511c5f3c70aa20fd173aad2250b5946754b0401e,spectre-default,,2048,1024,64,paced,pilot-02,1096.9360027313232,62706.73179626465,155000,127937.5,173187.5,176083
Host,68,2c953692964784f4504d0e60031db72e1c9b581a01ed1e7b8b5bbe5ac10a920c,spectre-default,,2048,1024,64,paced,pilot-01,1181.322738647461,62784.772872924805,161792,129666.5,180458,187750
Host,68,2c953692964784f4504d0e60031db72e1c9b581a01ed1e7b8b5bbe5ac10a920c,spectre-default,,2048,1024,64,paced,pilot-02,1045.2686653137207,62839.11895751953,147812.5,116854.5,170625,179667
Host,69,e547040afd47357db31225114988ff2f154fcc0233f1629f535c4498bcc4e2bf,spectre-default,pffft-native-batch-float,2048,1024,64,paced,pilot-01,189.23440742492676,596.2429046630859,41208.5,37302.25,50270.5,109020.5
Host,69,e547040afd47357db31225114988ff2f154fcc0233f1629f535c4498bcc4e2bf,spectre-default,pffft-native-batch-float,2048,1024,64,paced,pilot-02,220.44777488708496,528.0780792236328,38833,35823.0,47563,83583.5
Host,70,4b4a8dc1d03ada056812d38608391c355ffb42cf097613e1fd2de60ad7bba875,spectre-default,pffft-native-batch-float,2048,1024,64,paced,pilot-01,1075.0503406524658,63023.53858947754,114812.5,109500,116999.5,124583
Host,70,4b4a8dc1d03ada056812d38608391c355ffb42cf097613e1fd2de60ad7bba875,spectre-default,pffft-native-batch-float,2048,1024,64,paced,pilot-02,1113.1056823730469,62554.65316772461,106916.5,103250,115749.5,130542
Host,71,f2313fe10c4a2484cd6ec8bfe72d43fd17e0743e35843dae6404ad9349d324eb,spectre-default,pffft-native-batch-float,2048,1024,64,paced,pilot-01,1034.1794700622559,62797.59979248047,152250,120229,160333,184583
Host,71,f2313fe10c4a2484cd6ec8bfe72d43fd17e0743e35843dae6404ad9349d324eb,spectre-default,pffft-native-batch-float,2048,1024,64,paced,pilot-02,1255.1434497833252,62654.579162597656,167417,137666.5,180374.5,199666.5
Host,72,7587839f0bee915ff27104e01cfba3c84281f91c47a5fd9b9c6732176c6e2cd1,spectre-default,pffft-native-batch-float,2048,1024,64,paced,pilot-01,1190.0766925811768,62920.5436706543,160145.5,139229,172833.5,261459
Host,72,7587839f0bee915ff27104e01cfba3c84281f91c47a5fd9b9c6732176c6e2cd1,spectre-default,pffft-native-batch-float,2048,1024,64,paced,pilot-02,1004.050214767456,62806.01692199707,143145.5,108541.5,156542,174187
Host,73,f487aa8bd161ba448649b56fe46391106e6fd752f31d20dfdc5f55ff7f1dd782,spectre-default,pffft-native-hybrid-float,2048,1024,64,paced,pilot-01,260.41033363342285,581.1042785644531,29937.5,28291.5,40583.5,173104.5
Host,73,f487aa8bd161ba448649b56fe46391106e6fd752f31d20dfdc5f55ff7f1dd782,spectre-default,pffft-native-hybrid-float,2048,1024,64,paced,pilot-02,277.37855339050293,551.1550903320312,28750,26229.5,55271,174604
Host,74,054ed44b86d1e8f06a2d0b7a5831ad757994f04ad4fe39b5aa913e38e9ce7e29,spectre-default,pffft-native-hybrid-float,2048,1024,64,paced,pilot-01,882.9375267028809,62800.058364868164,105708.5,92291.5,114520.5,430771
Host,74,054ed44b86d1e8f06a2d0b7a5831ad757994f04ad4fe39b5aa913e38e9ce7e29,spectre-default,pffft-native-hybrid-float,2048,1024,64,paced,pilot-02,1132.070701599121,62418.596267700195,105687.5,101979,114792,132687.5
Host,75,d23e13d0be1e769cb92781d1c047dec43e044413efa8ec40ebd6ac05db4b45a5,spectre-default,pffft-native-hybrid-float,2048,1024,64,paced,pilot-01,1335.064712524414,62574.21112060547,178833,146645.5,183646,194541.5
Host,75,d23e13d0be1e769cb92781d1c047dec43e044413efa8ec40ebd6ac05db4b45a5,spectre-default,pffft-native-hybrid-float,2048,1024,64,paced,pilot-02,1253.9644298553467,62810.22262573242,173437.5,148250,186187.5,204291.5
Host,76,9fc0e13477c6c372429dd061df4c17d9da792e6eb1f90629f08069900b067354,spectre-default,pffft-native-hybrid-float,2048,1024,64,paced,pilot-01,1197.981674194336,62581.24351501465,155749.5,126792,172312.5,273541.5
Host,76,9fc0e13477c6c372429dd061df4c17d9da792e6eb1f90629f08069900b067354,spectre-default,pffft-native-hybrid-float,2048,1024,64,paced,pilot-02,1040.328498840332,62822.13020324707,142021,115791.5,169083.5,178854
Host,77,65d61345a137fade26848e299efb79643d95725bf357d1d290552e593933e175,fourier-default,,2048,1440,64,paced,pilot-01,82.52435874938965,427.5074005126953,10291.5,,,
Host,77,65d61345a137fade26848e299efb79643d95725bf357d1d290552e593933e175,fourier-default,,2048,1440,64,paced,pilot-02,85.3398323059082,364.21966552734375,7958.5,,,
Host,78,c0f025350304f6e23bf21790b45c8828e5c81da85e8f22783e161b46b07eb455,fourier-default,,2048,1440,64,paced,pilot-01,204.22463035583496,562.7021789550781,20375.5,,,
Host,78,c0f025350304f6e23bf21790b45c8828e5c81da85e8f22783e161b46b07eb455,fourier-default,,2048,1440,64,paced,pilot-02,224.0456485748291,500.67138671875,16958.5,,,
Host,79,47499161554fdf872183485c44af5dd2ca3a108c8632dc9a2f4dac8907044ec0,fourier-default,,2048,1440,64,paced,pilot-01,610.856725692749,883.3541870117188,58250.5,,,
Host,79,47499161554fdf872183485c44af5dd2ca3a108c8632dc9a2f4dac8907044ec0,fourier-default,,2048,1440,64,paced,pilot-02,608.8909511566162,937.347412109375,55521,,,
Host,80,23119c7bcb245a21b251013b7c7f1220f664f377bf428448c10029070c054dc3,fourier-default,,2048,1440,64,paced,pilot-01,744.4345569610596,62650.97618103027,117833,,,
Host,80,23119c7bcb245a21b251013b7c7f1220f664f377bf428448c10029070c054dc3,fourier-default,,2048,1440,64,paced,pilot-02,787.6029262542725,62840.43312072754,94083.5,,,
Host,81,b5fee26ac6e494fa53483258b45e17a1b3434fa08d2817402071ace470a8bb90,fourier-default,,2048,1440,64,paced,pilot-01,1109.6741905212402,62427.316665649414,98688,,,
Host,81,b5fee26ac6e494fa53483258b45e17a1b3434fa08d2817402071ace470a8bb90,fourier-default,,2048,1440,64,paced,pilot-02,923.6189060211182,62512.26997375488,98666.5,,,
Host,82,e89b6741a2440e216360b9e2e6303d2c8e903fbe4842c7630da42c71776cb9b6,fourier-default,,2048,1440,64,paced,pilot-01,763.0105686187744,62658.51593017578,71708,,,
Host,82,e89b6741a2440e216360b9e2e6303d2c8e903fbe4842c7630da42c71776cb9b6,fourier-default,,2048,1440,64,paced,pilot-02,813.1538753509521,62627.77328491211,97146,,,
Lifecycle,0,232b58aca87dbe877398b008136fd6b5bd77721dada9e9268fab68e5876e5176,fourier,,2048,1440,64,continuous,pilot-01,937.2232360839844,2926.5060424804688,119875,,,
Lifecycle,0,232b58aca87dbe877398b008136fd6b5bd77721dada9e9268fab68e5876e5176,fourier,,2048,1440,64,continuous,pilot-02,854.5483856201172,2679.4815063476562,97354.5,,,
Lifecycle,1,6d2d57592184bcf57780b3594e01f634383a8130f1f73ff7d11c2b7de35449d2,fourier,vdsp-native4-batch-float,2048,1440,64,continuous,pilot-01,682.2704849243164,2676.025390625,95021,,,
Lifecycle,1,6d2d57592184bcf57780b3594e01f634383a8130f1f73ff7d11c2b7de35449d2,fourier,vdsp-native4-batch-float,2048,1440,64,continuous,pilot-02,908.1304779052734,3092.7810668945312,103771,,,
Lifecycle,2,299b7ce47f8c49f06b8404bd9bdc1e1951735ca12170200e3642a1a8700aa846,fourier,vdsp-native4-hybrid-float,2048,1440,64,continuous,pilot-01,935.0300750732422,3158.1039428710938,98521,,,
Lifecycle,2,299b7ce47f8c49f06b8404bd9bdc1e1951735ca12170200e3642a1a8700aa846,fourier,vdsp-native4-hybrid-float,2048,1440,64,continuous,pilot-02,1003.321159362793,3551.300048828125,122854,,,
Lifecycle,3,56ab5f12a89557c6869b58818b6b08f26daf82870bfcff227b240cead40fab0c,spectre,,2048,1024,64,continuous,pilot-01,809.6123809814453,2568.206787109375,97312.5,,,
Lifecycle,3,56ab5f12a89557c6869b58818b6b08f26daf82870bfcff227b240cead40fab0c,spectre,,2048,1024,64,continuous,pilot-02,876.6829452514648,2648.2696533203125,95917,,,
Lifecycle,4,1f4748c59d1680a10b58f151d509d78e3d1d14806829a4185abd7d766586b153,spectre,pffft-native-batch-float,2048,1024,64,continuous,pilot-01,1049.8324813842773,2903.076171875,96562.5,,,
Lifecycle,4,1f4748c59d1680a10b58f151d509d78e3d1d14806829a4185abd7d766586b153,spectre,pffft-native-batch-float,2048,1024,64,continuous,pilot-02,1186.7820510864258,3488.8458251953125,138062.5,,,
Lifecycle,5,87738e15769fc75962330f6648eb5684203af83d92593ec9cb8e53ae94b98780,spectre,pffft-native-hybrid-float,2048,1024,64,continuous,pilot-01,878.9105072021484,2661.529541015625,96437,,,
Lifecycle,5,87738e15769fc75962330f6648eb5684203af83d92593ec9cb8e53ae94b98780,spectre,pffft-native-hybrid-float,2048,1024,64,continuous,pilot-02,946.824089050293,2785.5758666992188,96750,,,
Lifecycle,6,c0aeeb724730839e23d14db0219cf6349f00798940c09cdedb7f34eabbf45046,fourier-default,,2048,1440,64,continuous,pilot-01,88.54566097259521,89.48516845703125,13687.5,5917.0,13625.5,16916.5
Lifecycle,6,c0aeeb724730839e23d14db0219cf6349f00798940c09cdedb7f34eabbf45046,fourier-default,,2048,1440,64,continuous,pilot-02,80.11060762405396,80.95264434814453,8896,5958.0,8625.5,15583
Lifecycle,7,6cc0a604e0e1c883e73ee1fd0f551f020c1e8f794fc731cd8d090c76f143de3d,fourier-default,vdsp-native4-hybrid-float,2048,1440,64,continuous,pilot-01,77.91616487503052,78.78446578979492,13562.5,10250.0,19500,21708.5
Lifecycle,7,6cc0a604e0e1c883e73ee1fd0f551f020c1e8f794fc731cd8d090c76f143de3d,fourier-default,vdsp-native4-hybrid-float,2048,1440,64,continuous,pilot-02,78.54657554626465,79.41913604736328,13916.5,10250.5,19229,35354
Lifecycle,8,c24d31d1af84366b4548f3c28e948adffb0ddafbc7b0fd6b5712586e695f3151,fourier-default,fftw-native4-hybrid-float,2048,1440,64,continuous,pilot-01,83.86586618423462,84.77592468261719,20979.5,14010.25,25979.5,31458.5
Lifecycle,8,c24d31d1af84366b4548f3c28e948adffb0ddafbc7b0fd6b5712586e695f3151,fourier-default,fftw-native4-hybrid-float,2048,1440,64,continuous,pilot-02,75.30077981948853,76.13468170166016,17479.5,13063.0,19687.5,21812.5
Lifecycle,9,f849b2c8bf9a669e84c6941edbd31623350c2b0c09d58260b1ebc84ecf0b25c9,spectre-default,,2048,1024,64,continuous,pilot-01,69.54767608642578,70.5556869506836,9479.5,5542.0,10042,14041.5
Lifecycle,9,f849b2c8bf9a669e84c6941edbd31623350c2b0c09d58260b1ebc84ecf0b25c9,spectre-default,,2048,1024,64,continuous,pilot-02,64.50421667098999,65.40250778198242,13354,5187.5,7958,23125
Lifecycle,10,30526b19bf5e8d9f613128fb304b55673cce7290985811332e320d06a7944230,spectre-default,pffft-native-hybrid-float,2048,1024,64,continuous,pilot-01,67.85966300964355,68.89009475708008,11875,5166.0,10042,16854
Lifecycle,10,30526b19bf5e8d9f613128fb304b55673cce7290985811332e320d06a7944230,spectre-default,pffft-native-hybrid-float,2048,1024,64,continuous,pilot-02,61.203919887542725,62.13808059692383,11208.5,4979.0,8416.5,17104
Modules,0,899275f4ad11ab9b529ed58a8b070e17722ec510065cdae3f05fdbd73685b295,fourier-default,,2048,1440,64,paced,pilot-01,451.6051649305556,,44521.5,41448.25,112125.5,209291.5
Modules,0,899275f4ad11ab9b529ed58a8b070e17722ec510065cdae3f05fdbd73685b295,fourier-default,,2048,1440,64,paced,pilot-02,445.21634250217016,,54166.5,41801.75,107250.0,232854.0
Modules,1,a7e14b73a5cf9f619bc49163c3590b52c255590f57339fd7e2ec3b0186388dea,spectre-default,,2048,1024,64,paced,pilot-01,218.4545841217041,,26958.0,26114.5,43604.0,126729.0
Modules,1,a7e14b73a5cf9f619bc49163c3590b52c255590f57339fd7e2ec3b0186388dea,spectre-default,,2048,1024,64,paced,pilot-02,236.69435691833496,,34021.0,26041.5,57083.5,218437.0
Modules,2,e820cb0f9de9be8e9492b338636e3490f96939b640ecd1af0371f1a4e8789a78,fourier,,16384,240,64,paced,pilot-01,7829.00546875,,1169729.0,1000271.0,1141813.0,2343687.5
Modules,2,e820cb0f9de9be8e9492b338636e3490f96939b640ecd1af0371f1a4e8789a78,fourier,,16384,240,64,paced,pilot-02,7623.002644856771,,1134895.5,993010.25,1126104.0,1284979.0
Modules,3,ad0d715eeae72d398e806d3ecdd6bad0c888f71888b7586bdac28e66a2544b43,fourier,,16384,240,64,paced,pilot-01,5805.481306966146,,776770.5,665364.75,767125.5,978458.5
Modules,3,ad0d715eeae72d398e806d3ecdd6bad0c888f71888b7586bdac28e66a2544b43,fourier,,16384,240,64,paced,pilot-02,7512.265844726562,,970208.5,862750.0,969916.5,1187583.0
Modules,4,6755b93b447ee07e8880c303929a1b6d7fca726264de2a965e76ab6f7a395bff,fourier,,16384,240,64,paced,pilot-01,7996.837223307291,,1158958.5,1012906.5,1152375.5,1512167.0
Modules,4,6755b93b447ee07e8880c303929a1b6d7fca726264de2a965e76ab6f7a395bff,fourier,,16384,240,64,paced,pilot-02,7944.6262613932295,,1151791.5,1006677.25,1149604.0,1205562.5
Modules,5,8765d96ac498036be34ccf897ad4eb67b0a719e6617ace55af61c8190e21abec,fourier,,16384,240,64,paced,pilot-01,4873.6732177734375,,735291.5,636614.75,733792.0,854396.5
Modules,5,8765d96ac498036be34ccf897ad4eb67b0a719e6617ace55af61c8190e21abec,fourier,,16384,240,64,paced,pilot-02,8728.073836263022,,1362687.5,1196698.25,1356083.5,1747521.0
Modules,6,4dee54b5a068f7f26419e89b5c8d6567f911f14173c3bd76998317f451097af2,fourier,,16384,240,64,paced,pilot-01,6342.38095703125,,896208.0,795896.0,894020.5,1022375.0
Modules,6,4dee54b5a068f7f26419e89b5c8d6567f911f14173c3bd76998317f451097af2,fourier,,16384,240,64,paced,pilot-02,7140.907950846355,,1205229.5,974687.75,1196584.0,1945687.5
Modules,7,934414cbaeab76ff72cc4ec15adbd4a47c88f923eb191ef5363156d5b42dc68b,fourier,,16384,240,64,paced,pilot-01,8423.457698567709,,1430354.5,1197104.25,1423146.0,1486583.5
Modules,7,934414cbaeab76ff72cc4ec15adbd4a47c88f923eb191ef5363156d5b42dc68b,fourier,,16384,240,64,paced,pilot-02,8612.49287923177,,1413062.5,1247718.5,1408417.0,1542896.0
Modules,8,8e42202114d8a039ca5159bb4b579cedf4fc93fa9223629a82cd78b91c193075,spectre,,2048,1024,64,paced,pilot-01,240.30698204040527,,47625.0,28166.75,91000.0,173541.5
Modules,8,8e42202114d8a039ca5159bb4b579cedf4fc93fa9223629a82cd78b91c193075,spectre,,2048,1024,64,paced,pilot-02,251.8470058441162,,28666.5,27625.0,39021.0,82229.0
Scaling,0,b5c7dbb1f37fa4c7e76866ab2c977d98c6d2b6228cdd3c97156f882b851260cd,core-matched-distributed-float,,2048,1024,16,continuous,pilot-01,59.50885581970215,,3354.0,1104.5,5708.5,12229.5
Scaling,0,b5c7dbb1f37fa4c7e76866ab2c977d98c6d2b6228cdd3c97156f882b851260cd,core-matched-distributed-float,,2048,1024,16,continuous,pilot-02,57.46732711791992,,3062.5,1750.5,4917.0,27500.0
Scaling,1,57686f85a542feb69525296ba97b62f7267623b7fa00701e7d17ee6e67248a4c,core-matched-distributed-float,,2048,1024,256,continuous,pilot-01,59.32524108886719,,39916.5,14417.0,33000.0,46520.5
Scaling,1,57686f85a542feb69525296ba97b62f7267623b7fa00701e7d17ee6e67248a4c,core-matched-distributed-float,,2048,1024,256,continuous,pilot-02,57.280399322509766,,57833.5,10854.0,57833.0,67542.0
Scaling,2,f1fe87766d02e529e07e245c743aa5aa8804eaec3b750004e1ced9eb21b14c00,core-matched-distributed-float,,1024,512,64,continuous,pilot-01,80.9444465637207,,20854.5,7739.25,20896.0,21229.0
Scaling,2,f1fe87766d02e529e07e245c743aa5aa8804eaec3b750004e1ced9eb21b14c00,core-matched-distributed-float,,1024,512,64,continuous,pilot-02,82.19609069824219,,20854.5,6083.0,20875.0,37354.0
Scaling,3,acc2f95e237ed90d3f980fa8deac9ec4aed92fc4b760b0c72051d056ea0ab73b,core-matched-distributed-float,,4096,2048,64,continuous,pilot-01,49.031161308288574,,7021.0,4292.0,10458.5,13479.0
Scaling,3,acc2f95e237ed90d3f980fa8deac9ec4aed92fc4b760b0c72051d056ea0ab73b,core-matched-distributed-float,,4096,2048,64,continuous,pilot-02,46.46138572692871,,8666.5,4000.5,10083.5,17833.5
Scaling,4,d6bcf21e7c558d8ef97c3938699c8866b97700aa474d6f6d3eb4bea398b8c77e,core-matched-distributed-double,,2048,1024,16,continuous,pilot-01,64.57004356384277,,3041.5,1354.5,3188.0,9729.5
Scaling,4,d6bcf21e7c558d8ef97c3938699c8866b97700aa474d6f6d3eb4bea398b8c77e,core-matched-distributed-double,,2048,1024,16,continuous,pilot-02,55.32674598693848,,3041.5,1187.5,3208.5,8437.0
Scaling,5,729bccd5df1604c05a38e331b5f18be2b73f2726cac67b5448a44cf91ba62b6e,core-matched-distributed-double,,2048,1024,256,continuous,pilot-01,53.94235420227051,,52500.0,12822.75,36104.0,60458.5
Scaling,5,729bccd5df1604c05a38e331b5f18be2b73f2726cac67b5448a44cf91ba62b6e,core-matched-distributed-double,,2048,1024,256,continuous,pilot-02,59.54189872741699,,59521.0,18771.0,59521.0,61833.5
Scaling,6,d05bf49a1a839ed02c5a190937b00b73ecec20e62b1c1f1222c65241c27818fa,core-matched-distributed-double,,1024,512,64,continuous,pilot-01,88.9301528930664,,21083.5,5791.5,21125.0,38833.0
Scaling,6,d05bf49a1a839ed02c5a190937b00b73ecec20e62b1c1f1222c65241c27818fa,core-matched-distributed-double,,1024,512,64,continuous,pilot-02,104.18960952758789,,21041.5,8833.5,21083.5,35167.0
Scaling,7,7bd001d5c07425a738207ba191455586cd4bdac5b11fbb323c6ad75622619ca6,core-matched-distributed-double,,4096,2048,64,continuous,pilot-01,49.86463165283203,,7063.0,4396.0,8958.0,30354.0
Scaling,7,7bd001d5c07425a738207ba191455586cd4bdac5b11fbb323c6ad75622619ca6,core-matched-distributed-double,,4096,2048,64,continuous,pilot-02,35.929680824279785,,7562.5,2875.0,7854.0,18875.5
Scaling,8,9a521c4ca5854ad7b0c0180d827be8245f8d7010a9fe6c7781d02b3f7499180b,vdsp-native-hybrid-float,,2048,1024,16,continuous,pilot-01,44.603139877319336,,2937.5,3208.25,7312.5,9000.0
Scaling,8,9a521c4ca5854ad7b0c0180d827be8245f8d7010a9fe6c7781d02b3f7499180b,vdsp-native-hybrid-float,,2048,1024,16,continuous,pilot-02,42.06255912780762,,2521.0,2542.0,8458.0,10500.0
Scaling,9,9cad96e7d2da4e48e7ed9623bd0e77377525d12a56732fed54543a7c559c4aa3,vdsp-native-hybrid-float,,2048,1024,256,continuous,pilot-01,52.26083183288574,,34937.5,14916.5,34854.5,46729.0
Scaling,9,9cad96e7d2da4e48e7ed9623bd0e77377525d12a56732fed54543a7c559c4aa3,vdsp-native-hybrid-float,,2048,1024,256,continuous,pilot-02,51.55467414855957,,27646.0,14375.0,27604.5,29437.5
Scaling,10,f723033d13fdc3186a257f2619fa80aeb7c5efcf01c2d3850e279e632ef7fdd8,vdsp-native-hybrid-float,,1024,512,64,continuous,pilot-01,65.13625717163086,,10542.0,4542.0,10562.5,12395.5
Scaling,10,f723033d13fdc3186a257f2619fa80aeb7c5efcf01c2d3850e279e632ef7fdd8,vdsp-native-hybrid-float,,1024,512,64,continuous,pilot-02,71.45624160766602,,10604.0,5500.0,10604.5,32396.0
Scaling,11,6bf6aa414c16c78e209a80a105b5822f0d252c21c5c49f25c2b61b9c95b46b17,vdsp-native-hybrid-float,,4096,2048,64,continuous,pilot-01,34.59676456451416,,7312.5,6583.0,11979.5,23021.0
Scaling,11,6bf6aa414c16c78e209a80a105b5822f0d252c21c5c49f25c2b61b9c95b46b17,vdsp-native-hybrid-float,,4096,2048,64,continuous,pilot-02,38.499871253967285,,7688.0,5917.0,21729.0,21895.5
Scaling,12,26940af2bd2f70a5de739e73ab122140a93378be8a581644a0bd9fbf854b283b,vdsp-native-hybrid-double,,2048,1024,16,continuous,pilot-01,50.71289825439453,,6604.0,6750.25,21166.5,31979.0
Scaling,12,26940af2bd2f70a5de739e73ab122140a93378be8a581644a0bd9fbf854b283b,vdsp-native-hybrid-double,,2048,1024,16,continuous,pilot-02,49.307342529296875,,6500.0,6521.0,15958.5,22312.5
Scaling,13,9a79f42803546f65f237a74763184caae9e33f893cdb153ad32ce5f344da71e8,vdsp-native-hybrid-double,,2048,1024,256,continuous,pilot-01,48.56226348876953,,33874.5,16250.0,33854.0,34979.0
Scaling,13,9a79f42803546f65f237a74763184caae9e33f893cdb153ad32ce5f344da71e8,vdsp-native-hybrid-double,,2048,1024,256,continuous,pilot-02,53.17288780212402,,36396.0,18083.5,36042.0,57729.5
Scaling,14,735c8ee478eba92fd28bb5e1d1149a43e07eae2e9ef05f868652373001d02c4c,vdsp-native-hybrid-double,,1024,512,64,continuous,pilot-01,70.77051544189453,,15833.5,7426.75,15896.0,17583.0
Scaling,14,735c8ee478eba92fd28bb5e1d1149a43e07eae2e9ef05f868652373001d02c4c,vdsp-native-hybrid-double,,1024,512,64,continuous,pilot-02,58.05785369873047,,15708.5,7333.0,15750.5,16729.5
Scaling,15,5711812d32d5d0caddccc750586d90059dc3f33ffea96f0e0c3fb97b11b55c58,vdsp-native-hybrid-double,,4096,2048,64,continuous,pilot-01,39.042670249938965,,15833.5,15593.25,21354.0,36521.0
Scaling,15,5711812d32d5d0caddccc750586d90059dc3f33ffea96f0e0c3fb97b11b55c58,vdsp-native-hybrid-double,,4096,2048,64,continuous,pilot-02,34.33777618408203,,13708.5,12989.75,19875.0,49000.0
Stress,0,6a9012e33b0383109b7f731b58ea8b251981029f95893bccba84cc6649faaa77,core-matched-distributed-float,,2048,509,64,continuous,pilot-01,133.35342353266208,,29979.5,10354.0,30375.0,61791.5
Stress,0,6a9012e33b0383109b7f731b58ea8b251981029f95893bccba84cc6649faaa77,core-matched-distributed-float,,2048,509,64,continuous,pilot-02,155.13494213531436,,40208.5,12854.25,41187.0,54041.5
Stress,1,a7010e45d694e5d53f6c933f7bb3310d70eb0c9f9edb7d28964f58c8be9862d5,core-matched-distributed-float,,16384,257,64,continuous,pilot-01,663.0955739299611,,73521.0,56291.5,72000.0,74916.5
Stress,1,a7010e45d694e5d53f6c933f7bb3310d70eb0c9f9edb7d28964f58c8be9862d5,core-matched-distributed-float,,16384,257,64,continuous,pilot-02,696.8064582320039,,74062.5,58875.25,74020.5,86125.0
Stress,2,05f7464fcb987c6c68b190298e96e678cbcbc17fb27beca0bdd92c6a5a767c3c,core-matched-distributed-float,,2048,4096,64,continuous,pilot-01,24.6804461479187,,4375.0,1813.0,4417.0,5542.0
Stress,2,05f7464fcb987c6c68b190298e96e678cbcbc17fb27beca0bdd92c6a5a767c3c,core-matched-distributed-float,,2048,4096,64,continuous,pilot-02,24.69199514389038,,4229.5,1812.5,4437.5,30771.0
Stress,3,99d473ae7e60514f1ff0cff47a4a2010e88db8869725815e971c59a090454db4,core-matched-distributed-float,,2048,1024,64,continuous,pilot-01,58.149070739746094,,12103.5,4500.0,16583.5,42521.0
Stress,3,99d473ae7e60514f1ff0cff47a4a2010e88db8869725815e971c59a090454db4,core-matched-distributed-float,,2048,1024,64,continuous,pilot-02,49.80718421936035,,16000.0,3646.0,13729.5,22583.0
Stress,4,0fc7634ae3caaee3bb0c29672efe284f5807e150e0a4602a46d79987fef0dd97,pffft-native-hybrid-float,,2048,509,64,continuous,pilot-01,88.8377256262279,,14020.5,8250.25,14145.5,37729.0
Stress,4,0fc7634ae3caaee3bb0c29672efe284f5807e150e0a4602a46d79987fef0dd97,pffft-native-hybrid-float,,2048,509,64,continuous,pilot-02,82.02131170186641,,18687.5,5676.75,18895.5,60291.5
Stress,5,12414285ebb7951c97c227cf6deb941ad0dea73904daaf7e9a5e9e724987c8c6,pffft-native-hybrid-float,,16384,257,64,continuous,pilot-01,285.13174854085605,,54396.0,39343.75,53979.5,56020.5
Stress,5,12414285ebb7951c97c227cf6deb941ad0dea73904daaf7e9a5e9e724987c8c6,pffft-native-hybrid-float,,16384,257,64,continuous,pilot-02,241.883124088035,,44000.0,33458.25,43437.5,45791.5
Stress,6,e2949d4d18ae19bd1b57dfbbcf5861737528ec53c1ddc9d2dfb87710d65226d5,pffft-native-hybrid-float,,2048,4096,64,continuous,pilot-01,25.171584606170654,,4104.0,3958.0,7812.5,11562.5
Stress,6,e2949d4d18ae19bd1b57dfbbcf5861737528ec53c1ddc9d2dfb87710d65226d5,pffft-native-hybrid-float,,2048,4096,64,continuous,pilot-02,21.12006139755249,,5041.5,3249.5,8854.0,9208.0
Stress,7,994ef771f4914d35888972209d0edfa57bcf819b8203495900a2905e58930d42,pffft-native-hybrid-float,,2048,1024,64,continuous,pilot-01,55.480228424072266,,12104.5,6625.0,12291.5,15896.0
Stress,7,994ef771f4914d35888972209d0edfa57bcf819b8203495900a2905e58930d42,pffft-native-hybrid-float,,2048,1024,64,continuous,pilot-02,52.50874710083008,,11416.5,5896.5,11041.5,33250.0
Stress,8,42e0cac2418164b4f1bf899e0d6f408f61b9a50aa69a2b63646aa36b102cde8c,vdsp-native-hybrid-float,,2048,509,64,continuous,pilot-01,79.72454030574656,,13062.5,7250.0,13167.0,58687.5
Stress,8,42e0cac2418164b4f1bf899e0d6f408f61b9a50aa69a2b63646aa36b102cde8c,vdsp-native-hybrid-float,,2048,509,64,continuous,pilot-02,103.83930654469549,,17187.5,7583.5,17291.5,41458.5
Stress,9,f48196b9bd60a124873b702ab6fb7012b18eb072370fd8474f353b2eb28a3a6d,vdsp-native-hybrid-float,,16384,257,64,continuous,pilot-01,301.9500091196498,,45416.5,30520.75,45103.5,47166.5
Stress,9,f48196b9bd60a124873b702ab6fb7012b18eb072370fd8474f353b2eb28a3a6d,vdsp-native-hybrid-float,,16384,257,64,continuous,pilot-02,294.1852580860895,,40729.0,30187.75,40479.0,41562.0
Stress,10,e5126d47142f18621df582e2dc8486eee14af8921d77f99989de89fb0d48eb9f,vdsp-native-hybrid-float,,2048,4096,64,continuous,pilot-01,23.166842937469482,,4146.0,3354.5,5209.0,8813.0
Stress,10,e5126d47142f18621df582e2dc8486eee14af8921d77f99989de89fb0d48eb9f,vdsp-native-hybrid-float,,2048,4096,64,continuous,pilot-02,22.11629009246826,,4958.5,3041.5,9249.5,12666.5
Stress,11,12d4933feedb43a9636566b79d6345a1e78c6f8d84599d205ab6ca8202db877d,vdsp-native-hybrid-float,,2048,1024,64,continuous,pilot-01,48.16413879394531,,8083.5,5031.25,11542.0,44834.0
Stress,11,12d4933feedb43a9636566b79d6345a1e78c6f8d84599d205ab6ca8202db877d,vdsp-native-hybrid-float,,2048,1024,64,continuous,pilot-02,40.954580307006836,,7563.0,3895.5,14479.0,14687.5
