n,hop,repetition,mode,frames,frame_ns,call_p99_ns,call_max_ns,start_median_ns,finish_median_ns
1024,256,0,complete,64,7669.296875,42,8250,7750,7750
1024,256,0,incremental,64,7314.546875,42,834,542,750
1024,512,0,complete,64,7609.40625,42,7958,7666,7666
1024,512,0,incremental,64,7736.9375,42,875,542,791
2048,512,0,complete,64,16745.46875,42,17542,16625,16625
2048,512,0,incremental,64,16251.328125,42,1666,1125,1583
2048,1024,0,complete,64,17195.359375,42,18000,17208,17208
2048,1024,0,incremental,64,16438.828125,42,1917,1125,1542
4096,1024,0,complete,64,37687.46875,42,40583,36709,36709
4096,1024,0,incremental,64,36154.84375,42,3292,2792,3208
4096,2048,0,complete,64,38358.640625,42,38583,37875,37875
4096,2048,0,incremental,64,36819.703125,42,4167,2834,3166
16384,4096,0,complete,64,175733.703125,42,185375,174542,174542
16384,4096,0,incremental,64,167084.625,42,42791,9916,12167
16384,8192,0,complete,64,169787.734375,42,171666,168959,168959
16384,8192,0,incremental,64,164097.6875,42,12583,10667,12375
1024,256,1,incremental,64,7302.03125,42,792,542,750
1024,256,1,complete,64,7600.25,42,7709,7625,7625
1024,512,1,incremental,64,7547.484375,42,3958,542,750
1024,512,1,complete,64,7679.0625,42,7791,7625,7625
2048,512,1,incremental,64,15914.703125,42,1542,1125,1500
2048,512,1,complete,64,16828.75,42,16875,16666,16666
2048,1024,1,incremental,64,15895.859375,42,1542,1084,1500
2048,1024,1,complete,64,16646.484375,42,16875,16666,16666
4096,1024,1,incremental,64,34790.34375,42,3208,2667,3083
4096,1024,1,complete,64,36557.921875,42,37084,36667,36667
4096,2048,1,incremental,64,35390.65625,42,11959,2709,3083
4096,2048,1,complete,64,36912.125,42,40459,36667,36667
16384,4096,1,incremental,64,162225.265625,42,12834,10708,12375
16384,4096,1,complete,64,169753.171875,42,177500,169000,169000
16384,8192,1,incremental,64,163895.234375,42,13000,10625,12375
16384,8192,1,complete,64,169380.203125,42,188708,169042,169042
1024,256,2,complete,64,7615.890625,42,7709,7625,7625
1024,256,2,incremental,64,7300.09375,42,917,542,791
1024,512,2,complete,64,7626.296875,42,7917,7625,7625
1024,512,2,incremental,64,7517.625,42,4916,542,750
2048,512,2,complete,64,16663.40625,42,16916,16625,16625
2048,512,2,incremental,64,16114.609375,42,1667,1125,1500
2048,1024,2,complete,64,16718.125,42,17291,16667,16667
2048,1024,2,incremental,64,15912.15625,42,1625,1125,1500
4096,1024,2,complete,64,36625.671875,42,37667,36584,36584
4096,1024,2,incremental,64,35007.765625,42,3375,2709,3083
4096,2048,2,complete,64,36796.84375,42,38208,36666,36666
4096,2048,2,incremental,64,35717.4375,42,3084,2709,3042
16384,4096,2,complete,64,169678.390625,42,179417,169166,169166
16384,4096,2,incremental,64,162349.578125,42,13042,10708,12416
16384,8192,2,complete,64,170130.875,42,192709,169000,169000
16384,8192,2,incremental,64,164567.703125,42,17250,10666,12333
1024,256,3,incremental,64,7431.109375,42,875,542,750
1024,256,3,complete,64,7605.4375,42,7791,7625,7625
1024,512,3,incremental,64,7433.5,42,792,542,750
1024,512,3,complete,64,7611.953125,42,7792,7625,7625
2048,512,3,incremental,64,15916,42,1583,1125,1541
2048,512,3,complete,64,16708.296875,42,17167,16625,16625
2048,1024,3,incremental,64,15918.625,42,1542,1125,1500
2048,1024,3,complete,64,16656.28125,42,16875,16667,16667
4096,1024,3,incremental,64,34909.53125,42,3333,2750,3083
4096,1024,3,complete,64,36458.984375,42,39458,36625,36625
4096,2048,3,incremental,64,35627.59375,42,3167,2750,3042
4096,2048,3,complete,64,36477.15625,42,39375,36667,36667
16384,4096,3,incremental,64,162003.90625,42,13125,10708,12417
16384,4096,3,complete,64,169738.953125,42,174167,169041,169041
16384,8192,3,incremental,64,163843.765625,42,19959,10667,12375
16384,8192,3,complete,64,169403.6875,42,176000,169042,169042
1024,256,4,complete,64,7621.703125,42,7917,7625,7625
1024,256,4,incremental,64,7286.4375,42,792,542,750
1024,512,4,complete,64,7718.15625,42,22291,7625,7625
1024,512,4,incremental,64,7435.046875,42,792,542,750
2048,512,4,complete,64,16649.6875,42,22542,16666,16666
2048,512,4,incremental,64,16233.703125,42,10291,1125,1541
2048,1024,4,complete,64,16662.125,42,17417,16625,16625
2048,1024,4,incremental,64,15933.59375,42,1583,1125,1500
4096,1024,4,complete,64,36492.859375,42,39541,36667,36667
4096,1024,4,incremental,64,34870.421875,42,3291,2667,3083
4096,2048,4,complete,64,36537.8125,42,46209,36750,36750
4096,2048,4,incremental,64,35702.5,42,3333,2709,3083
16384,4096,4,complete,64,165526.734375,42,188291,168459,168459
16384,4096,4,incremental,64,162035.0625,42,12625,10667,12375
16384,8192,4,complete,64,171069.671875,42,186375,169083,169083
16384,8192,4,incremental,64,163642.5625,42,25458,10667,12375
1024,256,5,incremental,64,7307.953125,42,792,583,791
1024,256,5,complete,64,7613.9375,42,8167,7625,7625
1024,512,5,incremental,64,7601.546875,42,6459,542,791
1024,512,5,complete,64,7815.09375,42,17208,7667,7667
2048,512,5,incremental,64,16421.84375,42,1750,1166,1583
2048,512,5,complete,64,17221.984375,42,17584,17167,17167
2048,1024,5,incremental,64,16513.046875,42,1917,1125,1542
2048,1024,5,complete,64,16887.3125,42,17291,16667,16667
4096,1024,5,incremental,64,35063.078125,42,3666,2750,3084
4096,1024,5,complete,64,36936.875,42,43709,36750,36750
4096,2048,5,incremental,64,35515.59375,42,5000,2792,3042
4096,2048,5,complete,64,36515.015625,42,45875,36708,36708
16384,4096,5,incremental,64,161779.90625,42,12750,10667,12416
16384,4096,5,complete,64,169488.328125,42,174292,169041,169041
16384,8192,5,incremental,64,163786.40625,42,13125,10667,12375
16384,8192,5,complete,64,170095.6875,42,179625,169041,169041
1024,256,6,complete,64,7628.9375,42,11209,7625,7625
1024,256,6,incremental,64,7328.84375,42,833,542,750
1024,512,6,complete,64,7619.140625,42,7750,7625,7625
1024,512,6,incremental,64,7461.046875,42,833,542,750
2048,512,6,complete,64,16660.15625,42,20584,16667,16667
2048,512,6,incremental,64,15899.078125,42,1542,1125,1500
2048,1024,6,complete,64,16662.09375,42,16959,16625,16625
2048,1024,6,incremental,64,15914.703125,42,21209,1125,1500
4096,1024,6,complete,64,37106.171875,42,39041,36625,36625
4096,1024,6,incremental,64,34847.625,42,3625,2750,3083
4096,2048,6,complete,64,36432.328125,42,37500,36792,36792
4096,2048,6,incremental,64,35419.9375,42,3292,2750,3042
16384,4096,6,complete,64,169521.421875,42,189584,169042,169042
16384,4096,6,incremental,64,161707.640625,42,17459,10667,12417
16384,8192,6,complete,64,169510.453125,42,181125,169042,169042
16384,8192,6,incremental,64,164002.6875,42,19042,10625,12375
1024,256,7,incremental,64,7319.640625,42,792,542,791
1024,256,7,complete,64,7617.796875,42,23541,7625,7625
1024,512,7,incremental,64,7658.890625,42,875,542,750
1024,512,7,complete,64,7617.828125,42,7917,7625,7625
2048,512,7,incremental,64,15921.21875,42,9500,1125,1500
2048,512,7,complete,64,16862,42,30333,16625,16625
2048,1024,7,incremental,64,15906.921875,42,1542,1125,1500
2048,1024,7,complete,64,16651.6875,42,23375,16667,16667
4096,1024,7,incremental,64,35112.625,42,3292,2666,3083
4096,1024,7,complete,64,36683,42,39750,36584,36584
4096,2048,7,incremental,64,35602.90625,42,3167,2708,3042
4096,2048,7,complete,64,36620.484375,42,40250,36625,36625
16384,4096,7,incremental,64,162235.65625,42,41917,10417,12416
16384,4096,7,complete,64,166296.921875,42,185250,168542,168542
16384,8192,7,incremental,64,163647.09375,42,12625,10708,12375
16384,8192,7,complete,64,169440.15625,42,173584,169125,169125
1024,256,8,complete,64,7632.21875,42,7792,7625,7625
1024,256,8,incremental,64,7300.8125,42,792,542,791
1024,512,8,complete,64,7608.78125,42,9500,7625,7625
1024,512,8,incremental,64,7443.90625,42,792,542,750
2048,512,8,complete,64,16737.609375,42,16875,16625,16625
2048,512,8,incremental,64,15904.265625,42,1666,1125,1500
2048,1024,8,complete,64,16656.890625,42,16834,16625,16625
2048,1024,8,incremental,64,15905.609375,42,1667,1125,1500
4096,1024,8,complete,64,36634.140625,42,39375,36625,36625
4096,1024,8,incremental,64,35059.90625,42,20375,2833,3083
4096,2048,8,complete,64,36901.046875,42,39458,36667,36667
4096,2048,8,incremental,64,35594.40625,42,17666,2667,3083
16384,4096,8,complete,64,171127.5,42,183292,169083,169083
16384,4096,8,incremental,64,161798.140625,42,13209,10708,12417
16384,8192,8,complete,64,169459.640625,42,172167,169042,169042
16384,8192,8,incremental,64,163809.296875,42,13000,10708,12375
