precision,n,schedules,reference_bins,max_scaled_error
float,4,60,48,3.57627869985e-08
float,8,60,96,5.49318616698e-08
float,16,60,192,8.68216121732e-08
float,32,60,384,5.98436956607e-08
float,64,60,768,7.06150555862e-08
float,128,60,1536,8.06730712555e-08
float,256,60,0,0
float,512,60,0,0
float,1024,60,0,0
float,2048,60,0,0
float,4096,60,0,0
double,4,60,48,3.5527136788e-16
double,8,60,96,1.02292682733e-15
double,16,60,192,4.98415393685e-15
double,32,60,384,5.64195611391e-15
double,64,60,768,7.97749177954e-15
double,128,60,1536,1.05239859753e-14
double,256,60,0,0
double,512,60,0,0
double,1024,60,0,0
double,2048,60,0,0
double,4096,60,0,0
