n,scale,live,repeat,ns_per_sample,p99_ns,max_ns
2048,0,0,0,33.599590386,11167.000000000,15666.000000000
2048,0,0,1,33.930270725,11417.000000000,27917.000000000
2048,0,0,2,34.224518500,11334.000000000,16458.000000000
2048,0,0,3,34.283144803,11375.000000000,13959.000000000
2048,0,0,4,34.199198405,11334.000000000,29000.000000000
2048,0,1,0,41.339276801,16500.000000000,33083.000000000
2048,0,1,1,40.651387533,15542.000000000,32125.000000000
2048,0,1,2,40.968515354,15792.000000000,30542.000000000
2048,0,1,3,40.669222005,15542.000000000,27791.000000000
2048,0,1,4,40.982617188,15833.000000000,19958.000000000
2048,1,0,0,39.942662218,14292.000000000,99417.000000000
2048,1,0,1,39.453457303,14250.000000000,20417.000000000
2048,1,0,2,39.951798503,14292.000000000,19292.000000000
2048,1,0,3,40.017367893,14292.000000000,23416.000000000
2048,1,0,4,39.953468153,14292.000000000,17417.000000000
2048,1,1,0,51.598301866,27583.000000000,30250.000000000
2048,1,1,1,51.554153103,27583.000000000,32750.000000000
2048,1,1,2,51.589392090,27584.000000000,36584.000000000
2048,1,1,3,51.640303548,27584.000000000,33292.000000000
2048,1,1,4,51.042749023,27542.000000000,40375.000000000
2048,2,0,0,39.967658149,14291.000000000,19042.000000000
2048,2,0,1,40.023220486,14292.000000000,19416.000000000
2048,2,0,2,40.070521376,14292.000000000,33542.000000000
2048,2,0,3,39.960146756,14292.000000000,17375.000000000
2048,2,0,4,40.010626899,14292.000000000,33667.000000000
2048,2,1,0,51.591255697,27583.000000000,30375.000000000
2048,2,1,1,51.582465278,27584.000000000,32667.000000000
2048,2,1,2,51.688305664,27625.000000000,50000.000000000
2048,2,1,3,51.646398926,27584.000000000,32667.000000000
2048,2,1,4,51.618895128,27625.000000000,35292.000000000
16384,0,0,0,189.816486274,80625.000000000,88916.000000000
16384,0,0,1,191.353142632,81666.000000000,97708.000000000
16384,0,0,2,189.996363661,80708.000000000,102958.000000000
16384,0,0,3,190.658213976,81500.000000000,86208.000000000
16384,0,0,4,191.707891168,81709.000000000,86083.000000000
16384,0,1,0,243.234130859,103542.000000000,117166.000000000
16384,0,1,1,242.243400065,103500.000000000,125666.000000000
16384,0,1,2,239.578784180,101625.000000000,111667.000000000
16384,0,1,3,243.286264377,105833.000000000,139208.000000000
16384,0,1,4,243.458547635,103791.000000000,125500.000000000
16384,1,0,0,234.378203668,94084.000000000,107834.000000000
16384,1,0,1,234.541400825,94291.000000000,106750.000000000
16384,1,0,2,234.397549099,93958.000000000,108667.000000000
16384,1,0,3,234.412326389,93917.000000000,109917.000000000
16384,1,0,4,234.324997287,94042.000000000,107042.000000000
16384,1,1,0,315.599038357,199375.000000000,216458.000000000
16384,1,1,1,315.666191949,199375.000000000,206750.000000000
16384,1,1,2,315.638342285,199334.000000000,205208.000000000
16384,1,1,3,315.292329915,199375.000000000,204708.000000000
16384,1,1,4,311.950084093,196084.000000000,209417.000000000
16384,2,0,0,233.853415256,94166.000000000,194667.000000000
16384,2,0,1,234.719425456,94458.000000000,108041.000000000
16384,2,0,2,234.649777561,94375.000000000,114542.000000000
16384,2,0,3,234.465441895,94250.000000000,104291.000000000
16384,2,0,4,234.480419922,94208.000000000,110792.000000000
16384,2,1,0,315.721389431,199375.000000000,206750.000000000
16384,2,1,1,315.870149740,199375.000000000,209208.000000000
16384,2,1,2,315.776953125,199375.000000000,206958.000000000
16384,2,1,3,315.795648872,199417.000000000,204583.000000000
16384,2,1,4,315.831050618,199416.000000000,206958.000000000
