n,hop,repetition,buffer_ns,reconstruct_ns,post_ns
1024,256,0,2037.73,3853.59,14699.2
1024,256,1,655.641,817.062,4407.55
1024,256,2,640.609,813.141,4365.92
1024,256,3,638.047,814.438,4365.33
1024,256,4,643.844,813.859,4363.89
1024,256,5,641.312,814.422,4372.39
1024,256,6,643.219,813.234,4366.55
1024,256,7,642.562,811.25,4366.55
1024,256,8,644.547,815.719,4361.36
4096,1024,0,3190.75,3235.73,18210.2
4096,1024,1,3246.78,3250.61,17824.3
4096,1024,2,3233.73,3248.05,18300.1
4096,1024,3,3217.42,3235.66,18725.8
4096,1024,4,3289.09,3229.83,18472.6
4096,1024,5,3244.14,3237.56,18541.1
4096,1024,6,3208.98,3229.91,18609.3
4096,1024,7,3218.11,3231.08,18760.4
4096,1024,8,3216.83,3231.81,18751.9
16384,4096,0,11975.2,13193.3,69666.7
16384,4096,1,11979.1,13405.6,69620.3
16384,4096,2,11970.6,13235.1,69718.7
16384,4096,3,11995.3,13460.2,69615.9
16384,4096,4,11990.9,13177.1,69643.3
16384,4096,5,11977.9,13260.4,69613.3
16384,4096,6,11985.7,13201.8,69740.9
16384,4096,7,11966.1,13200.6,69924.4
16384,4096,8,12001.3,13261.7,69664.1
