version,batch,workload,repeat,draw_us_per_frame,engine_us_per_sample,uploads
before,1,frozen,0,6430.25452,0,121
before,1,frozen,1,7188.21675,0,121
before,1,frozen,2,6416.68747,0,121
before,1,frozen,3,6385.90553,0,121
before,1,frozen,4,7148.55065,0,121
before,1,frozen,5,6386.39857,0,121
before,1,frozen,6,6399.26143,0,121
before,1,running,0,7101.08859,0.0358346146,121
before,1,running,1,6402.49655,0.0349387708,121
before,1,running,2,6244.58755,0.0344587292,121
before,1,running,3,5939.34863,0.0312412917,121
before,1,running,4,6048.88201,0.0321418958,121
before,1,running,5,6411.74758,0.0364661146,121
before,1,running,6,6225.36806,0.0358524583,121
before,1,settings,0,6711.79309,0,121
before,1,settings,1,7139.98861,0,121
before,1,settings,2,6487.20073,0,121
before,1,settings,3,6538.14586,0,121
before,1,settings,4,7349.05276,0,121
before,1,settings,5,6549.37502,0,121
before,1,settings,6,6494.36188,0,121
before,1,engine,0,0.0257166667,0.0316281637,1
before,1,engine,1,0.0326666667,0.0468106145,1
before,1,engine,2,0.025325,0.0316273794,1
before,1,engine,3,0.0253916667,0.0316070669,1
before,1,engine,4,0.020075,0.0314874359,1
before,1,engine,5,0.0219083333,0.0311548238,1
before,1,engine,6,0.0225916667,0.0316467705,1
before,2,frozen,0,6521.62915,0,121
before,2,frozen,1,6471.11803,0,121
before,2,frozen,2,6658.17809,0,121
before,2,frozen,3,7432.83717,0,121
before,2,frozen,4,6612.96423,0,121
before,2,frozen,5,6366.97916,0,121
before,2,frozen,6,6967.10866,0,121
before,2,running,0,6234.60938,0.0353758125,121
before,2,running,1,6224.88016,0.0345781875,121
before,2,running,2,6832.61318,0.0368142813,121
before,2,running,3,6319.15553,0.0357321979,121
before,2,running,4,6360.61424,0.0356418854,121
before,2,running,5,6265.38617,0.0360095625,121
before,2,running,6,6306.87016,0.0357630417,121
before,2,settings,0,6080.01462,0,121
before,2,settings,1,6059.90137,0,121
before,2,settings,2,5750.07846,0,121
before,2,settings,3,5830.32259,0,121
before,2,settings,4,5741.77572,0,121
before,2,settings,5,5764.66837,0,121
before,2,settings,6,5727.19758,0,121
before,2,engine,0,0.027,0.0306990852,1
before,2,engine,1,0.0302333333,0.0306869186,1
before,2,engine,2,0.03265,0.0307300563,1
before,2,engine,3,0.0295083333,0.0307878609,1
before,2,engine,4,0.0312333333,0.0307037148,1
before,2,engine,5,0.0295083333,0.0307032796,1
before,2,engine,6,0.0312166667,0.0306354212,1
after,1,frozen,0,2.80281667,0,1
after,1,frozen,1,0.877041667,0,1
after,1,frozen,2,0.8007,0,1
after,1,frozen,3,0.7823,0,1
after,1,frozen,4,0.782275,0,1
after,1,frozen,5,0.778858333,0,1
after,1,frozen,6,0.765991667,0,1
after,1,running,0,61.637125,0.0342296562,95
after,1,running,1,50.9159333,0.0334236354,95
after,1,running,2,83.7009833,0.0612265521,95
after,1,running,3,59.7399583,0.04206375,95
after,1,running,4,65.16665,0.052129375,95
after,1,running,5,53.779525,0.0334157396,95
after,1,running,6,52.9631833,0.0333611146,95
after,1,settings,0,5538.62915,0,120
after,1,settings,1,6271.51591,0,120
after,1,settings,2,4297.042,0,120
after,1,settings,3,3905.58716,0,120
after,1,settings,4,3859.31771,0,120
after,1,settings,5,3838.87558,0,120
after,1,settings,6,4028.95416,0,120
after,1,engine,0,0.0271166667,0.0344172366,1
after,1,engine,1,0.027825,0.0453484851,1
after,1,engine,2,0.0281333333,0.045648393,1
after,1,engine,3,0.0291416667,0.0427683947,1
after,1,engine,4,0.030225,0.0506689702,1
after,1,engine,5,0.0291916667,0.0480970268,1
after,1,engine,6,0.0344,0.0742007769,1
after,2,frozen,0,0.8101,0,1
after,2,frozen,1,0.8136,0,1
after,2,frozen,2,0.820133333,0,1
after,2,frozen,3,0.802483333,0,1
after,2,frozen,4,0.770141667,0,1
after,2,frozen,5,0.791991667,0,1
after,2,frozen,6,0.805525,0,1
after,2,running,0,54.866025,0.0348719063,95
after,2,running,1,54.1938167,0.0339725938,95
after,2,running,2,51.4239333,0.0340169792,95
after,2,running,3,65.2844,0.0450855,95
after,2,running,4,51.11805,0.113858427,95
after,2,running,5,53.6948333,0.0334617292,95
after,2,running,6,51.609,0.0334990729,95
after,2,settings,0,6703.37708,0,120
after,2,settings,1,5994.79027,0,120
after,2,settings,2,5763.70248,0,120
after,2,settings,3,5311.78926,0,120
after,2,settings,4,5321.95006,0,120
after,2,settings,5,5177.58646,0,120
after,2,settings,6,4537.04443,0,120
after,2,engine,0,0.0219083333,0.0333521517,1
after,2,engine,1,0.023225,0.0332185534,1
after,2,engine,2,0.0295166667,0.0331636108,1
after,2,engine,3,0.0222333333,0.0333504359,1
after,2,engine,4,0.0250416667,0.0325035726,1
after,2,engine,5,0.02495,0.0328453712,1
after,2,engine,6,0.023625,0.0328249817,1
