stratum,host,config_sha256,alignment,backend,block,cache_mib,callback_offset,callbacks,count,hop,load,n,pass_name,rate,smooth,state,transition_control,transition_suite,voices,warm_hops,session,repeat,cost,cost_unit,observations,observation_window_samples,observation_window_seconds,publication_audit_rows,timed_total_ns,timed_total_us,p50_ns,p95_ns,p99_ns,observed_max_ns,p50_us,p95_us,p99_us,observed_max_us,callback_budget_us,observed_compute_budget_exceedances,compute_budget_exceedance_fraction,timer_p99_us,timer_max_us,publication_delay_ms,center_offset_ms,playback_delay_ms,spectrum_center_age_ms,callback_visible_age_min_ms,callback_visible_age_max_ms,raw,raw_sha256
3aeff8d50243a034,m1-pro-16gb-local,015848996f04bad3f9e2cabd656c5dbef77271064f079674caa78acdd1a0a2b7,aligned,pffft-hybrid-float,64,0,0,37,1,37,0,128,callback,48000,0,startup,False,interactive-v1,1,0,spec012-confirm-01,0,61.2335304054054,ns/engine-sample,37,2368,0.04933333333333333,102,145001.0,145.001,3708.0,13375.0,16459.0,16459.0,3.708,13.375,16.459,16.459,1333.3333333333333,0,0.0,0.042,0.042,,,,,,,/Users/christiankauten/Documents/Projects/Rack/plugins/Fourier/.build/spec012/confirm-01-transitions/workload-0004-repeat-00.csv,53fbdb3f820b0a1660c0b90f46b1e90150bc687b9b3d32f17be2583ac94a09f1
3aeff8d50243a034,m1-pro-16gb-local,015848996f04bad3f9e2cabd656c5dbef77271064f079674caa78acdd1a0a2b7,aligned,pffft-hybrid-float,64,0,0,37,1,37,0,128,callback,48000,0,startup,False,interactive-v1,1,0,spec012-confirm-01,1,60.42567567567568,ns/engine-sample,37,2368,0.04933333333333333,102,143088.0,143.088,3666.0,13250.0,16334.0,16334.0,3.666,13.25,16.334,16.334,1333.3333333333333,0,0.0,0.042,0.042,,,,,,,/Users/christiankauten/Documents/Projects/Rack/plugins/Fourier/.build/spec012/confirm-01-transitions/workload-0004-repeat-01.csv,1d9df06ed2bec34b1deb18af5584e5cdf6d19baae83f73bddcdbe1c4deca4bf6
3aeff8d50243a034,m1-pro-16gb-local,015848996f04bad3f9e2cabd656c5dbef77271064f079674caa78acdd1a0a2b7,aligned,pffft-hybrid-float,64,0,0,37,1,37,0,128,callback,48000,0,startup,False,interactive-v1,1,0,spec012-confirm-01,2,60.475929054054056,ns/engine-sample,37,2368,0.04933333333333333,102,143207.0,143.207,3666.0,13334.0,16167.0,16167.0,3.666,13.334,16.167,16.167,1333.3333333333333,0,0.0,0.042,0.042,,,,,,,/Users/christiankauten/Documents/Projects/Rack/plugins/Fourier/.build/spec012/confirm-01-transitions/workload-0004-repeat-02.csv,1d1048a175a2372472a875501bb65363d9ef4870e044f9329087fbd3348a141d
3aeff8d50243a034,m1-pro-16gb-local,015848996f04bad3f9e2cabd656c5dbef77271064f079674caa78acdd1a0a2b7,aligned,pffft-hybrid-float,64,0,0,37,1,37,0,128,callback,48000,0,startup,False,interactive-v1,1,0,spec012-confirm-02,0,61.038851351351354,ns/engine-sample,37,2368,0.04933333333333333,102,144540.0,144.54,3708.0,13375.0,16333.0,16333.0,3.708,13.375,16.333,16.333,1333.3333333333333,0,0.0,0.042,0.042,,,,,,,/Users/christiankauten/Documents/Projects/Rack/plugins/Fourier/.build/spec012/confirm-02-transitions/workload-0004-repeat-00.csv,d5872e367ed761f8ce4ec463ad105cba9cbef7e3b01c17c6bed1d27f71a86fa4
3aeff8d50243a034,m1-pro-16gb-local,015848996f04bad3f9e2cabd656c5dbef77271064f079674caa78acdd1a0a2b7,aligned,pffft-hybrid-float,64,0,0,37,1,37,0,128,callback,48000,0,startup,False,interactive-v1,1,0,spec012-confirm-02,1,60.423986486486484,ns/engine-sample,37,2368,0.04933333333333333,102,143084.0,143.084,3667.0,13333.0,16125.0,16125.0,3.667,13.333,16.125,16.125,1333.3333333333333,0,0.0,0.042,0.125,,,,,,,/Users/christiankauten/Documents/Projects/Rack/plugins/Fourier/.build/spec012/confirm-02-transitions/workload-0004-repeat-01.csv,65a85e2d405fc17f38fbfe502c662d67552ad82cea7f32bb6d4128579151d1e7
3aeff8d50243a034,m1-pro-16gb-local,015848996f04bad3f9e2cabd656c5dbef77271064f079674caa78acdd1a0a2b7,aligned,pffft-hybrid-float,64,0,0,37,1,37,0,128,callback,48000,0,startup,False,interactive-v1,1,0,spec012-confirm-02,2,60.80996621621622,ns/engine-sample,37,2368,0.04933333333333333,102,143998.0,143.998,3667.0,13375.0,16417.0,16417.0,3.667,13.375,16.417,16.417,1333.3333333333333,0,0.0,0.042,0.042,,,,,,,/Users/christiankauten/Documents/Projects/Rack/plugins/Fourier/.build/spec012/confirm-02-transitions/workload-0004-repeat-02.csv,829090c5eccd25af153e4356fc82f7ebab153db2f90c27d1880139449c64277e
3aeff8d50243a034,m1-pro-16gb-local,015848996f04bad3f9e2cabd656c5dbef77271064f079674caa78acdd1a0a2b7,aligned,pffft-hybrid-float,64,0,0,37,1,37,0,128,callback,48000,0,startup,False,interactive-v1,1,0,spec012-confirm-03,0,60.882601351351354,ns/engine-sample,37,2368,0.04933333333333333,102,144170.0,144.17,3667.0,13250.0,16375.0,16375.0,3.667,13.25,16.375,16.375,1333.3333333333333,0,0.0,0.042,0.042,,,,,,,/Users/christiankauten/Documents/Projects/Rack/plugins/Fourier/.build/spec012/confirm-03-transitions/workload-0004-repeat-00.csv,9093b03f18a2b4a9328a5e3fd4b504539b1e0569300d53c6930a0d77ffc5eb1a
3aeff8d50243a034,m1-pro-16gb-local,015848996f04bad3f9e2cabd656c5dbef77271064f079674caa78acdd1a0a2b7,aligned,pffft-hybrid-float,64,0,0,37,1,37,0,128,callback,48000,0,startup,False,interactive-v1,1,0,spec012-confirm-03,1,60.63429054054054,ns/engine-sample,37,2368,0.04933333333333333,102,143582.0,143.582,3666.0,13333.0,16209.0,16209.0,3.666,13.333,16.209,16.209,1333.3333333333333,0,0.0,0.042,0.083,,,,,,,/Users/christiankauten/Documents/Projects/Rack/plugins/Fourier/.build/spec012/confirm-03-transitions/workload-0004-repeat-01.csv,f835e789f7bd5d0fcb580a9131df4a6b31876906905e0ee992fec3c99b45ec13
3aeff8d50243a034,m1-pro-16gb-local,015848996f04bad3f9e2cabd656c5dbef77271064f079674caa78acdd1a0a2b7,aligned,pffft-hybrid-float,64,0,0,37,1,37,0,128,callback,48000,0,startup,False,interactive-v1,1,0,spec012-confirm-03,2,60.77491554054054,ns/engine-sample,37,2368,0.04933333333333333,102,143915.0,143.915,3667.0,13292.0,16416.0,16416.0,3.667,13.292,16.416,16.416,1333.3333333333333,0,0.0,0.042,0.042,,,,,,,/Users/christiankauten/Documents/Projects/Rack/plugins/Fourier/.build/spec012/confirm-03-transitions/workload-0004-repeat-02.csv,faf54e38bf4525c8824826e7ee97492a2d25efa1ff69ec2463f0a8813692545c
3aeff8d50243a034,m1-pro-16gb-local,2fa72e585a1b395273aa78ae0f4350449b999b41b0bf34edee0871817c18c6c3,aligned,core-float,64,0,0,37,1,37,0,128,callback,48000,0,startup,True,interactive-v1,1,0,spec012-confirm-01,0,30.1245777027027,ns/engine-sample,37,2368,0.04933333333333333,64,71335.0,71.335,1792.0,2375.0,6542.0,6542.0,1.792,2.375,6.542,6.542,1333.3333333333333,0,0.0,0.042,0.042,,,,,,,/Users/christiankauten/Documents/Projects/Rack/plugins/Fourier/.build/spec012/confirm-01-transitions/workload-0001-repeat-00.csv,dfb7766f25302369a940c670ba8f7f37c4f905d34282b22aa577fd006ce1837e
3aeff8d50243a034,m1-pro-16gb-local,2fa72e585a1b395273aa78ae0f4350449b999b41b0bf34edee0871817c18c6c3,aligned,core-float,64,0,0,37,1,37,0,128,callback,48000,0,startup,True,interactive-v1,1,0,spec012-confirm-01,1,30.00337837837838,ns/engine-sample,37,2368,0.04933333333333333,64,71048.0,71.048,1791.0,2375.0,6417.0,6417.0,1.791,2.375,6.417,6.417,1333.3333333333333,0,0.0,0.042,0.042,,,,,,,/Users/christiankauten/Documents/Projects/Rack/plugins/Fourier/.build/spec012/confirm-01-transitions/workload-0001-repeat-01.csv,bf41995f2d52630e11a869164fe033ecc145688765b5907b5302b212ba61212b
3aeff8d50243a034,m1-pro-16gb-local,2fa72e585a1b395273aa78ae0f4350449b999b41b0bf34edee0871817c18c6c3,aligned,core-float,64,0,0,37,1,37,0,128,callback,48000,0,startup,True,interactive-v1,1,0,spec012-confirm-01,2,30.12373310810811,ns/engine-sample,37,2368,0.04933333333333333,64,71333.0,71.333,1792.0,2542.0,6458.0,6458.0,1.792,2.542,6.458,6.458,1333.3333333333333,0,0.0,0.042,0.042,,,,,,,/Users/christiankauten/Documents/Projects/Rack/plugins/Fourier/.build/spec012/confirm-01-transitions/workload-0001-repeat-02.csv,581c1bad6010c18e4ffedae7d8dc012ee9ef0bfee5f57f4cb5743c51623ab820
3aeff8d50243a034,m1-pro-16gb-local,2fa72e585a1b395273aa78ae0f4350449b999b41b0bf34edee0871817c18c6c3,aligned,core-float,64,0,0,37,1,37,0,128,callback,48000,0,startup,True,interactive-v1,1,0,spec012-confirm-02,0,30.122466216216218,ns/engine-sample,37,2368,0.04933333333333333,64,71330.0,71.33,1792.0,2416.0,6167.0,6167.0,1.792,2.416,6.167,6.167,1333.3333333333333,0,0.0,0.042,0.042,,,,,,,/Users/christiankauten/Documents/Projects/Rack/plugins/Fourier/.build/spec012/confirm-02-transitions/workload-0001-repeat-00.csv,0ab7f17ad6dbb4ebf4af55a73a2f5c79df62b95ccb64282c2a09c907acb80cd9
3aeff8d50243a034,m1-pro-16gb-local,2fa72e585a1b395273aa78ae0f4350449b999b41b0bf34edee0871817c18c6c3,aligned,core-float,64,0,0,37,1,37,0,128,callback,48000,0,startup,True,interactive-v1,1,0,spec012-confirm-02,1,29.8589527027027,ns/engine-sample,37,2368,0.04933333333333333,64,70706.0,70.706,1791.0,2500.0,5959.0,5959.0,1.791,2.5,5.959,5.959,1333.3333333333333,0,0.0,0.042,0.042,,,,,,,/Users/christiankauten/Documents/Projects/Rack/plugins/Fourier/.build/spec012/confirm-02-transitions/workload-0001-repeat-01.csv,7a5235abe5934f293689cc508284ec7287b0dc78b2c16763be6417a3f06d2cc0
3aeff8d50243a034,m1-pro-16gb-local,2fa72e585a1b395273aa78ae0f4350449b999b41b0bf34edee0871817c18c6c3,aligned,core-float,64,0,0,37,1,37,0,128,callback,48000,0,startup,True,interactive-v1,1,0,spec012-confirm-02,2,30.36908783783784,ns/engine-sample,37,2368,0.04933333333333333,64,71914.0,71.914,1792.0,2458.0,6541.0,6541.0,1.792,2.458,6.541,6.541,1333.3333333333333,0,0.0,0.042,0.042,,,,,,,/Users/christiankauten/Documents/Projects/Rack/plugins/Fourier/.build/spec012/confirm-02-transitions/workload-0001-repeat-02.csv,0cb152c71893d5a09bb5f17be0468355971813fdb3d50b6f5d2a5a1494240353
3aeff8d50243a034,m1-pro-16gb-local,2fa72e585a1b395273aa78ae0f4350449b999b41b0bf34edee0871817c18c6c3,aligned,core-float,64,0,0,37,1,37,0,128,callback,48000,0,startup,True,interactive-v1,1,0,spec012-confirm-03,0,30.28293918918919,ns/engine-sample,37,2368,0.04933333333333333,64,71710.0,71.71,1791.0,2542.0,6750.0,6750.0,1.791,2.542,6.75,6.75,1333.3333333333333,0,0.0,0.042,0.042,,,,,,,/Users/christiankauten/Documents/Projects/Rack/plugins/Fourier/.build/spec012/confirm-03-transitions/workload-0001-repeat-00.csv,5a151d78289fbee749f9b38835ae66af333d42ec65a1e225c2db5818891da940
3aeff8d50243a034,m1-pro-16gb-local,2fa72e585a1b395273aa78ae0f4350449b999b41b0bf34edee0871817c18c6c3,aligned,core-float,64,0,0,37,1,37,0,128,callback,48000,0,startup,True,interactive-v1,1,0,spec012-confirm-03,1,30.44045608108108,ns/engine-sample,37,2368,0.04933333333333333,64,72083.0,72.083,1792.0,2417.0,6333.0,6333.0,1.792,2.417,6.333,6.333,1333.3333333333333,0,0.0,0.042,0.042,,,,,,,/Users/christiankauten/Documents/Projects/Rack/plugins/Fourier/.build/spec012/confirm-03-transitions/workload-0001-repeat-01.csv,f7042299b521ad30b13078b6f6c638915dbef0f99b8d484b542a6767b2511447
3aeff8d50243a034,m1-pro-16gb-local,2fa72e585a1b395273aa78ae0f4350449b999b41b0bf34edee0871817c18c6c3,aligned,core-float,64,0,0,37,1,37,0,128,callback,48000,0,startup,True,interactive-v1,1,0,spec012-confirm-03,2,29.964949324324323,ns/engine-sample,37,2368,0.04933333333333333,64,70957.0,70.957,1750.0,2542.0,6375.0,6375.0,1.75,2.542,6.375,6.375,1333.3333333333333,0,0.0,0.042,0.042,,,,,,,/Users/christiankauten/Documents/Projects/Rack/plugins/Fourier/.build/spec012/confirm-03-transitions/workload-0001-repeat-02.csv,3daffb7f64ab0748abea00d2b469d921e60136fa0031442ff66811c833355443
3aeff8d50243a034,m1-pro-16gb-local,3bc3df13048eec7e02afa7e1474391d9dbceb98da439d5f7789ea3aa51a36f22,aligned,core-float,64,0,0,1024,1,1024,0,2048,callback,48000,0,startup,True,interactive-v1,1,0,spec012-confirm-01,0,21.7044677734375,ns/engine-sample,1024,65536,1.3653333333333333,64,1422424.0,1422.424,1291.0,1917.0,1959.0,12875.0,1.291,1.917,1.959,12.875,1333.3333333333333,0,0.0,0.042,0.042,,,,,,,/Users/christiankauten/Documents/Projects/Rack/plugins/Fourier/.build/spec012/confirm-01-transitions/workload-0009-repeat-00.csv,38f4e677bd488bbb2abdac3a243d00676e9fbd65785d2d51e9ab695e5620b7f4
3aeff8d50243a034,m1-pro-16gb-local,3bc3df13048eec7e02afa7e1474391d9dbceb98da439d5f7789ea3aa51a36f22,aligned,core-float,64,0,0,1024,1,1024,0,2048,callback,48000,0,startup,True,interactive-v1,1,0,spec012-confirm-01,1,21.5340576171875,ns/engine-sample,1024,65536,1.3653333333333333,64,1411256.0,1411.256,1292.0,1917.0,1959.0,5792.0,1.292,1.917,1.959,5.792,1333.3333333333333,0,0.0,0.042,0.042,,,,,,,/Users/christiankauten/Documents/Projects/Rack/plugins/Fourier/.build/spec012/confirm-01-transitions/workload-0009-repeat-01.csv,331c76cf3944bb661a64da8827063ad258a4e12c718ad89011890e288793ed63
3aeff8d50243a034,m1-pro-16gb-local,3bc3df13048eec7e02afa7e1474391d9dbceb98da439d5f7789ea3aa51a36f22,aligned,core-float,64,0,0,1024,1,1024,0,2048,callback,48000,0,startup,True,interactive-v1,1,0,spec012-confirm-01,2,21.931961059570312,ns/engine-sample,1024,65536,1.3653333333333333,64,1437333.0,1437.333,1292.0,1917.0,2084.0,22375.0,1.292,1.917,2.084,22.375,1333.3333333333333,0,0.0,0.042,0.042,,,,,,,/Users/christiankauten/Documents/Projects/Rack/plugins/Fourier/.build/spec012/confirm-01-transitions/workload-0009-repeat-02.csv,9d7f8085320bd6eefb092ae81a4095322186f1eeabd771e4351d8106d71da355
3aeff8d50243a034,m1-pro-16gb-local,3bc3df13048eec7e02afa7e1474391d9dbceb98da439d5f7789ea3aa51a36f22,aligned,core-float,64,0,0,1024,1,1024,0,2048,callback,48000,0,startup,True,interactive-v1,1,0,spec012-confirm-02,0,21.74066162109375,ns/engine-sample,1024,65536,1.3653333333333333,64,1424796.0,1424.796,1292.0,1917.0,2000.0,11958.0,1.292,1.917,2.0,11.958,1333.3333333333333,0,0.0,0.042,0.042,,,,,,,/Users/christiankauten/Documents/Projects/Rack/plugins/Fourier/.build/spec012/confirm-02-transitions/workload-0009-repeat-00.csv,8831d1333094075c86814b35aaf16319f36476da61c13d9b523a2be2a7ebf3e4
3aeff8d50243a034,m1-pro-16gb-local,3bc3df13048eec7e02afa7e1474391d9dbceb98da439d5f7789ea3aa51a36f22,aligned,core-float,64,0,0,1024,1,1024,0,2048,callback,48000,0,startup,True,interactive-v1,1,0,spec012-confirm-02,1,21.523040771484375,ns/engine-sample,1024,65536,1.3653333333333333,64,1410534.0,1410.534,1291.0,1917.0,2000.0,5542.0,1.291,1.917,2.0,5.542,1333.3333333333333,0,0.0,0.042,0.042,,,,,,,/Users/christiankauten/Documents/Projects/Rack/plugins/Fourier/.build/spec012/confirm-02-transitions/workload-0009-repeat-01.csv,683bd927ea6e7af9b607fe1c2d9fd2bc0e2581aaeca82e509220387e402e2527
3aeff8d50243a034,m1-pro-16gb-local,3bc3df13048eec7e02afa7e1474391d9dbceb98da439d5f7789ea3aa51a36f22,aligned,core-float,64,0,0,1024,1,1024,0,2048,callback,48000,0,startup,True,interactive-v1,1,0,spec012-confirm-02,2,21.962997436523438,ns/engine-sample,1024,65536,1.3653333333333333,64,1439367.0,1439.367,1292.0,1959.0,2000.0,10916.0,1.292,1.959,2.0,10.916,1333.3333333333333,0,0.0,0.042,0.042,,,,,,,/Users/christiankauten/Documents/Projects/Rack/plugins/Fourier/.build/spec012/confirm-02-transitions/workload-0009-repeat-02.csv,8c63732e9cc8eea87e9d354e6e5547f283b359dc7ed20938898fc06473497244
3aeff8d50243a034,m1-pro-16gb-local,3bc3df13048eec7e02afa7e1474391d9dbceb98da439d5f7789ea3aa51a36f22,aligned,core-float,64,0,0,1024,1,1024,0,2048,callback,48000,0,startup,True,interactive-v1,1,0,spec012-confirm-03,0,21.704559326171875,ns/engine-sample,1024,65536,1.3653333333333333,64,1422430.0,1422.43,1292.0,1917.0,2000.0,10917.0,1.292,1.917,2.0,10.917,1333.3333333333333,0,0.0,0.042,0.042,,,,,,,/Users/christiankauten/Documents/Projects/Rack/plugins/Fourier/.build/spec012/confirm-03-transitions/workload-0009-repeat-00.csv,c0078a8816f24a8d760f38553fbb3bada57b4365394dcfbd2ee5fb002e061845
3aeff8d50243a034,m1-pro-16gb-local,3bc3df13048eec7e02afa7e1474391d9dbceb98da439d5f7789ea3aa51a36f22,aligned,core-float,64,0,0,1024,1,1024,0,2048,callback,48000,0,startup,True,interactive-v1,1,0,spec012-confirm-03,1,21.842269897460938,ns/engine-sample,1024,65536,1.3653333333333333,64,1431455.0,1431.455,1292.0,1917.0,2041.0,6000.0,1.292,1.917,2.041,6.0,1333.3333333333333,0,0.0,0.042,0.042,,,,,,,/Users/christiankauten/Documents/Projects/Rack/plugins/Fourier/.build/spec012/confirm-03-transitions/workload-0009-repeat-01.csv,c0b09537840586b8cc6cae15cab2f93f747db7ce737e70b68c7af58f8df1119a
3aeff8d50243a034,m1-pro-16gb-local,3bc3df13048eec7e02afa7e1474391d9dbceb98da439d5f7789ea3aa51a36f22,aligned,core-float,64,0,0,1024,1,1024,0,2048,callback,48000,0,startup,True,interactive-v1,1,0,spec012-confirm-03,2,21.602447509765625,ns/engine-sample,1024,65536,1.3653333333333333,64,1415738.0,1415.738,1292.0,1917.0,1959.0,5875.0,1.292,1.917,1.959,5.875,1333.3333333333333,0,0.0,0.042,0.042,,,,,,,/Users/christiankauten/Documents/Projects/Rack/plugins/Fourier/.build/spec012/confirm-03-transitions/workload-0009-repeat-02.csv,d55731014db19d84ba6dd9b456a27a06a1787af8d408bbb1916c7d0a530259f1
3aeff8d50243a034,m1-pro-16gb-local,3e9b8cf8a3577727e240594e32deb09fa669259fc2125b0b514df90a0c153a41,aligned,pffft-scheduled-batch-float,64,0,0,1024,1,1024,0,2048,callback,48000,0,startup,True,interactive-v1,1,0,spec012-confirm-01,0,21.259353637695312,ns/engine-sample,1024,65536,1.3653333333333333,64,1393253.0,1393.253,334.0,16041.0,17083.0,26375.0,0.334,16.041,17.083,26.375,1333.3333333333333,0,0.0,0.042,0.084,,,,,,,/Users/christiankauten/Documents/Projects/Rack/plugins/Fourier/.build/spec012/confirm-01-transitions/workload-0015-repeat-00.csv,6d8cc05b0584b41eeb4495139c0678458702b528359a76f11a32c08e217f6714
3aeff8d50243a034,m1-pro-16gb-local,3e9b8cf8a3577727e240594e32deb09fa669259fc2125b0b514df90a0c153a41,aligned,pffft-scheduled-batch-float,64,0,0,1024,1,1024,0,2048,callback,48000,0,startup,True,interactive-v1,1,0,spec012-confirm-01,1,20.833282470703125,ns/engine-sample,1024,65536,1.3653333333333333,64,1365330.0,1365.33,333.0,16041.0,16167.0,26292.0,0.333,16.041,16.167,26.292,1333.3333333333333,0,0.0,0.042,0.083,,,,,,,/Users/christiankauten/Documents/Projects/Rack/plugins/Fourier/.build/spec012/confirm-01-transitions/workload-0015-repeat-01.csv,14d63cfe00df853926107923581deaae6bcceb75e23dd1907304e5d54ea44f50
3aeff8d50243a034,m1-pro-16gb-local,3e9b8cf8a3577727e240594e32deb09fa669259fc2125b0b514df90a0c153a41,aligned,pffft-scheduled-batch-float,64,0,0,1024,1,1024,0,2048,callback,48000,0,startup,True,interactive-v1,1,0,spec012-confirm-01,2,20.954116821289062,ns/engine-sample,1024,65536,1.3653333333333333,64,1373249.0,1373.249,333.0,16041.0,16084.0,26458.0,0.333,16.041,16.084,26.458,1333.3333333333333,0,0.0,0.042,0.042,,,,,,,/Users/christiankauten/Documents/Projects/Rack/plugins/Fourier/.build/spec012/confirm-01-transitions/workload-0015-repeat-02.csv,b8d8b4da1c758f5425cddc245971207e1d70c54d70e5f875d0d1e3f161cbe57e
3aeff8d50243a034,m1-pro-16gb-local,3e9b8cf8a3577727e240594e32deb09fa669259fc2125b0b514df90a0c153a41,aligned,pffft-scheduled-batch-float,64,0,0,1024,1,1024,0,2048,callback,48000,0,startup,True,interactive-v1,1,0,spec012-confirm-02,0,21.147979736328125,ns/engine-sample,1024,65536,1.3653333333333333,64,1385954.0,1385.954,333.0,16041.0,16208.0,26417.0,0.333,16.041,16.208,26.417,1333.3333333333333,0,0.0,0.042,0.042,,,,,,,/Users/christiankauten/Documents/Projects/Rack/plugins/Fourier/.build/spec012/confirm-02-transitions/workload-0015-repeat-00.csv,5d3f35dbbb48edd72a23162567c98cf377b9c716a05f81ff4aee96981ad942f1
3aeff8d50243a034,m1-pro-16gb-local,3e9b8cf8a3577727e240594e32deb09fa669259fc2125b0b514df90a0c153a41,aligned,pffft-scheduled-batch-float,64,0,0,1024,1,1024,0,2048,callback,48000,0,startup,True,interactive-v1,1,0,spec012-confirm-02,1,33.16192626953125,ns/engine-sample,1024,65536,1.3653333333333333,64,2173300.0,2173.3,1125.0,16792.0,16917.0,29000.0,1.125,16.792,16.917,29.0,1333.3333333333333,0,0.0,0.042,0.042,,,,,,,/Users/christiankauten/Documents/Projects/Rack/plugins/Fourier/.build/spec012/confirm-02-transitions/workload-0015-repeat-01.csv,9f886fb71d8fc9275c96c843c5966ee9c68cbb5c2bea95cb5f8f7bde6285c8fb
3aeff8d50243a034,m1-pro-16gb-local,3e9b8cf8a3577727e240594e32deb09fa669259fc2125b0b514df90a0c153a41,aligned,pffft-scheduled-batch-float,64,0,0,1024,1,1024,0,2048,callback,48000,0,startup,True,interactive-v1,1,0,spec012-confirm-02,2,20.817474365234375,ns/engine-sample,1024,65536,1.3653333333333333,64,1364294.0,1364.294,333.0,16041.0,16125.0,26375.0,0.333,16.041,16.125,26.375,1333.3333333333333,0,0.0,0.042,0.083,,,,,,,/Users/christiankauten/Documents/Projects/Rack/plugins/Fourier/.build/spec012/confirm-02-transitions/workload-0015-repeat-02.csv,a4d72f604d8bbeae70aa3c330669d7ea915f4a3957a66ec1e45b9fda0b7cb16a
3aeff8d50243a034,m1-pro-16gb-local,3e9b8cf8a3577727e240594e32deb09fa669259fc2125b0b514df90a0c153a41,aligned,pffft-scheduled-batch-float,64,0,0,1024,1,1024,0,2048,callback,48000,0,startup,True,interactive-v1,1,0,spec012-confirm-03,0,21.84246826171875,ns/engine-sample,1024,65536,1.3653333333333333,64,1431468.0,1431.468,375.0,16500.0,17042.0,26875.0,0.375,16.5,17.042,26.875,1333.3333333333333,0,0.0,0.042,0.042,,,,,,,/Users/christiankauten/Documents/Projects/Rack/plugins/Fourier/.build/spec012/confirm-03-transitions/workload-0015-repeat-00.csv,2686d039003be9de9dd4c43ce81773ca19f233d90e6df0c0d3d1ee9f301266f2
3aeff8d50243a034,m1-pro-16gb-local,3e9b8cf8a3577727e240594e32deb09fa669259fc2125b0b514df90a0c153a41,aligned,pffft-scheduled-batch-float,64,0,0,1024,1,1024,0,2048,callback,48000,0,startup,True,interactive-v1,1,0,spec012-confirm-03,1,20.964828491210938,ns/engine-sample,1024,65536,1.3653333333333333,64,1373951.0,1373.951,334.0,16000.0,16084.0,25917.0,0.334,16.0,16.084,25.917,1333.3333333333333,0,0.0,0.042,0.042,,,,,,,/Users/christiankauten/Documents/Projects/Rack/plugins/Fourier/.build/spec012/confirm-03-transitions/workload-0015-repeat-01.csv,aef177da419689fa884fd8209be87acd56345df4dab24aa6c4bf1ddea164f846
3aeff8d50243a034,m1-pro-16gb-local,3e9b8cf8a3577727e240594e32deb09fa669259fc2125b0b514df90a0c153a41,aligned,pffft-scheduled-batch-float,64,0,0,1024,1,1024,0,2048,callback,48000,0,startup,True,interactive-v1,1,0,spec012-confirm-03,2,21.066635131835938,ns/engine-sample,1024,65536,1.3653333333333333,64,1380623.0,1380.623,334.0,16000.0,17000.0,25750.0,0.334,16.0,17.0,25.75,1333.3333333333333,0,0.0,0.042,0.042,,,,,,,/Users/christiankauten/Documents/Projects/Rack/plugins/Fourier/.build/spec012/confirm-03-transitions/workload-0015-repeat-02.csv,76a446d512863c953ba247d3322f49171b77124fd6e39e564f564b147b3b679b
3aeff8d50243a034,m1-pro-16gb-local,41a7d209fe8c72a0f936508ca6b058c3d92293c3dc9282bdb637ee95c60a04db,aligned,pffft-hybrid-float,64,0,0,1024,1,1024,0,2048,callback,48000,0,startup,True,interactive-v1,1,0,spec012-confirm-01,0,17.878341674804688,ns/engine-sample,1024,65536,1.3653333333333333,64,1171675.0,1171.675,1041.0,2708.0,2791.0,6417.0,1.041,2.708,2.791,6.417,1333.3333333333333,0,0.0,0.042,0.042,,,,,,,/Users/christiankauten/Documents/Projects/Rack/plugins/Fourier/.build/spec012/confirm-01-transitions/workload-0013-repeat-00.csv,6a7fcb62398f1b8e09cf88157b2435f8ab9b1e00a0955e505f626205c8c3416d
3aeff8d50243a034,m1-pro-16gb-local,41a7d209fe8c72a0f936508ca6b058c3d92293c3dc9282bdb637ee95c60a04db,aligned,pffft-hybrid-float,64,0,0,1024,1,1024,0,2048,callback,48000,0,startup,True,interactive-v1,1,0,spec012-confirm-01,1,17.761520385742188,ns/engine-sample,1024,65536,1.3653333333333333,64,1164019.0,1164.019,1041.0,2667.0,2750.0,6292.0,1.041,2.667,2.75,6.292,1333.3333333333333,0,0.0,0.042,0.083,,,,,,,/Users/christiankauten/Documents/Projects/Rack/plugins/Fourier/.build/spec012/confirm-01-transitions/workload-0013-repeat-01.csv,8275b9f38b3f9e56f6ac862193f0fcd7658755591c831564a66a4b2032afb713
3aeff8d50243a034,m1-pro-16gb-local,41a7d209fe8c72a0f936508ca6b058c3d92293c3dc9282bdb637ee95c60a04db,aligned,pffft-hybrid-float,64,0,0,1024,1,1024,0,2048,callback,48000,0,startup,True,interactive-v1,1,0,spec012-confirm-01,2,17.73883056640625,ns/engine-sample,1024,65536,1.3653333333333333,64,1162532.0,1162.532,1041.0,2667.0,2750.0,6625.0,1.041,2.667,2.75,6.625,1333.3333333333333,0,0.0,0.042,0.125,,,,,,,/Users/christiankauten/Documents/Projects/Rack/plugins/Fourier/.build/spec012/confirm-01-transitions/workload-0013-repeat-02.csv,275bb84ee9f1b55705d8560dae6fb43fde7e754b32e951d62c023c7eafa905fa
3aeff8d50243a034,m1-pro-16gb-local,41a7d209fe8c72a0f936508ca6b058c3d92293c3dc9282bdb637ee95c60a04db,aligned,pffft-hybrid-float,64,0,0,1024,1,1024,0,2048,callback,48000,0,startup,True,interactive-v1,1,0,spec012-confirm-02,0,17.76458740234375,ns/engine-sample,1024,65536,1.3653333333333333,64,1164220.0,1164.22,1041.0,2667.0,2750.0,6625.0,1.041,2.667,2.75,6.625,1333.3333333333333,0,0.0,0.042,0.083,,,,,,,/Users/christiankauten/Documents/Projects/Rack/plugins/Fourier/.build/spec012/confirm-02-transitions/workload-0013-repeat-00.csv,2beb2af1820ccd7dfad7c71d618b50ac5f19fdb02d3fb074e845f0c507e1b697
3aeff8d50243a034,m1-pro-16gb-local,41a7d209fe8c72a0f936508ca6b058c3d92293c3dc9282bdb637ee95c60a04db,aligned,pffft-hybrid-float,64,0,0,1024,1,1024,0,2048,callback,48000,0,startup,True,interactive-v1,1,0,spec012-confirm-02,1,17.754104614257812,ns/engine-sample,1024,65536,1.3653333333333333,64,1163533.0,1163.533,1041.0,2667.0,2750.0,6125.0,1.041,2.667,2.75,6.125,1333.3333333333333,0,0.0,0.042,0.042,,,,,,,/Users/christiankauten/Documents/Projects/Rack/plugins/Fourier/.build/spec012/confirm-02-transitions/workload-0013-repeat-01.csv,835ca1863685f0b29e65b24fd4ddc73164ae2b55d15f14475a59e54dedef911a
3aeff8d50243a034,m1-pro-16gb-local,41a7d209fe8c72a0f936508ca6b058c3d92293c3dc9282bdb637ee95c60a04db,aligned,pffft-hybrid-float,64,0,0,1024,1,1024,0,2048,callback,48000,0,startup,True,interactive-v1,1,0,spec012-confirm-02,2,18.253677368164062,ns/engine-sample,1024,65536,1.3653333333333333,64,1196273.0,1196.273,1041.0,2667.0,2750.0,27250.0,1.041,2.667,2.75,27.25,1333.3333333333333,0,0.0,0.042,0.042,,,,,,,/Users/christiankauten/Documents/Projects/Rack/plugins/Fourier/.build/spec012/confirm-02-transitions/workload-0013-repeat-02.csv,4bf0259c4792dc8390de53c51383b62d7ab78d4c36afb0ae57be5360940ea18a
3aeff8d50243a034,m1-pro-16gb-local,41a7d209fe8c72a0f936508ca6b058c3d92293c3dc9282bdb637ee95c60a04db,aligned,pffft-hybrid-float,64,0,0,1024,1,1024,0,2048,callback,48000,0,startup,True,interactive-v1,1,0,spec012-confirm-03,0,18.1695556640625,ns/engine-sample,1024,65536,1.3653333333333333,64,1190760.0,1190.76,1042.0,2708.0,2791.0,9541.0,1.042,2.708,2.791,9.541,1333.3333333333333,0,0.0,0.042,0.042,,,,,,,/Users/christiankauten/Documents/Projects/Rack/plugins/Fourier/.build/spec012/confirm-03-transitions/workload-0013-repeat-00.csv,99d9103f1a09b035f5499c66127124cccd0ce96259096ba6961c6da8d2f53132
3aeff8d50243a034,m1-pro-16gb-local,41a7d209fe8c72a0f936508ca6b058c3d92293c3dc9282bdb637ee95c60a04db,aligned,pffft-hybrid-float,64,0,0,1024,1,1024,0,2048,callback,48000,0,startup,True,interactive-v1,1,0,spec012-confirm-03,1,17.81134033203125,ns/engine-sample,1024,65536,1.3653333333333333,64,1167284.0,1167.284,1041.0,2667.0,2709.0,5167.0,1.041,2.667,2.709,5.167,1333.3333333333333,0,0.0,0.042,0.042,,,,,,,/Users/christiankauten/Documents/Projects/Rack/plugins/Fourier/.build/spec012/confirm-03-transitions/workload-0013-repeat-01.csv,0bdb317fb8445df9f8c57ec6b381e563cab9431f7abb47e34dae5c2239cc84de
3aeff8d50243a034,m1-pro-16gb-local,41a7d209fe8c72a0f936508ca6b058c3d92293c3dc9282bdb637ee95c60a04db,aligned,pffft-hybrid-float,64,0,0,1024,1,1024,0,2048,callback,48000,0,startup,True,interactive-v1,1,0,spec012-confirm-03,2,17.839797973632812,ns/engine-sample,1024,65536,1.3653333333333333,64,1169149.0,1169.149,1041.0,2666.0,2709.0,10875.0,1.041,2.666,2.709,10.875,1333.3333333333333,0,0.0,0.042,0.042,,,,,,,/Users/christiankauten/Documents/Projects/Rack/plugins/Fourier/.build/spec012/confirm-03-transitions/workload-0013-repeat-02.csv,4aeb8b92eb7740e2ef38b35a3b855f3492ae493826f696440229ce5831e77b74
3aeff8d50243a034,m1-pro-16gb-local,5648977bafe25cf439400ecfe3d0be005b6ba2285bcaf11c03bce81fcd4d3f4a,aligned,core-float,64,0,0,1024,1,1024,0,2048,callback,48000,0,startup,False,interactive-v1,1,0,spec012-confirm-01,0,37.06871032714844,ns/engine-sample,1024,65536,1.3653333333333333,100,2429335.0,2429.335,1958.0,4417.0,10917.0,33042.0,1.958,4.417,10.917,33.042,1333.3333333333333,0,0.0,0.042,0.084,,,,,,,/Users/christiankauten/Documents/Projects/Rack/plugins/Fourier/.build/spec012/confirm-01-transitions/workload-0008-repeat-00.csv,d973f1de37c94a0c0f57fc405fbc722c6c721d56b682be45975e37907fae7dd6
3aeff8d50243a034,m1-pro-16gb-local,5648977bafe25cf439400ecfe3d0be005b6ba2285bcaf11c03bce81fcd4d3f4a,aligned,core-float,64,0,0,1024,1,1024,0,2048,callback,48000,0,startup,False,interactive-v1,1,0,spec012-confirm-01,1,37.00433349609375,ns/engine-sample,1024,65536,1.3653333333333333,100,2425116.0,2425.116,1958.0,4209.0,12542.0,33042.0,1.958,4.209,12.542,33.042,1333.3333333333333,0,0.0,0.042,0.042,,,,,,,/Users/christiankauten/Documents/Projects/Rack/plugins/Fourier/.build/spec012/confirm-01-transitions/workload-0008-repeat-01.csv,3e58d502b53df16054fc44870209e009988b3d4e99447e66da419d87f9329b49
3aeff8d50243a034,m1-pro-16gb-local,5648977bafe25cf439400ecfe3d0be005b6ba2285bcaf11c03bce81fcd4d3f4a,aligned,core-float,64,0,0,1024,1,1024,0,2048,callback,48000,0,startup,False,interactive-v1,1,0,spec012-confirm-01,2,37.03376770019531,ns/engine-sample,1024,65536,1.3653333333333333,100,2427045.0,2427.045,1958.0,4250.0,9750.0,33209.0,1.958,4.25,9.75,33.209,1333.3333333333333,0,0.0,0.042,0.042,,,,,,,/Users/christiankauten/Documents/Projects/Rack/plugins/Fourier/.build/spec012/confirm-01-transitions/workload-0008-repeat-02.csv,625e0e616e9a816468dd0a72edde2c14a1dc4557e509f26e862ae543da334fcb
3aeff8d50243a034,m1-pro-16gb-local,5648977bafe25cf439400ecfe3d0be005b6ba2285bcaf11c03bce81fcd4d3f4a,aligned,core-float,64,0,0,1024,1,1024,0,2048,callback,48000,0,startup,False,interactive-v1,1,0,spec012-confirm-02,0,36.920013427734375,ns/engine-sample,1024,65536,1.3653333333333333,100,2419590.0,2419.59,1958.0,4250.0,10375.0,33042.0,1.958,4.25,10.375,33.042,1333.3333333333333,0,0.0,0.042,0.042,,,,,,,/Users/christiankauten/Documents/Projects/Rack/plugins/Fourier/.build/spec012/confirm-02-transitions/workload-0008-repeat-00.csv,369aae7d4156deb32b53400c06f3cec3824eea795e5615cecad52262236398b6
3aeff8d50243a034,m1-pro-16gb-local,5648977bafe25cf439400ecfe3d0be005b6ba2285bcaf11c03bce81fcd4d3f4a,aligned,core-float,64,0,0,1024,1,1024,0,2048,callback,48000,0,startup,False,interactive-v1,1,0,spec012-confirm-02,1,36.98548889160156,ns/engine-sample,1024,65536,1.3653333333333333,100,2423881.0,2423.881,1958.0,4250.0,11167.0,33042.0,1.958,4.25,11.167,33.042,1333.3333333333333,0,0.0,0.042,0.083,,,,,,,/Users/christiankauten/Documents/Projects/Rack/plugins/Fourier/.build/spec012/confirm-02-transitions/workload-0008-repeat-01.csv,41cb792c04ebb286311ef23201701f8e04b39ceace30224663f1e6afd6fc0b3f
3aeff8d50243a034,m1-pro-16gb-local,5648977bafe25cf439400ecfe3d0be005b6ba2285bcaf11c03bce81fcd4d3f4a,aligned,core-float,64,0,0,1024,1,1024,0,2048,callback,48000,0,startup,False,interactive-v1,1,0,spec012-confirm-02,2,37.045745849609375,ns/engine-sample,1024,65536,1.3653333333333333,100,2427830.0,2427.83,1958.0,4208.0,9875.0,33042.0,1.958,4.208,9.875,33.042,1333.3333333333333,0,0.0,0.042,0.042,,,,,,,/Users/christiankauten/Documents/Projects/Rack/plugins/Fourier/.build/spec012/confirm-02-transitions/workload-0008-repeat-02.csv,d6eb237ed3b6465349f8c56957a006c457b9829e11f02b7e751ebb2ccaf020f4
3aeff8d50243a034,m1-pro-16gb-local,5648977bafe25cf439400ecfe3d0be005b6ba2285bcaf11c03bce81fcd4d3f4a,aligned,core-float,64,0,0,1024,1,1024,0,2048,callback,48000,0,startup,False,interactive-v1,1,0,spec012-confirm-03,0,36.972747802734375,ns/engine-sample,1024,65536,1.3653333333333333,100,2423046.0,2423.046,1958.0,4250.0,9875.0,33083.0,1.958,4.25,9.875,33.083,1333.3333333333333,0,0.0,0.042,0.042,,,,,,,/Users/christiankauten/Documents/Projects/Rack/plugins/Fourier/.build/spec012/confirm-03-transitions/workload-0008-repeat-00.csv,2379ab3a57695bf6299b01a536b2f9c82beeb0378d9caf6ffffab18e01165d50
3aeff8d50243a034,m1-pro-16gb-local,5648977bafe25cf439400ecfe3d0be005b6ba2285bcaf11c03bce81fcd4d3f4a,aligned,core-float,64,0,0,1024,1,1024,0,2048,callback,48000,0,startup,False,interactive-v1,1,0,spec012-confirm-03,1,37.992889404296875,ns/engine-sample,1024,65536,1.3653333333333333,100,2489902.0,2489.902,2000.0,4417.0,12042.0,33041.0,2.0,4.417,12.042,33.041,1333.3333333333333,0,0.0,0.042,0.042,,,,,,,/Users/christiankauten/Documents/Projects/Rack/plugins/Fourier/.build/spec012/confirm-03-transitions/workload-0008-repeat-01.csv,7cf77afc3d6001d6158570addf1c7a3c3e8371b823a3dfbfa3631e6ca395a273
3aeff8d50243a034,m1-pro-16gb-local,5648977bafe25cf439400ecfe3d0be005b6ba2285bcaf11c03bce81fcd4d3f4a,aligned,core-float,64,0,0,1024,1,1024,0,2048,callback,48000,0,startup,False,interactive-v1,1,0,spec012-confirm-03,2,37.02227783203125,ns/engine-sample,1024,65536,1.3653333333333333,100,2426292.0,2426.292,1958.0,4250.0,10375.0,33000.0,1.958,4.25,10.375,33.0,1333.3333333333333,0,0.0,0.042,0.042,,,,,,,/Users/christiankauten/Documents/Projects/Rack/plugins/Fourier/.build/spec012/confirm-03-transitions/workload-0008-repeat-02.csv,62d3cfda673f714383ed0e747ff8cd76ad5a7500aee7d4aee1e8636cd1be5930
3aeff8d50243a034,m1-pro-16gb-local,5c5018e7e19d7fc2b82a9e40ad86975b0b8095a00b825bd85e128c9db96d64e8,aligned,core-double,64,0,0,1024,1,1024,0,2048,callback,48000,0,startup,True,interactive-v1,1,0,spec012-confirm-01,0,22.597000122070312,ns/engine-sample,1024,65536,1.3653333333333333,64,1480917.0,1480.917,1292.0,2458.0,2459.0,10542.0,1.292,2.458,2.459,10.542,1333.3333333333333,0,0.0,0.042,0.042,,,,,,,/Users/christiankauten/Documents/Projects/Rack/plugins/Fourier/.build/spec012/confirm-01-transitions/workload-0011-repeat-00.csv,e513f162de2d83c8e30b76ce8a9ed77ce54580453917cad3458709fb5ebba6fe
3aeff8d50243a034,m1-pro-16gb-local,5c5018e7e19d7fc2b82a9e40ad86975b0b8095a00b825bd85e128c9db96d64e8,aligned,core-double,64,0,0,1024,1,1024,0,2048,callback,48000,0,startup,True,interactive-v1,1,0,spec012-confirm-01,1,22.613052368164062,ns/engine-sample,1024,65536,1.3653333333333333,64,1481969.0,1481.969,1292.0,2458.0,2500.0,9833.0,1.292,2.458,2.5,9.833,1333.3333333333333,0,0.0,0.042,0.167,,,,,,,/Users/christiankauten/Documents/Projects/Rack/plugins/Fourier/.build/spec012/confirm-01-transitions/workload-0011-repeat-01.csv,b5fecd39b6cc89954ff528d119f5b36cf5751e960354a8a3d63179f4011cd5bb
3aeff8d50243a034,m1-pro-16gb-local,5c5018e7e19d7fc2b82a9e40ad86975b0b8095a00b825bd85e128c9db96d64e8,aligned,core-double,64,0,0,1024,1,1024,0,2048,callback,48000,0,startup,True,interactive-v1,1,0,spec012-confirm-01,2,22.819488525390625,ns/engine-sample,1024,65536,1.3653333333333333,64,1495498.0,1495.498,1333.0,2458.0,2500.0,6792.0,1.333,2.458,2.5,6.792,1333.3333333333333,0,0.0,0.042,0.042,,,,,,,/Users/christiankauten/Documents/Projects/Rack/plugins/Fourier/.build/spec012/confirm-01-transitions/workload-0011-repeat-02.csv,3326f3f82d3870019815b23017428bc022e3b43330d6a206fde38601a2cc4b60
3aeff8d50243a034,m1-pro-16gb-local,5c5018e7e19d7fc2b82a9e40ad86975b0b8095a00b825bd85e128c9db96d64e8,aligned,core-double,64,0,0,1024,1,1024,0,2048,callback,48000,0,startup,True,interactive-v1,1,0,spec012-confirm-02,0,22.633270263671875,ns/engine-sample,1024,65536,1.3653333333333333,64,1483294.0,1483.294,1292.0,2458.0,2459.0,8667.0,1.292,2.458,2.459,8.667,1333.3333333333333,0,0.0,0.042,0.042,,,,,,,/Users/christiankauten/Documents/Projects/Rack/plugins/Fourier/.build/spec012/confirm-02-transitions/workload-0011-repeat-00.csv,6df41a56a839c6d5780e74b5d9416976e6584ed117285d46211498b22c890fcc
3aeff8d50243a034,m1-pro-16gb-local,5c5018e7e19d7fc2b82a9e40ad86975b0b8095a00b825bd85e128c9db96d64e8,aligned,core-double,64,0,0,1024,1,1024,0,2048,callback,48000,0,startup,True,interactive-v1,1,0,spec012-confirm-02,1,22.853317260742188,ns/engine-sample,1024,65536,1.3653333333333333,64,1497715.0,1497.715,1292.0,2458.0,2500.0,12375.0,1.292,2.458,2.5,12.375,1333.3333333333333,0,0.0,0.042,0.042,,,,,,,/Users/christiankauten/Documents/Projects/Rack/plugins/Fourier/.build/spec012/confirm-02-transitions/workload-0011-repeat-01.csv,e934aa498b241e463121fb4a83c4d5ddb9e330f0d743a53461e7042dde1c66a7
3aeff8d50243a034,m1-pro-16gb-local,5c5018e7e19d7fc2b82a9e40ad86975b0b8095a00b825bd85e128c9db96d64e8,aligned,core-double,64,0,0,1024,1,1024,0,2048,callback,48000,0,startup,True,interactive-v1,1,0,spec012-confirm-02,2,22.95562744140625,ns/engine-sample,1024,65536,1.3653333333333333,64,1504420.0,1504.42,1333.0,2459.0,2500.0,11709.0,1.333,2.459,2.5,11.709,1333.3333333333333,0,0.0,0.042,0.042,,,,,,,/Users/christiankauten/Documents/Projects/Rack/plugins/Fourier/.build/spec012/confirm-02-transitions/workload-0011-repeat-02.csv,116cf6504ab934260b025e041ae1031ee09baf2fea4c83840fa34f43c4db6d0e
3aeff8d50243a034,m1-pro-16gb-local,5c5018e7e19d7fc2b82a9e40ad86975b0b8095a00b825bd85e128c9db96d64e8,aligned,core-double,64,0,0,1024,1,1024,0,2048,callback,48000,0,startup,True,interactive-v1,1,0,spec012-confirm-03,0,23.303192138671875,ns/engine-sample,1024,65536,1.3653333333333333,64,1527198.0,1527.198,1333.0,2458.0,2750.0,21667.0,1.333,2.458,2.75,21.667,1333.3333333333333,0,0.0,0.042,0.042,,,,,,,/Users/christiankauten/Documents/Projects/Rack/plugins/Fourier/.build/spec012/confirm-03-transitions/workload-0011-repeat-00.csv,15020a8f100ac6bf58810512076ec293232641afdbe46d1c3326764a1a4be4e3
3aeff8d50243a034,m1-pro-16gb-local,5c5018e7e19d7fc2b82a9e40ad86975b0b8095a00b825bd85e128c9db96d64e8,aligned,core-double,64,0,0,1024,1,1024,0,2048,callback,48000,0,startup,True,interactive-v1,1,0,spec012-confirm-03,1,22.812728881835938,ns/engine-sample,1024,65536,1.3653333333333333,64,1495055.0,1495.055,1292.0,2459.0,2500.0,11583.0,1.292,2.459,2.5,11.583,1333.3333333333333,0,0.0,0.042,0.042,,,,,,,/Users/christiankauten/Documents/Projects/Rack/plugins/Fourier/.build/spec012/confirm-03-transitions/workload-0011-repeat-01.csv,7cebbcb3ac421b41f9dd2e3868492b4f49b8d99cd4205de5e8a6503945c78155
3aeff8d50243a034,m1-pro-16gb-local,5c5018e7e19d7fc2b82a9e40ad86975b0b8095a00b825bd85e128c9db96d64e8,aligned,core-double,64,0,0,1024,1,1024,0,2048,callback,48000,0,startup,True,interactive-v1,1,0,spec012-confirm-03,2,23.428680419921875,ns/engine-sample,1024,65536,1.3653333333333333,64,1535422.0,1535.422,1292.0,2458.0,3291.0,31166.0,1.292,2.458,3.291,31.166,1333.3333333333333,0,0.0,0.042,0.042,,,,,,,/Users/christiankauten/Documents/Projects/Rack/plugins/Fourier/.build/spec012/confirm-03-transitions/workload-0011-repeat-02.csv,04d9f1bc03a57131bbd2b415d506dc87a3ad476e4139ad000988937392888568
3aeff8d50243a034,m1-pro-16gb-local,5ce19582f12df7ac0e4004a46354796c5cfc32202514d0e7c6905d4f6ba695b5,aligned,pffft-scheduled-batch-float,64,0,0,1024,1,1024,0,2048,callback,48000,0,startup,False,interactive-v1,1,0,spec012-confirm-01,0,36.49908447265625,ns/engine-sample,1024,65536,1.3653333333333333,100,2392004.0,2392.004,333.0,16042.0,16250.0,204500.0,0.333,16.042,16.25,204.5,1333.3333333333333,0,0.0,0.042,0.042,,,,,,,/Users/christiankauten/Documents/Projects/Rack/plugins/Fourier/.build/spec012/confirm-01-transitions/workload-0014-repeat-00.csv,f1b0bb2f7bd1f22d5e14b44ac237bdfce9b8dd091dc23f2dc387d7878485e6ef
3aeff8d50243a034,m1-pro-16gb-local,5ce19582f12df7ac0e4004a46354796c5cfc32202514d0e7c6905d4f6ba695b5,aligned,pffft-scheduled-batch-float,64,0,0,1024,1,1024,0,2048,callback,48000,0,startup,False,interactive-v1,1,0,spec012-confirm-01,1,36.727294921875,ns/engine-sample,1024,65536,1.3653333333333333,100,2406960.0,2406.96,333.0,16041.0,16250.0,216625.0,0.333,16.041,16.25,216.625,1333.3333333333333,0,0.0,0.042,0.042,,,,,,,/Users/christiankauten/Documents/Projects/Rack/plugins/Fourier/.build/spec012/confirm-01-transitions/workload-0014-repeat-01.csv,4ab2e2f89c83eec722166c39906fb7c82f8c9221b2022009a838c16047c7d651
3aeff8d50243a034,m1-pro-16gb-local,5ce19582f12df7ac0e4004a46354796c5cfc32202514d0e7c6905d4f6ba695b5,aligned,pffft-scheduled-batch-float,64,0,0,1024,1,1024,0,2048,callback,48000,0,startup,False,interactive-v1,1,0,spec012-confirm-01,2,36.75144958496094,ns/engine-sample,1024,65536,1.3653333333333333,100,2408543.0,2408.543,333.0,16042.0,16333.0,215459.0,0.333,16.042,16.333,215.459,1333.3333333333333,0,0.0,0.042,0.042,,,,,,,/Users/christiankauten/Documents/Projects/Rack/plugins/Fourier/.build/spec012/confirm-01-transitions/workload-0014-repeat-02.csv,4d98a3a230154d590dfb3a3c46012123832f2a08960e27882241f944b252e7fe
3aeff8d50243a034,m1-pro-16gb-local,5ce19582f12df7ac0e4004a46354796c5cfc32202514d0e7c6905d4f6ba695b5,aligned,pffft-scheduled-batch-float,64,0,0,1024,1,1024,0,2048,callback,48000,0,startup,False,interactive-v1,1,0,spec012-confirm-02,0,36.387176513671875,ns/engine-sample,1024,65536,1.3653333333333333,100,2384670.0,2384.67,333.0,16042.0,16250.0,202625.0,0.333,16.042,16.25,202.625,1333.3333333333333,0,0.0,0.042,0.042,,,,,,,/Users/christiankauten/Documents/Projects/Rack/plugins/Fourier/.build/spec012/confirm-02-transitions/workload-0014-repeat-00.csv,92083ab3081da335bf5da016a06700d918df6d90c01b500edcee174f97e4328f
3aeff8d50243a034,m1-pro-16gb-local,5ce19582f12df7ac0e4004a46354796c5cfc32202514d0e7c6905d4f6ba695b5,aligned,pffft-scheduled-batch-float,64,0,0,1024,1,1024,0,2048,callback,48000,0,startup,False,interactive-v1,1,0,spec012-confirm-02,1,36.54412841796875,ns/engine-sample,1024,65536,1.3653333333333333,100,2394956.0,2394.956,333.0,16041.0,16333.0,207292.0,0.333,16.041,16.333,207.292,1333.3333333333333,0,0.0,0.042,0.042,,,,,,,/Users/christiankauten/Documents/Projects/Rack/plugins/Fourier/.build/spec012/confirm-02-transitions/workload-0014-repeat-01.csv,cdafa6eb0f50098a81e118e2aef7d32a1adba4f4e5a81e47dc5a484ff086ea6a
3aeff8d50243a034,m1-pro-16gb-local,5ce19582f12df7ac0e4004a46354796c5cfc32202514d0e7c6905d4f6ba695b5,aligned,pffft-scheduled-batch-float,64,0,0,1024,1,1024,0,2048,callback,48000,0,startup,False,interactive-v1,1,0,spec012-confirm-02,2,36.90333557128906,ns/engine-sample,1024,65536,1.3653333333333333,100,2418497.0,2418.497,333.0,16042.0,16250.0,215792.0,0.333,16.042,16.25,215.792,1333.3333333333333,0,0.0,0.042,0.042,,,,,,,/Users/christiankauten/Documents/Projects/Rack/plugins/Fourier/.build/spec012/confirm-02-transitions/workload-0014-repeat-02.csv,d391d46b2a99c4bfc4128d5748c825313290af6408b5c143cc121ba8f68fb8fd
3aeff8d50243a034,m1-pro-16gb-local,5ce19582f12df7ac0e4004a46354796c5cfc32202514d0e7c6905d4f6ba695b5,aligned,pffft-scheduled-batch-float,64,0,0,1024,1,1024,0,2048,callback,48000,0,startup,False,interactive-v1,1,0,spec012-confirm-03,0,36.37498474121094,ns/engine-sample,1024,65536,1.3653333333333333,100,2383871.0,2383.871,333.0,16041.0,16417.0,199291.0,0.333,16.041,16.417,199.291,1333.3333333333333,0,0.0,0.042,0.042,,,,,,,/Users/christiankauten/Documents/Projects/Rack/plugins/Fourier/.build/spec012/confirm-03-transitions/workload-0014-repeat-00.csv,b4b238ec5e03b493b34cec7bf11ba0038f1793c95b071eb27e6fd1d1fb5a0b35
3aeff8d50243a034,m1-pro-16gb-local,5ce19582f12df7ac0e4004a46354796c5cfc32202514d0e7c6905d4f6ba695b5,aligned,pffft-scheduled-batch-float,64,0,0,1024,1,1024,0,2048,callback,48000,0,startup,False,interactive-v1,1,0,spec012-confirm-03,1,36.873748779296875,ns/engine-sample,1024,65536,1.3653333333333333,100,2416558.0,2416.558,334.0,16292.0,16417.0,205875.0,0.334,16.292,16.417,205.875,1333.3333333333333,0,0.0,0.042,0.042,,,,,,,/Users/christiankauten/Documents/Projects/Rack/plugins/Fourier/.build/spec012/confirm-03-transitions/workload-0014-repeat-01.csv,082d3710c9d89d56b4366c12c34b76beb3c1aa02893a54c40f9187b5f4dd9bea
3aeff8d50243a034,m1-pro-16gb-local,5ce19582f12df7ac0e4004a46354796c5cfc32202514d0e7c6905d4f6ba695b5,aligned,pffft-scheduled-batch-float,64,0,0,1024,1,1024,0,2048,callback,48000,0,startup,False,interactive-v1,1,0,spec012-confirm-03,2,37.061859130859375,ns/engine-sample,1024,65536,1.3653333333333333,100,2428886.0,2428.886,334.0,16291.0,16375.0,226042.0,0.334,16.291,16.375,226.042,1333.3333333333333,0,0.0,0.042,0.042,,,,,,,/Users/christiankauten/Documents/Projects/Rack/plugins/Fourier/.build/spec012/confirm-03-transitions/workload-0014-repeat-02.csv,db88e213d6b912f8290fb50932fae7127e7b9b7686b81b5e8b55a72576574f66
3aeff8d50243a034,m1-pro-16gb-local,636f13a16b33617f63d8ff9138910086715d703725514b36c9750786e9b4a7e2,aligned,core-double,64,0,0,1024,1,1024,0,2048,callback,48000,0,startup,False,interactive-v1,1,0,spec012-confirm-01,0,38.19195556640625,ns/engine-sample,1024,65536,1.3653333333333333,100,2502948.0,2502.948,1958.0,4625.0,10584.0,39500.0,1.958,4.625,10.584,39.5,1333.3333333333333,0,0.0,0.042,0.042,,,,,,,/Users/christiankauten/Documents/Projects/Rack/plugins/Fourier/.build/spec012/confirm-01-transitions/workload-0010-repeat-00.csv,d0cd098732864d5547425dbef952baec86ce24cb534fe46374192054283a6f8e
3aeff8d50243a034,m1-pro-16gb-local,636f13a16b33617f63d8ff9138910086715d703725514b36c9750786e9b4a7e2,aligned,core-double,64,0,0,1024,1,1024,0,2048,callback,48000,0,startup,False,interactive-v1,1,0,spec012-confirm-01,1,37.920867919921875,ns/engine-sample,1024,65536,1.3653333333333333,100,2485182.0,2485.182,1917.0,4584.0,12542.0,33708.0,1.917,4.584,12.542,33.708,1333.3333333333333,0,0.0,0.042,0.042,,,,,,,/Users/christiankauten/Documents/Projects/Rack/plugins/Fourier/.build/spec012/confirm-01-transitions/workload-0010-repeat-01.csv,fab323e51bf87f306c26b9c31951c141abc06ed0cfe014fe21250bd2fefd4f97
3aeff8d50243a034,m1-pro-16gb-local,636f13a16b33617f63d8ff9138910086715d703725514b36c9750786e9b4a7e2,aligned,core-double,64,0,0,1024,1,1024,0,2048,callback,48000,0,startup,False,interactive-v1,1,0,spec012-confirm-01,2,38.12158203125,ns/engine-sample,1024,65536,1.3653333333333333,100,2498336.0,2498.336,1958.0,4666.0,10667.0,33542.0,1.958,4.666,10.667,33.542,1333.3333333333333,0,0.0,0.042,0.042,,,,,,,/Users/christiankauten/Documents/Projects/Rack/plugins/Fourier/.build/spec012/confirm-01-transitions/workload-0010-repeat-02.csv,a8f7dad48239f7341154b64565b0dee1432591db44b856cb5542ef2ce63c2c4d
3aeff8d50243a034,m1-pro-16gb-local,636f13a16b33617f63d8ff9138910086715d703725514b36c9750786e9b4a7e2,aligned,core-double,64,0,0,1024,1,1024,0,2048,callback,48000,0,startup,False,interactive-v1,1,0,spec012-confirm-02,0,38.40849304199219,ns/engine-sample,1024,65536,1.3653333333333333,100,2517139.0,2517.139,1917.0,4584.0,15292.0,33375.0,1.917,4.584,15.292,33.375,1333.3333333333333,0,0.0,0.042,0.042,,,,,,,/Users/christiankauten/Documents/Projects/Rack/plugins/Fourier/.build/spec012/confirm-02-transitions/workload-0010-repeat-00.csv,8ae2c70bcb5e98ce2f86efa972a11e6b1ab2e9545f3b4d26c87494504473a83e
3aeff8d50243a034,m1-pro-16gb-local,636f13a16b33617f63d8ff9138910086715d703725514b36c9750786e9b4a7e2,aligned,core-double,64,0,0,1024,1,1024,0,2048,callback,48000,0,startup,False,interactive-v1,1,0,spec012-confirm-02,1,37.86421203613281,ns/engine-sample,1024,65536,1.3653333333333333,100,2481469.0,2481.469,1917.0,4625.0,10625.0,33208.0,1.917,4.625,10.625,33.208,1333.3333333333333,0,0.0,0.042,0.042,,,,,,,/Users/christiankauten/Documents/Projects/Rack/plugins/Fourier/.build/spec012/confirm-02-transitions/workload-0010-repeat-01.csv,7ac538f272d4e03925a8f32fadf75ec85b4be12077f9a4d80775521b373560de
3aeff8d50243a034,m1-pro-16gb-local,636f13a16b33617f63d8ff9138910086715d703725514b36c9750786e9b4a7e2,aligned,core-double,64,0,0,1024,1,1024,0,2048,callback,48000,0,startup,False,interactive-v1,1,0,spec012-confirm-02,2,37.87109375,ns/engine-sample,1024,65536,1.3653333333333333,100,2481920.0,2481.92,1917.0,4583.0,10666.0,33333.0,1.917,4.583,10.666,33.333,1333.3333333333333,0,0.0,0.042,0.042,,,,,,,/Users/christiankauten/Documents/Projects/Rack/plugins/Fourier/.build/spec012/confirm-02-transitions/workload-0010-repeat-02.csv,5ae55e5210ce6f435376e134c30dbcc44684363bc39d2a5968ec5b42786fcb95
3aeff8d50243a034,m1-pro-16gb-local,636f13a16b33617f63d8ff9138910086715d703725514b36c9750786e9b4a7e2,aligned,core-double,64,0,0,1024,1,1024,0,2048,callback,48000,0,startup,False,interactive-v1,1,0,spec012-confirm-03,0,37.860565185546875,ns/engine-sample,1024,65536,1.3653333333333333,100,2481230.0,2481.23,1917.0,4583.0,10667.0,33625.0,1.917,4.583,10.667,33.625,1333.3333333333333,0,0.0,0.042,0.042,,,,,,,/Users/christiankauten/Documents/Projects/Rack/plugins/Fourier/.build/spec012/confirm-03-transitions/workload-0010-repeat-00.csv,bbae93097cf4455c66b76966d9af36bac58f37d590ce05973be3a59c7b889292
3aeff8d50243a034,m1-pro-16gb-local,636f13a16b33617f63d8ff9138910086715d703725514b36c9750786e9b4a7e2,aligned,core-double,64,0,0,1024,1,1024,0,2048,callback,48000,0,startup,False,interactive-v1,1,0,spec012-confirm-03,1,38.624237060546875,ns/engine-sample,1024,65536,1.3653333333333333,100,2531278.0,2531.278,1958.0,4667.0,12084.0,34125.0,1.958,4.667,12.084,34.125,1333.3333333333333,0,0.0,0.042,0.083,,,,,,,/Users/christiankauten/Documents/Projects/Rack/plugins/Fourier/.build/spec012/confirm-03-transitions/workload-0010-repeat-01.csv,d53d69eacf91ca14ca5380ec0726640e123770cf7ca0901c2a5dc203b999b043
3aeff8d50243a034,m1-pro-16gb-local,636f13a16b33617f63d8ff9138910086715d703725514b36c9750786e9b4a7e2,aligned,core-double,64,0,0,1024,1,1024,0,2048,callback,48000,0,startup,False,interactive-v1,1,0,spec012-confirm-03,2,38.14424133300781,ns/engine-sample,1024,65536,1.3653333333333333,100,2499821.0,2499.821,1917.0,4625.0,13042.0,33250.0,1.917,4.625,13.042,33.25,1333.3333333333333,0,0.0,0.042,0.042,,,,,,,/Users/christiankauten/Documents/Projects/Rack/plugins/Fourier/.build/spec012/confirm-03-transitions/workload-0010-repeat-02.csv,67a06ee64589953ef5ffd5608746c4336be689b5b6470ff456e9237dd348f3fc
3aeff8d50243a034,m1-pro-16gb-local,6adaad605e376f3666734883b62a662c3039c64640cd01934ad3fb781ebfee53,aligned,core-double,64,0,0,37,1,37,0,128,callback,48000,0,startup,True,interactive-v1,1,0,spec012-confirm-01,0,31.231841216216218,ns/engine-sample,37,2368,0.04933333333333333,64,73957.0,73.957,1916.0,2667.0,5292.0,5292.0,1.916,2.667,5.292,5.292,1333.3333333333333,0,0.0,0.042,0.083,,,,,,,/Users/christiankauten/Documents/Projects/Rack/plugins/Fourier/.build/spec012/confirm-01-transitions/workload-0003-repeat-00.csv,b40807e9e28a14bac14cce6b83c47c8f29a2459af196c98976286a929c9acef8
3aeff8d50243a034,m1-pro-16gb-local,6adaad605e376f3666734883b62a662c3039c64640cd01934ad3fb781ebfee53,aligned,core-double,64,0,0,37,1,37,0,128,callback,48000,0,startup,True,interactive-v1,1,0,spec012-confirm-01,1,31.07347972972973,ns/engine-sample,37,2368,0.04933333333333333,64,73582.0,73.582,1916.0,2667.0,5083.0,5083.0,1.916,2.667,5.083,5.083,1333.3333333333333,0,0.0,0.042,0.083,,,,,,,/Users/christiankauten/Documents/Projects/Rack/plugins/Fourier/.build/spec012/confirm-01-transitions/workload-0003-repeat-01.csv,f651b5603094b8842a59ba725d4e469ae8c5a0c3fe528a34b4f62a700ca84edf
3aeff8d50243a034,m1-pro-16gb-local,6adaad605e376f3666734883b62a662c3039c64640cd01934ad3fb781ebfee53,aligned,core-double,64,0,0,37,1,37,0,128,callback,48000,0,startup,True,interactive-v1,1,0,spec012-confirm-01,2,31.28420608108108,ns/engine-sample,37,2368,0.04933333333333333,64,74081.0,74.081,1916.0,2625.0,5125.0,5125.0,1.916,2.625,5.125,5.125,1333.3333333333333,0,0.0,0.042,0.042,,,,,,,/Users/christiankauten/Documents/Projects/Rack/plugins/Fourier/.build/spec012/confirm-01-transitions/workload-0003-repeat-02.csv,11da91565c1cffef5f1e40c1f745d4505b90fffb14bae45fbbde139d68c91cfc
3aeff8d50243a034,m1-pro-16gb-local,6adaad605e376f3666734883b62a662c3039c64640cd01934ad3fb781ebfee53,aligned,core-double,64,0,0,37,1,37,0,128,callback,48000,0,startup,True,interactive-v1,1,0,spec012-confirm-02,0,31.127111486486488,ns/engine-sample,37,2368,0.04933333333333333,64,73709.0,73.709,1916.0,2709.0,5292.0,5292.0,1.916,2.709,5.292,5.292,1333.3333333333333,0,0.0,0.042,0.042,,,,,,,/Users/christiankauten/Documents/Projects/Rack/plugins/Fourier/.build/spec012/confirm-02-transitions/workload-0003-repeat-00.csv,f5a30d039031c8fc0749f8f8cd51cea06dcffe0c1250cb3e5235c3392ddbeb14
3aeff8d50243a034,m1-pro-16gb-local,6adaad605e376f3666734883b62a662c3039c64640cd01934ad3fb781ebfee53,aligned,core-double,64,0,0,37,1,37,0,128,callback,48000,0,startup,True,interactive-v1,1,0,spec012-confirm-02,1,31.5308277027027,ns/engine-sample,37,2368,0.04933333333333333,64,74665.0,74.665,1917.0,2666.0,4958.0,4958.0,1.917,2.666,4.958,4.958,1333.3333333333333,0,0.0,0.042,0.042,,,,,,,/Users/christiankauten/Documents/Projects/Rack/plugins/Fourier/.build/spec012/confirm-02-transitions/workload-0003-repeat-01.csv,35df3031c1cdef352e3a71f24e7b8b230742e82c618f874f616bcaf56a95837d
3aeff8d50243a034,m1-pro-16gb-local,6adaad605e376f3666734883b62a662c3039c64640cd01934ad3fb781ebfee53,aligned,core-double,64,0,0,37,1,37,0,128,callback,48000,0,startup,True,interactive-v1,1,0,spec012-confirm-02,2,31.33783783783784,ns/engine-sample,37,2368,0.04933333333333333,64,74208.0,74.208,1917.0,2708.0,5083.0,5083.0,1.917,2.708,5.083,5.083,1333.3333333333333,0,0.0,0.042,0.042,,,,,,,/Users/christiankauten/Documents/Projects/Rack/plugins/Fourier/.build/spec012/confirm-02-transitions/workload-0003-repeat-02.csv,2809016628f57b6035f801979a16e03322609659a7cb8a56b0d595d6fb1a3b79
3aeff8d50243a034,m1-pro-16gb-local,6adaad605e376f3666734883b62a662c3039c64640cd01934ad3fb781ebfee53,aligned,core-double,64,0,0,37,1,37,0,128,callback,48000,0,startup,True,interactive-v1,1,0,spec012-confirm-03,0,31.6722972972973,ns/engine-sample,37,2368,0.04933333333333333,64,75000.0,75.0,1958.0,2625.0,5167.0,5167.0,1.958,2.625,5.167,5.167,1333.3333333333333,0,0.0,0.042,0.083,,,,,,,/Users/christiankauten/Documents/Projects/Rack/plugins/Fourier/.build/spec012/confirm-03-transitions/workload-0003-repeat-00.csv,280e77985dbc428a21c2bffb552893ff4571e94704d482372661b649513de117
3aeff8d50243a034,m1-pro-16gb-local,6adaad605e376f3666734883b62a662c3039c64640cd01934ad3fb781ebfee53,aligned,core-double,64,0,0,37,1,37,0,128,callback,48000,0,startup,True,interactive-v1,1,0,spec012-confirm-03,1,31.33741554054054,ns/engine-sample,37,2368,0.04933333333333333,64,74207.0,74.207,1917.0,2708.0,5000.0,5000.0,1.917,2.708,5.0,5.0,1333.3333333333333,0,0.0,0.042,0.042,,,,,,,/Users/christiankauten/Documents/Projects/Rack/plugins/Fourier/.build/spec012/confirm-03-transitions/workload-0003-repeat-01.csv,73d24653ecf33d7b2c61ecc2705efdf9aec9b4f8c3ec43d14cb784c96618caf8
3aeff8d50243a034,m1-pro-16gb-local,6adaad605e376f3666734883b62a662c3039c64640cd01934ad3fb781ebfee53,aligned,core-double,64,0,0,37,1,37,0,128,callback,48000,0,startup,True,interactive-v1,1,0,spec012-confirm-03,2,31.63724662162162,ns/engine-sample,37,2368,0.04933333333333333,64,74917.0,74.917,1917.0,2750.0,5458.0,5458.0,1.917,2.75,5.458,5.458,1333.3333333333333,0,0.0,0.042,0.042,,,,,,,/Users/christiankauten/Documents/Projects/Rack/plugins/Fourier/.build/spec012/confirm-03-transitions/workload-0003-repeat-02.csv,8be60aa6ae51518e7641a82592c9ba3a334dfd5a60ff7f89b6b2be69fc9f78bb
3aeff8d50243a034,m1-pro-16gb-local,8b57b69792771d991ec0625d4b0bf49018ce6aa19c9e7e23c84327c26b616daf,aligned,core-float,64,0,0,37,1,37,0,128,callback,48000,0,startup,False,interactive-v1,1,0,spec012-confirm-01,0,52.10050675675676,ns/engine-sample,37,2368,0.04933333333333333,102,123374.0,123.374,2750.0,10750.0,16000.0,16000.0,2.75,10.75,16.0,16.0,1333.3333333333333,0,0.0,0.042,0.042,,,,,,,/Users/christiankauten/Documents/Projects/Rack/plugins/Fourier/.build/spec012/confirm-01-transitions/workload-0000-repeat-00.csv,7fdf99ac57b04e8b162dabfd65fcd6924f0536dbe387d98aafe47f0a6d445fef
3aeff8d50243a034,m1-pro-16gb-local,8b57b69792771d991ec0625d4b0bf49018ce6aa19c9e7e23c84327c26b616daf,aligned,core-float,64,0,0,37,1,37,0,128,callback,48000,0,startup,False,interactive-v1,1,0,spec012-confirm-01,1,52.3116554054054,ns/engine-sample,37,2368,0.04933333333333333,102,123874.0,123.874,2750.0,10833.0,15958.0,15958.0,2.75,10.833,15.958,15.958,1333.3333333333333,0,0.0,0.042,0.042,,,,,,,/Users/christiankauten/Documents/Projects/Rack/plugins/Fourier/.build/spec012/confirm-01-transitions/workload-0000-repeat-01.csv,c6d691f06525f25c11f6c75d3b62cfab6bb63e414a778db8fb0aadc422ae4827
3aeff8d50243a034,m1-pro-16gb-local,8b57b69792771d991ec0625d4b0bf49018ce6aa19c9e7e23c84327c26b616daf,aligned,core-float,64,0,0,37,1,37,0,128,callback,48000,0,startup,False,interactive-v1,1,0,spec012-confirm-01,2,53.085726351351354,ns/engine-sample,37,2368,0.04933333333333333,102,125707.0,125.707,2875.0,10750.0,15792.0,15792.0,2.875,10.75,15.792,15.792,1333.3333333333333,0,0.0,0.042,0.042,,,,,,,/Users/christiankauten/Documents/Projects/Rack/plugins/Fourier/.build/spec012/confirm-01-transitions/workload-0000-repeat-02.csv,dc79479f7a35a977067f0d89ac5a5cfca74d6adc266aa8595b34679d9610499a
3aeff8d50243a034,m1-pro-16gb-local,8b57b69792771d991ec0625d4b0bf49018ce6aa19c9e7e23c84327c26b616daf,aligned,core-float,64,0,0,37,1,37,0,128,callback,48000,0,startup,False,interactive-v1,1,0,spec012-confirm-02,0,51.994932432432435,ns/engine-sample,37,2368,0.04933333333333333,102,123124.0,123.124,2750.0,10875.0,15916.0,15916.0,2.75,10.875,15.916,15.916,1333.3333333333333,0,0.0,0.042,0.042,,,,,,,/Users/christiankauten/Documents/Projects/Rack/plugins/Fourier/.build/spec012/confirm-02-transitions/workload-0000-repeat-00.csv,b4c9772946177e06e93177245010138aed8713208b262bd9135a0dbfe150c2c1
3aeff8d50243a034,m1-pro-16gb-local,8b57b69792771d991ec0625d4b0bf49018ce6aa19c9e7e23c84327c26b616daf,aligned,core-float,64,0,0,37,1,37,0,128,callback,48000,0,startup,False,interactive-v1,1,0,spec012-confirm-02,1,53.40287162162162,ns/engine-sample,37,2368,0.04933333333333333,102,126458.0,126.458,2875.0,10875.0,15792.0,15792.0,2.875,10.875,15.792,15.792,1333.3333333333333,0,0.0,0.042,0.042,,,,,,,/Users/christiankauten/Documents/Projects/Rack/plugins/Fourier/.build/spec012/confirm-02-transitions/workload-0000-repeat-01.csv,5b6029d4d9aceb5b12e237c7ff751e624b21417c8a0a490e8de70b19a5a32533
3aeff8d50243a034,m1-pro-16gb-local,8b57b69792771d991ec0625d4b0bf49018ce6aa19c9e7e23c84327c26b616daf,aligned,core-float,64,0,0,37,1,37,0,128,callback,48000,0,startup,False,interactive-v1,1,0,spec012-confirm-02,2,53.051097972972975,ns/engine-sample,37,2368,0.04933333333333333,102,125625.0,125.625,2875.0,10667.0,15833.0,15833.0,2.875,10.667,15.833,15.833,1333.3333333333333,0,0.0,0.042,0.042,,,,,,,/Users/christiankauten/Documents/Projects/Rack/plugins/Fourier/.build/spec012/confirm-02-transitions/workload-0000-repeat-02.csv,a64b6de7d4a6f7ea31c79d7e570ed0c3bb41bbcaabfc231d1d571ea42cf6fbdd
3aeff8d50243a034,m1-pro-16gb-local,8b57b69792771d991ec0625d4b0bf49018ce6aa19c9e7e23c84327c26b616daf,aligned,core-float,64,0,0,37,1,37,0,128,callback,48000,0,startup,False,interactive-v1,1,0,spec012-confirm-03,0,53.260557432432435,ns/engine-sample,37,2368,0.04933333333333333,102,126121.0,126.121,2875.0,10958.0,15916.0,15916.0,2.875,10.958,15.916,15.916,1333.3333333333333,0,0.0,0.042,0.042,,,,,,,/Users/christiankauten/Documents/Projects/Rack/plugins/Fourier/.build/spec012/confirm-03-transitions/workload-0000-repeat-00.csv,359fd9f154f744d0ba64c9719150a859c4df270e748382f3b735b1a80afb5c21
3aeff8d50243a034,m1-pro-16gb-local,8b57b69792771d991ec0625d4b0bf49018ce6aa19c9e7e23c84327c26b616daf,aligned,core-float,64,0,0,37,1,37,0,128,callback,48000,0,startup,False,interactive-v1,1,0,spec012-confirm-03,1,56.377111486486484,ns/engine-sample,37,2368,0.04933333333333333,102,133501.0,133.501,3000.0,11000.0,16209.0,16209.0,3.0,11.0,16.209,16.209,1333.3333333333333,0,0.0,0.042,0.166,,,,,,,/Users/christiankauten/Documents/Projects/Rack/plugins/Fourier/.build/spec012/confirm-03-transitions/workload-0000-repeat-01.csv,adad29bd8329fd4b639f92048bc443cedd301e94ec626298378bc7d542b9b604
3aeff8d50243a034,m1-pro-16gb-local,8b57b69792771d991ec0625d4b0bf49018ce6aa19c9e7e23c84327c26b616daf,aligned,core-float,64,0,0,37,1,37,0,128,callback,48000,0,startup,False,interactive-v1,1,0,spec012-confirm-03,2,52.54138513513514,ns/engine-sample,37,2368,0.04933333333333333,102,124418.0,124.418,2792.0,10875.0,15958.0,15958.0,2.792,10.875,15.958,15.958,1333.3333333333333,0,0.0,0.042,0.042,,,,,,,/Users/christiankauten/Documents/Projects/Rack/plugins/Fourier/.build/spec012/confirm-03-transitions/workload-0000-repeat-02.csv,9f397aa2ca0b8adc9bc1df531c2fda671efbcfcc32e1e056df19bdfdcec9a501
3aeff8d50243a034,m1-pro-16gb-local,9ae1f56a99880d85043135f064e6ef84916624a1081b5acbb397c504e0831546,aligned,pffft-scheduled-batch-float,64,0,0,37,1,37,0,128,callback,48000,0,startup,True,interactive-v1,1,0,spec012-confirm-01,0,32.88766891891892,ns/engine-sample,37,2368,0.04933333333333333,64,77878.0,77.878,2292.0,2500.0,4709.0,4709.0,2.292,2.5,4.709,4.709,1333.3333333333333,0,0.0,0.042,0.042,,,,,,,/Users/christiankauten/Documents/Projects/Rack/plugins/Fourier/.build/spec012/confirm-01-transitions/workload-0007-repeat-00.csv,e11a1bdc421323cbb62f8d0150b1d0c7a67da04001dcd928c788198085a9dc42
3aeff8d50243a034,m1-pro-16gb-local,9ae1f56a99880d85043135f064e6ef84916624a1081b5acbb397c504e0831546,aligned,pffft-scheduled-batch-float,64,0,0,37,1,37,0,128,callback,48000,0,startup,True,interactive-v1,1,0,spec012-confirm-01,1,32.70988175675676,ns/engine-sample,37,2368,0.04933333333333333,64,77457.0,77.457,2291.0,2458.0,4459.0,4459.0,2.291,2.458,4.459,4.459,1333.3333333333333,0,0.0,0.042,0.042,,,,,,,/Users/christiankauten/Documents/Projects/Rack/plugins/Fourier/.build/spec012/confirm-01-transitions/workload-0007-repeat-01.csv,9cd647bd140df49830a8006bbecf0d5686d4591408af58d46d16956c5eeb1a44
3aeff8d50243a034,m1-pro-16gb-local,9ae1f56a99880d85043135f064e6ef84916624a1081b5acbb397c504e0831546,aligned,pffft-scheduled-batch-float,64,0,0,37,1,37,0,128,callback,48000,0,startup,True,interactive-v1,1,0,spec012-confirm-01,2,32.763935810810814,ns/engine-sample,37,2368,0.04933333333333333,64,77585.0,77.585,2292.0,2458.0,4584.0,4584.0,2.292,2.458,4.584,4.584,1333.3333333333333,0,0.0,0.042,0.042,,,,,,,/Users/christiankauten/Documents/Projects/Rack/plugins/Fourier/.build/spec012/confirm-01-transitions/workload-0007-repeat-02.csv,874836e216c621368e4ffc52e1ead6c351eb2053fae85f1170d278518c86e80c
3aeff8d50243a034,m1-pro-16gb-local,9ae1f56a99880d85043135f064e6ef84916624a1081b5acbb397c504e0831546,aligned,pffft-scheduled-batch-float,64,0,0,37,1,37,0,128,callback,48000,0,startup,True,interactive-v1,1,0,spec012-confirm-02,0,33.11570945945946,ns/engine-sample,37,2368,0.04933333333333333,64,78418.0,78.418,2292.0,2458.0,5042.0,5042.0,2.292,2.458,5.042,5.042,1333.3333333333333,0,0.0,0.042,0.042,,,,,,,/Users/christiankauten/Documents/Projects/Rack/plugins/Fourier/.build/spec012/confirm-02-transitions/workload-0007-repeat-00.csv,5f1f3b40a2211544b6c94ff1e52080ce4bd364027c7b76ed5900af1eb6759803
3aeff8d50243a034,m1-pro-16gb-local,9ae1f56a99880d85043135f064e6ef84916624a1081b5acbb397c504e0831546,aligned,pffft-scheduled-batch-float,64,0,0,37,1,37,0,128,callback,48000,0,startup,True,interactive-v1,1,0,spec012-confirm-02,1,32.850929054054056,ns/engine-sample,37,2368,0.04933333333333333,64,77791.0,77.791,2291.0,2417.0,4750.0,4750.0,2.291,2.417,4.75,4.75,1333.3333333333333,0,0.0,0.042,0.042,,,,,,,/Users/christiankauten/Documents/Projects/Rack/plugins/Fourier/.build/spec012/confirm-02-transitions/workload-0007-repeat-01.csv,4fe17b3e6daf3dd2dfcda9223e0d46c12e9544de987c7d1315c46b317ead2501
3aeff8d50243a034,m1-pro-16gb-local,9ae1f56a99880d85043135f064e6ef84916624a1081b5acbb397c504e0831546,aligned,pffft-scheduled-batch-float,64,0,0,37,1,37,0,128,callback,48000,0,startup,True,interactive-v1,1,0,spec012-confirm-02,2,32.763513513513516,ns/engine-sample,37,2368,0.04933333333333333,64,77584.0,77.584,2291.0,2459.0,4708.0,4708.0,2.291,2.459,4.708,4.708,1333.3333333333333,0,0.0,0.042,0.042,,,,,,,/Users/christiankauten/Documents/Projects/Rack/plugins/Fourier/.build/spec012/confirm-02-transitions/workload-0007-repeat-02.csv,05e34ccf85a73ec803adf6aed09ae82f71f419eebf8b8297aedded7244c8b4a4
3aeff8d50243a034,m1-pro-16gb-local,9ae1f56a99880d85043135f064e6ef84916624a1081b5acbb397c504e0831546,aligned,pffft-scheduled-batch-float,64,0,0,37,1,37,0,128,callback,48000,0,startup,True,interactive-v1,1,0,spec012-confirm-03,0,33.414273648648646,ns/engine-sample,37,2368,0.04933333333333333,64,79125.0,79.125,2333.0,2458.0,5083.0,5083.0,2.333,2.458,5.083,5.083,1333.3333333333333,0,0.0,0.042,0.042,,,,,,,/Users/christiankauten/Documents/Projects/Rack/plugins/Fourier/.build/spec012/confirm-03-transitions/workload-0007-repeat-00.csv,b9986428e5d444369cded42b07c07a723ba093c3b1e40c7af7422e950eafc1b1
3aeff8d50243a034,m1-pro-16gb-local,9ae1f56a99880d85043135f064e6ef84916624a1081b5acbb397c504e0831546,aligned,pffft-scheduled-batch-float,64,0,0,37,1,37,0,128,callback,48000,0,startup,True,interactive-v1,1,0,spec012-confirm-03,1,32.81630067567568,ns/engine-sample,37,2368,0.04933333333333333,64,77709.0,77.709,2292.0,2500.0,4625.0,4625.0,2.292,2.5,4.625,4.625,1333.3333333333333,0,0.0,0.042,0.042,,,,,,,/Users/christiankauten/Documents/Projects/Rack/plugins/Fourier/.build/spec012/confirm-03-transitions/workload-0007-repeat-01.csv,36935506cd403aa0ab4d5fe026eff4129bf465b18e0017b41fddbc42f1b6b961
3aeff8d50243a034,m1-pro-16gb-local,9ae1f56a99880d85043135f064e6ef84916624a1081b5acbb397c504e0831546,aligned,pffft-scheduled-batch-float,64,0,0,37,1,37,0,128,callback,48000,0,startup,True,interactive-v1,1,0,spec012-confirm-03,2,32.885979729729726,ns/engine-sample,37,2368,0.04933333333333333,64,77874.0,77.874,2292.0,2459.0,4625.0,4625.0,2.292,2.459,4.625,4.625,1333.3333333333333,0,0.0,0.042,0.042,,,,,,,/Users/christiankauten/Documents/Projects/Rack/plugins/Fourier/.build/spec012/confirm-03-transitions/workload-0007-repeat-02.csv,dbc0e14c39ff5bca1a44e1c31a3154dbf5d73d769ccb0f36d710d7502f3a75c2
3aeff8d50243a034,m1-pro-16gb-local,ba4913ffc3c0811738b90aeadfe1f586aab8d22505b4309256a082c360bfa4cb,aligned,pffft-hybrid-float,64,0,0,1024,1,1024,0,2048,callback,48000,0,startup,False,interactive-v1,1,0,spec012-confirm-01,0,32.96043395996094,ns/engine-sample,1024,65536,1.3653333333333333,100,2160095.0,2160.095,1750.0,3959.0,9625.0,42625.0,1.75,3.959,9.625,42.625,1333.3333333333333,0,0.0,0.042,0.042,,,,,,,/Users/christiankauten/Documents/Projects/Rack/plugins/Fourier/.build/spec012/confirm-01-transitions/workload-0012-repeat-00.csv,eb596677f730011c561a5055fefa338b0847178dd10bfa557f6e1b10d96ce7ad
3aeff8d50243a034,m1-pro-16gb-local,ba4913ffc3c0811738b90aeadfe1f586aab8d22505b4309256a082c360bfa4cb,aligned,pffft-hybrid-float,64,0,0,1024,1,1024,0,2048,callback,48000,0,startup,False,interactive-v1,1,0,spec012-confirm-01,1,32.97172546386719,ns/engine-sample,1024,65536,1.3653333333333333,100,2160835.0,2160.835,1750.0,3875.0,13000.0,50500.0,1.75,3.875,13.0,50.5,1333.3333333333333,0,0.0,0.042,0.042,,,,,,,/Users/christiankauten/Documents/Projects/Rack/plugins/Fourier/.build/spec012/confirm-01-transitions/workload-0012-repeat-01.csv,4f410e6ad15ddb330f263aa5ba6704c3d731af99aec2806ee4ce9cbdc465b0f6
3aeff8d50243a034,m1-pro-16gb-local,ba4913ffc3c0811738b90aeadfe1f586aab8d22505b4309256a082c360bfa4cb,aligned,pffft-hybrid-float,64,0,0,1024,1,1024,0,2048,callback,48000,0,startup,False,interactive-v1,1,0,spec012-confirm-01,2,32.80963134765625,ns/engine-sample,1024,65536,1.3653333333333333,100,2150212.0,2150.212,1750.0,3833.0,12666.0,49792.0,1.75,3.833,12.666,49.792,1333.3333333333333,0,0.0,0.042,0.042,,,,,,,/Users/christiankauten/Documents/Projects/Rack/plugins/Fourier/.build/spec012/confirm-01-transitions/workload-0012-repeat-02.csv,554daea3d2a609c846b611a4a48f21dcf5e9bf09e292c3add19817f342ae16a3
3aeff8d50243a034,m1-pro-16gb-local,ba4913ffc3c0811738b90aeadfe1f586aab8d22505b4309256a082c360bfa4cb,aligned,pffft-hybrid-float,64,0,0,1024,1,1024,0,2048,callback,48000,0,startup,False,interactive-v1,1,0,spec012-confirm-02,0,32.63652038574219,ns/engine-sample,1024,65536,1.3653333333333333,100,2138867.0,2138.867,1750.0,3834.0,9000.0,43209.0,1.75,3.834,9.0,43.209,1333.3333333333333,0,0.0,0.042,0.042,,,,,,,/Users/christiankauten/Documents/Projects/Rack/plugins/Fourier/.build/spec012/confirm-02-transitions/workload-0012-repeat-00.csv,d252cead4c94923e4ef6a2cc8254faa642431bb3840d4e8530026993e09ec954
3aeff8d50243a034,m1-pro-16gb-local,ba4913ffc3c0811738b90aeadfe1f586aab8d22505b4309256a082c360bfa4cb,aligned,pffft-hybrid-float,64,0,0,1024,1,1024,0,2048,callback,48000,0,startup,False,interactive-v1,1,0,spec012-confirm-02,1,32.66217041015625,ns/engine-sample,1024,65536,1.3653333333333333,100,2140548.0,2140.548,1750.0,3959.0,12791.0,41250.0,1.75,3.959,12.791,41.25,1333.3333333333333,0,0.0,0.042,0.042,,,,,,,/Users/christiankauten/Documents/Projects/Rack/plugins/Fourier/.build/spec012/confirm-02-transitions/workload-0012-repeat-01.csv,79dad35a9fd763ea0a52e3ce6871ca0e7ff5f803e397f361c711d787c298ab46
3aeff8d50243a034,m1-pro-16gb-local,ba4913ffc3c0811738b90aeadfe1f586aab8d22505b4309256a082c360bfa4cb,aligned,pffft-hybrid-float,64,0,0,1024,1,1024,0,2048,callback,48000,0,startup,False,interactive-v1,1,0,spec012-confirm-02,2,32.86549377441406,ns/engine-sample,1024,65536,1.3653333333333333,100,2153873.0,2153.873,1750.0,3875.0,13167.0,51083.0,1.75,3.875,13.167,51.083,1333.3333333333333,0,0.0,0.042,0.125,,,,,,,/Users/christiankauten/Documents/Projects/Rack/plugins/Fourier/.build/spec012/confirm-02-transitions/workload-0012-repeat-02.csv,0efcc49fa971625646c82e6e857cc5acf0370a226856d0324f24ce8cad59c0f9
3aeff8d50243a034,m1-pro-16gb-local,ba4913ffc3c0811738b90aeadfe1f586aab8d22505b4309256a082c360bfa4cb,aligned,pffft-hybrid-float,64,0,0,1024,1,1024,0,2048,callback,48000,0,startup,False,interactive-v1,1,0,spec012-confirm-03,0,32.55255126953125,ns/engine-sample,1024,65536,1.3653333333333333,100,2133364.0,2133.364,1750.0,3875.0,9583.0,40334.0,1.75,3.875,9.583,40.334,1333.3333333333333,0,0.0,0.042,0.042,,,,,,,/Users/christiankauten/Documents/Projects/Rack/plugins/Fourier/.build/spec012/confirm-03-transitions/workload-0012-repeat-00.csv,59046c3769499e8fea6ebf7ef77e38aca5dd48d31a4d25dfd7f508367429293f
3aeff8d50243a034,m1-pro-16gb-local,ba4913ffc3c0811738b90aeadfe1f586aab8d22505b4309256a082c360bfa4cb,aligned,pffft-hybrid-float,64,0,0,1024,1,1024,0,2048,callback,48000,0,startup,False,interactive-v1,1,0,spec012-confirm-03,1,33.03277587890625,ns/engine-sample,1024,65536,1.3653333333333333,100,2164836.0,2164.836,1750.0,3875.0,9292.0,68750.0,1.75,3.875,9.292,68.75,1333.3333333333333,0,0.0,0.042,0.042,,,,,,,/Users/christiankauten/Documents/Projects/Rack/plugins/Fourier/.build/spec012/confirm-03-transitions/workload-0012-repeat-01.csv,253e02fe7d086c2f27873d9e48beca5bea33f28c919f37eebdf3674172d8f313
3aeff8d50243a034,m1-pro-16gb-local,ba4913ffc3c0811738b90aeadfe1f586aab8d22505b4309256a082c360bfa4cb,aligned,pffft-hybrid-float,64,0,0,1024,1,1024,0,2048,callback,48000,0,startup,False,interactive-v1,1,0,spec012-confirm-03,2,33.199310302734375,ns/engine-sample,1024,65536,1.3653333333333333,100,2175750.0,2175.75,1750.0,3833.0,7125.0,67000.0,1.75,3.833,7.125,67.0,1333.3333333333333,0,0.0,0.042,0.042,,,,,,,/Users/christiankauten/Documents/Projects/Rack/plugins/Fourier/.build/spec012/confirm-03-transitions/workload-0012-repeat-02.csv,093d7fa4d253c8a3f22084162e79e970ceac1a65bc01649c0df023b017b5280a
3aeff8d50243a034,m1-pro-16gb-local,cd03870a682eac289f016e41b821d847234f3b75cb944ca15b75f10f5a9c4437,aligned,core-double,64,0,0,37,1,37,0,128,callback,48000,0,startup,False,interactive-v1,1,0,spec012-confirm-01,0,53.2808277027027,ns/engine-sample,37,2368,0.04933333333333333,102,126169.0,126.169,2875.0,11000.0,16250.0,16250.0,2.875,11.0,16.25,16.25,1333.3333333333333,0,0.0,0.042,0.042,,,,,,,/Users/christiankauten/Documents/Projects/Rack/plugins/Fourier/.build/spec012/confirm-01-transitions/workload-0002-repeat-00.csv,0e7d23a531da8fd99e5887e3fb3b7eb3951d40a5baae2427c8040491df1c138c
3aeff8d50243a034,m1-pro-16gb-local,cd03870a682eac289f016e41b821d847234f3b75cb944ca15b75f10f5a9c4437,aligned,core-double,64,0,0,37,1,37,0,128,callback,48000,0,startup,False,interactive-v1,1,0,spec012-confirm-01,1,56.957347972972975,ns/engine-sample,37,2368,0.04933333333333333,102,134875.0,134.875,3084.0,12166.0,17125.0,17125.0,3.084,12.166,17.125,17.125,1333.3333333333333,0,0.0,0.042,0.083,,,,,,,/Users/christiankauten/Documents/Projects/Rack/plugins/Fourier/.build/spec012/confirm-01-transitions/workload-0002-repeat-01.csv,fba24fbee929fa45de52af70094950e5c3a4f0c0895a5f3621cfd4e56fdf13fb
3aeff8d50243a034,m1-pro-16gb-local,cd03870a682eac289f016e41b821d847234f3b75cb944ca15b75f10f5a9c4437,aligned,core-double,64,0,0,37,1,37,0,128,callback,48000,0,startup,False,interactive-v1,1,0,spec012-confirm-01,2,53.245777027027025,ns/engine-sample,37,2368,0.04933333333333333,102,126086.0,126.086,2875.0,11250.0,16250.0,16250.0,2.875,11.25,16.25,16.25,1333.3333333333333,0,0.0,0.042,0.042,,,,,,,/Users/christiankauten/Documents/Projects/Rack/plugins/Fourier/.build/spec012/confirm-01-transitions/workload-0002-repeat-02.csv,116878cf15c0cf80006403408cfe2c2caba9e0a22d7a6d960ffb46416abe1815
3aeff8d50243a034,m1-pro-16gb-local,cd03870a682eac289f016e41b821d847234f3b75cb944ca15b75f10f5a9c4437,aligned,core-double,64,0,0,37,1,37,0,128,callback,48000,0,startup,False,interactive-v1,1,0,spec012-confirm-02,0,53.454391891891895,ns/engine-sample,37,2368,0.04933333333333333,102,126580.0,126.58,2875.0,11208.0,16208.0,16208.0,2.875,11.208,16.208,16.208,1333.3333333333333,0,0.0,0.042,0.042,,,,,,,/Users/christiankauten/Documents/Projects/Rack/plugins/Fourier/.build/spec012/confirm-02-transitions/workload-0002-repeat-00.csv,69b565ac15468c89f1977234d565b32bc29b0c4b3cabd1ca7c21879cc600aa8c
3aeff8d50243a034,m1-pro-16gb-local,cd03870a682eac289f016e41b821d847234f3b75cb944ca15b75f10f5a9c4437,aligned,core-double,64,0,0,37,1,37,0,128,callback,48000,0,startup,False,interactive-v1,1,0,spec012-confirm-02,1,53.36824324324324,ns/engine-sample,37,2368,0.04933333333333333,102,126376.0,126.376,2875.0,11292.0,16209.0,16209.0,2.875,11.292,16.209,16.209,1333.3333333333333,0,0.0,0.042,0.042,,,,,,,/Users/christiankauten/Documents/Projects/Rack/plugins/Fourier/.build/spec012/confirm-02-transitions/workload-0002-repeat-01.csv,8656baad9a7db2899e0d658337265e1eab5b58c174a26769d8c384f63d523cd6
3aeff8d50243a034,m1-pro-16gb-local,cd03870a682eac289f016e41b821d847234f3b75cb944ca15b75f10f5a9c4437,aligned,core-double,64,0,0,37,1,37,0,128,callback,48000,0,startup,False,interactive-v1,1,0,spec012-confirm-02,2,53.279560810810814,ns/engine-sample,37,2368,0.04933333333333333,102,126166.0,126.166,2875.0,11334.0,16208.0,16208.0,2.875,11.334,16.208,16.208,1333.3333333333333,0,0.0,0.042,0.042,,,,,,,/Users/christiankauten/Documents/Projects/Rack/plugins/Fourier/.build/spec012/confirm-02-transitions/workload-0002-repeat-02.csv,78a0a9b16faa189839d1df85e7907be4625692471b1b8177bbbf74ba3b2ffbaf
3aeff8d50243a034,m1-pro-16gb-local,cd03870a682eac289f016e41b821d847234f3b75cb944ca15b75f10f5a9c4437,aligned,core-double,64,0,0,37,1,37,0,128,callback,48000,0,startup,False,interactive-v1,1,0,spec012-confirm-03,0,53.913851351351354,ns/engine-sample,37,2368,0.04933333333333333,102,127668.0,127.668,2916.0,11084.0,16417.0,16417.0,2.916,11.084,16.417,16.417,1333.3333333333333,0,0.0,0.042,0.042,,,,,,,/Users/christiankauten/Documents/Projects/Rack/plugins/Fourier/.build/spec012/confirm-03-transitions/workload-0002-repeat-00.csv,91bf3681bdce4d199d56b8e1d1b778920b423188e50747b5243fd5da411dddc8
3aeff8d50243a034,m1-pro-16gb-local,cd03870a682eac289f016e41b821d847234f3b75cb944ca15b75f10f5a9c4437,aligned,core-double,64,0,0,37,1,37,0,128,callback,48000,0,startup,False,interactive-v1,1,0,spec012-confirm-03,1,53.439611486486484,ns/engine-sample,37,2368,0.04933333333333333,102,126545.0,126.545,2875.0,10958.0,16334.0,16334.0,2.875,10.958,16.334,16.334,1333.3333333333333,0,0.0,0.042,0.042,,,,,,,/Users/christiankauten/Documents/Projects/Rack/plugins/Fourier/.build/spec012/confirm-03-transitions/workload-0002-repeat-01.csv,45df509935689cbffdd22a7df28e595d97d101047f1b86d202c5e15a715c6d8e
3aeff8d50243a034,m1-pro-16gb-local,cd03870a682eac289f016e41b821d847234f3b75cb944ca15b75f10f5a9c4437,aligned,core-double,64,0,0,37,1,37,0,128,callback,48000,0,startup,False,interactive-v1,1,0,spec012-confirm-03,2,56.62119932432432,ns/engine-sample,37,2368,0.04933333333333333,102,134079.0,134.079,3000.0,11875.0,17250.0,17250.0,3.0,11.875,17.25,17.25,1333.3333333333333,0,0.0,0.042,0.042,,,,,,,/Users/christiankauten/Documents/Projects/Rack/plugins/Fourier/.build/spec012/confirm-03-transitions/workload-0002-repeat-02.csv,3af4f5a6287a33861f9d462128ecfacc3407678951f73f2d7a76884e68f293da
3aeff8d50243a034,m1-pro-16gb-local,e849e7412d217831796b07991f4e9a57798aae4ccee8080ada0e026cf8739f6b,aligned,pffft-hybrid-float,64,0,0,37,1,37,0,128,callback,48000,0,startup,True,interactive-v1,1,0,spec012-confirm-01,0,29.08572635135135,ns/engine-sample,37,2368,0.04933333333333333,64,68875.0,68.875,1792.0,2000.0,4667.0,4667.0,1.792,2.0,4.667,4.667,1333.3333333333333,0,0.0,0.042,0.042,,,,,,,/Users/christiankauten/Documents/Projects/Rack/plugins/Fourier/.build/spec012/confirm-01-transitions/workload-0005-repeat-00.csv,3553210b5035184b558520b0757e38a36d560fa705d36fa81a9474e8456e42ca
3aeff8d50243a034,m1-pro-16gb-local,e849e7412d217831796b07991f4e9a57798aae4ccee8080ada0e026cf8739f6b,aligned,pffft-hybrid-float,64,0,0,37,1,37,0,128,callback,48000,0,startup,True,interactive-v1,1,0,spec012-confirm-01,1,29.032094594594593,ns/engine-sample,37,2368,0.04933333333333333,64,68748.0,68.748,1792.0,1958.0,4459.0,4459.0,1.792,1.958,4.459,4.459,1333.3333333333333,0,0.0,0.042,0.042,,,,,,,/Users/christiankauten/Documents/Projects/Rack/plugins/Fourier/.build/spec012/confirm-01-transitions/workload-0005-repeat-01.csv,8ebbca5d465da781ffc2a84b4dab1a5a0333fffc241207675c64b0c83e7b6577
3aeff8d50243a034,m1-pro-16gb-local,e849e7412d217831796b07991f4e9a57798aae4ccee8080ada0e026cf8739f6b,aligned,pffft-hybrid-float,64,0,0,37,1,37,0,128,callback,48000,0,startup,True,interactive-v1,1,0,spec012-confirm-01,2,29.41891891891892,ns/engine-sample,37,2368,0.04933333333333333,64,69664.0,69.664,1833.0,2000.0,4708.0,4708.0,1.833,2.0,4.708,4.708,1333.3333333333333,0,0.0,0.042,0.042,,,,,,,/Users/christiankauten/Documents/Projects/Rack/plugins/Fourier/.build/spec012/confirm-01-transitions/workload-0005-repeat-02.csv,8a79e310a85308149eacd55551da27c1420897fa47e8fbc81860ac59dab0203b
3aeff8d50243a034,m1-pro-16gb-local,e849e7412d217831796b07991f4e9a57798aae4ccee8080ada0e026cf8739f6b,aligned,pffft-hybrid-float,64,0,0,37,1,37,0,128,callback,48000,0,startup,True,interactive-v1,1,0,spec012-confirm-02,0,29.121199324324323,ns/engine-sample,37,2368,0.04933333333333333,64,68959.0,68.959,1792.0,2000.0,4709.0,4709.0,1.792,2.0,4.709,4.709,1333.3333333333333,0,0.0,0.042,0.042,,,,,,,/Users/christiankauten/Documents/Projects/Rack/plugins/Fourier/.build/spec012/confirm-02-transitions/workload-0005-repeat-00.csv,c2a939cd230071ad7522a5c144a03797f38080174536e2dd640f63948e660cd0
3aeff8d50243a034,m1-pro-16gb-local,e849e7412d217831796b07991f4e9a57798aae4ccee8080ada0e026cf8739f6b,aligned,pffft-hybrid-float,64,0,0,37,1,37,0,128,callback,48000,0,startup,True,interactive-v1,1,0,spec012-confirm-02,1,29.208614864864863,ns/engine-sample,37,2368,0.04933333333333333,64,69166.0,69.166,1792.0,1959.0,4750.0,4750.0,1.792,1.959,4.75,4.75,1333.3333333333333,0,0.0,0.042,0.042,,,,,,,/Users/christiankauten/Documents/Projects/Rack/plugins/Fourier/.build/spec012/confirm-02-transitions/workload-0005-repeat-01.csv,6b1640240408b377296aec3fb1dad230fc4c0bf62a3c1472d3890961cfd92460
3aeff8d50243a034,m1-pro-16gb-local,e849e7412d217831796b07991f4e9a57798aae4ccee8080ada0e026cf8739f6b,aligned,pffft-hybrid-float,64,0,0,37,1,37,0,128,callback,48000,0,startup,True,interactive-v1,1,0,spec012-confirm-02,2,29.577280405405407,ns/engine-sample,37,2368,0.04933333333333333,64,70039.0,70.039,1833.0,1958.0,5000.0,5000.0,1.833,1.958,5.0,5.0,1333.3333333333333,0,0.0,0.042,0.042,,,,,,,/Users/christiankauten/Documents/Projects/Rack/plugins/Fourier/.build/spec012/confirm-02-transitions/workload-0005-repeat-02.csv,a0477d0106bb5bca8d4eb5ebf43cc7f59527c8099a3e746472d82e9461100261
3aeff8d50243a034,m1-pro-16gb-local,e849e7412d217831796b07991f4e9a57798aae4ccee8080ada0e026cf8739f6b,aligned,pffft-hybrid-float,64,0,0,37,1,37,0,128,callback,48000,0,startup,True,interactive-v1,1,0,spec012-confirm-03,0,29.349239864864863,ns/engine-sample,37,2368,0.04933333333333333,64,69499.0,69.499,1792.0,2000.0,5042.0,5042.0,1.792,2.0,5.042,5.042,1333.3333333333333,0,0.0,0.042,0.042,,,,,,,/Users/christiankauten/Documents/Projects/Rack/plugins/Fourier/.build/spec012/confirm-03-transitions/workload-0005-repeat-00.csv,4d767ba3d71c45f0623fb36389d29f5b43844dfc2c412275070c0d1ca7eddb9f
3aeff8d50243a034,m1-pro-16gb-local,e849e7412d217831796b07991f4e9a57798aae4ccee8080ada0e026cf8739f6b,aligned,pffft-hybrid-float,64,0,0,37,1,37,0,128,callback,48000,0,startup,True,interactive-v1,1,0,spec012-confirm-03,1,29.138513513513512,ns/engine-sample,37,2368,0.04933333333333333,64,69000.0,69.0,1792.0,2000.0,4542.0,4542.0,1.792,2.0,4.542,4.542,1333.3333333333333,0,0.0,0.042,0.042,,,,,,,/Users/christiankauten/Documents/Projects/Rack/plugins/Fourier/.build/spec012/confirm-03-transitions/workload-0005-repeat-01.csv,a7dd36d224dcf5d5e8bccde2db222cabe3979a1f2aada43ead9bc54ae95bb31e
3aeff8d50243a034,m1-pro-16gb-local,e849e7412d217831796b07991f4e9a57798aae4ccee8080ada0e026cf8739f6b,aligned,pffft-hybrid-float,64,0,0,37,1,37,0,128,callback,48000,0,startup,True,interactive-v1,1,0,spec012-confirm-03,2,29.314611486486488,ns/engine-sample,37,2368,0.04933333333333333,64,69417.0,69.417,1792.0,2042.0,4875.0,4875.0,1.792,2.042,4.875,4.875,1333.3333333333333,0,0.0,0.042,0.042,,,,,,,/Users/christiankauten/Documents/Projects/Rack/plugins/Fourier/.build/spec012/confirm-03-transitions/workload-0005-repeat-02.csv,0cbaf830e553a2f848b148f158870b9907b12a5790704a5c3a589eee27997729
3aeff8d50243a034,m1-pro-16gb-local,ebb948e06a0185f235fbe3af7eb34d56e80fa7ffa52cd7267e8b1838baef72e7,aligned,pffft-scheduled-batch-float,64,0,0,37,1,37,0,128,callback,48000,0,startup,False,interactive-v1,1,0,spec012-confirm-01,0,61.779138513513516,ns/engine-sample,37,2368,0.04933333333333333,103,146293.0,146.293,3417.0,10125.0,20750.0,20750.0,3.417,10.125,20.75,20.75,1333.3333333333333,0,0.0,0.042,0.042,,,,,,,/Users/christiankauten/Documents/Projects/Rack/plugins/Fourier/.build/spec012/confirm-01-transitions/workload-0006-repeat-00.csv,e1adea95dafc390a6dc73d83bf9c2c2fcdd81155ba36478f589817197a303788
3aeff8d50243a034,m1-pro-16gb-local,ebb948e06a0185f235fbe3af7eb34d56e80fa7ffa52cd7267e8b1838baef72e7,aligned,pffft-scheduled-batch-float,64,0,0,37,1,37,0,128,callback,48000,0,startup,False,interactive-v1,1,0,spec012-confirm-01,1,62.288851351351354,ns/engine-sample,37,2368,0.04933333333333333,103,147500.0,147.5,3375.0,9917.0,21333.0,21333.0,3.375,9.917,21.333,21.333,1333.3333333333333,0,0.0,0.042,0.042,,,,,,,/Users/christiankauten/Documents/Projects/Rack/plugins/Fourier/.build/spec012/confirm-01-transitions/workload-0006-repeat-01.csv,a64b5283b54c3361ce3c7fe36fd33cf7ef21ebb193e361132b69214613dbb7ba
3aeff8d50243a034,m1-pro-16gb-local,ebb948e06a0185f235fbe3af7eb34d56e80fa7ffa52cd7267e8b1838baef72e7,aligned,pffft-scheduled-batch-float,64,0,0,37,1,37,0,128,callback,48000,0,startup,False,interactive-v1,1,0,spec012-confirm-01,2,61.6566722972973,ns/engine-sample,37,2368,0.04933333333333333,103,146003.0,146.003,3375.0,9875.0,20709.0,20709.0,3.375,9.875,20.709,20.709,1333.3333333333333,0,0.0,0.042,0.042,,,,,,,/Users/christiankauten/Documents/Projects/Rack/plugins/Fourier/.build/spec012/confirm-01-transitions/workload-0006-repeat-02.csv,67fa811436c8f86d56fa156e6a639af0ed3c4636271968771c1280dd3366424d
3aeff8d50243a034,m1-pro-16gb-local,ebb948e06a0185f235fbe3af7eb34d56e80fa7ffa52cd7267e8b1838baef72e7,aligned,pffft-scheduled-batch-float,64,0,0,37,1,37,0,128,callback,48000,0,startup,False,interactive-v1,1,0,spec012-confirm-02,0,61.795185810810814,ns/engine-sample,37,2368,0.04933333333333333,103,146331.0,146.331,3334.0,9875.0,20750.0,20750.0,3.334,9.875,20.75,20.75,1333.3333333333333,0,0.0,0.042,0.042,,,,,,,/Users/christiankauten/Documents/Projects/Rack/plugins/Fourier/.build/spec012/confirm-02-transitions/workload-0006-repeat-00.csv,ff7553a062cb14f326e3151b9be471b9f7db9f5e38d25b74a1ad241c95eb3008
3aeff8d50243a034,m1-pro-16gb-local,ebb948e06a0185f235fbe3af7eb34d56e80fa7ffa52cd7267e8b1838baef72e7,aligned,pffft-scheduled-batch-float,64,0,0,37,1,37,0,128,callback,48000,0,startup,False,interactive-v1,1,0,spec012-confirm-02,1,62.676097972972975,ns/engine-sample,37,2368,0.04933333333333333,103,148417.0,148.417,3334.0,9917.0,20666.0,20666.0,3.334,9.917,20.666,20.666,1333.3333333333333,0,0.0,0.042,0.042,,,,,,,/Users/christiankauten/Documents/Projects/Rack/plugins/Fourier/.build/spec012/confirm-02-transitions/workload-0006-repeat-01.csv,eb4ce665c27eb0fa3225a397340cefc2defda79d55ee3a3c53229f4db0213393
3aeff8d50243a034,m1-pro-16gb-local,ebb948e06a0185f235fbe3af7eb34d56e80fa7ffa52cd7267e8b1838baef72e7,aligned,pffft-scheduled-batch-float,64,0,0,37,1,37,0,128,callback,48000,0,startup,False,interactive-v1,1,0,spec012-confirm-02,2,62.27195945945946,ns/engine-sample,37,2368,0.04933333333333333,103,147460.0,147.46,3500.0,10000.0,20667.0,20667.0,3.5,10.0,20.667,20.667,1333.3333333333333,0,0.0,0.042,0.042,,,,,,,/Users/christiankauten/Documents/Projects/Rack/plugins/Fourier/.build/spec012/confirm-02-transitions/workload-0006-repeat-02.csv,28ce40d8effe27219a8306aea9ca5668ad7d8c478603c931930dcc6f0a23b716
3aeff8d50243a034,m1-pro-16gb-local,ebb948e06a0185f235fbe3af7eb34d56e80fa7ffa52cd7267e8b1838baef72e7,aligned,pffft-scheduled-batch-float,64,0,0,37,1,37,0,128,callback,48000,0,startup,False,interactive-v1,1,0,spec012-confirm-03,0,62.992398648648646,ns/engine-sample,37,2368,0.04933333333333333,103,149166.0,149.166,3750.0,9792.0,20667.0,20667.0,3.75,9.792,20.667,20.667,1333.3333333333333,0,0.0,0.042,0.042,,,,,,,/Users/christiankauten/Documents/Projects/Rack/plugins/Fourier/.build/spec012/confirm-03-transitions/workload-0006-repeat-00.csv,5bb7d1f74efc9661c0ba258e2bd91990396c6f2684de3f39330ec2ec9fc7cd33
3aeff8d50243a034,m1-pro-16gb-local,ebb948e06a0185f235fbe3af7eb34d56e80fa7ffa52cd7267e8b1838baef72e7,aligned,pffft-scheduled-batch-float,64,0,0,37,1,37,0,128,callback,48000,0,startup,False,interactive-v1,1,0,spec012-confirm-03,1,61.848395270270274,ns/engine-sample,37,2368,0.04933333333333333,103,146457.0,146.457,3292.0,9875.0,20708.0,20708.0,3.292,9.875,20.708,20.708,1333.3333333333333,0,0.0,0.042,0.042,,,,,,,/Users/christiankauten/Documents/Projects/Rack/plugins/Fourier/.build/spec012/confirm-03-transitions/workload-0006-repeat-01.csv,731875aae3242e479305ae3563da6795be86862e1aa2e1566716ddbc0baf0343
3aeff8d50243a034,m1-pro-16gb-local,ebb948e06a0185f235fbe3af7eb34d56e80fa7ffa52cd7267e8b1838baef72e7,aligned,pffft-scheduled-batch-float,64,0,0,37,1,37,0,128,callback,48000,0,startup,False,interactive-v1,1,0,spec012-confirm-03,2,61.901182432432435,ns/engine-sample,37,2368,0.04933333333333333,103,146582.0,146.582,3375.0,9875.0,20833.0,20833.0,3.375,9.875,20.833,20.833,1333.3333333333333,0,0.0,0.042,0.042,,,,,,,/Users/christiankauten/Documents/Projects/Rack/plugins/Fourier/.build/spec012/confirm-03-transitions/workload-0006-repeat-02.csv,8d5004f6482376d92abad56b3d6ed292360ab7549257e214fee652a11d90fdb4
